row_id,brand_name,model,price_segment,price,rating,has_5g,has_nfc,has_ir_blaster,processor_name,processor_brand,num_cores,processor_speed,performance_score,battery_capacity,battery_score,battery_density,battery_type,fast_charging_available,fast_charging,ram_capacity,memory_power,ram_category,internal_memory,storage_category,screen_size,screen_category,display_score,refresh_rate,resolution_width,resolution_height,pixel_per_inches,resolution_type,num_rear_cameras,num_front_cameras,primary_rear_camera_mp,primary_front_camera_mp,total_camera_mp,camera_score,os,extended_memory,extended_upto,model_display,fast_charging_w
0,oneplus,OnePlus 11 5G,Premium,54999,89,True,True,False,snapdragon 8 gen2,snapdragon,8,3,25,5000,500000,746,Large,True,100,12,3072,High RAM,256,High,6,Large,63110,120,1440,3216,525,Ultra HD,3,1,50,16,66,150,android,False,0,OnePlus 11 5G,100.0
1,oneplus,OnePlus Nord CE 2 Lite 5G,Budget,19989,81,True,False,False,snapdragon 695,snapdragon,8,2,17,5000,165000,758,Large,True,33,6,768,Standard,128,Medium,6,Large,48122,120,1080,2412,401,Ultra HD,3,1,64,16,80,192,android,True,1024,OnePlus Nord CE 2 Lite 5G,33.0
2,samsung,Samsung Galaxy A14 5G,Budget,16499,75,True,False,False,exynos 1330,exynos,8,2,19,5000,75000,757,Large,True,15,4,256,Low RAM,64,Low,6,Large,35987,90,1080,2408,399,Ultra HD,3,1,50,13,63,150,android,True,1024,Samsung Galaxy A14 5G,15.0
3,motorola,Motorola Moto G62 5G,Budget,14999,81,True,False,False,snapdragon 695,snapdragon,8,2,17,5000,0,763,Large,True,0,6,768,Standard,128,Medium,6,Large,48216,120,1080,2400,401,Ultra HD,3,1,50,16,66,150,android,True,1024,Motorola Moto G62 5G,
4,realme,Realme 10 Pro Plus,Mid-range,24999,82,True,False,False,dimensity 1080,dimensity,8,2,20,5000,335000,746,Large,True,67,6,768,Standard,128,Medium,6,Large,47332,120,1080,2412,394,Ultra HD,3,1,108,16,124,324,android,False,0,Realme 10 Pro Plus,67.0
5,samsung,Samsung Galaxy F23 5G (6GB RAM + 128GB),Budget,16999,80,True,True,False,snapdragon 750g,snapdragon,8,2,17,5000,125000,757,Large,True,25,6,768,Standard,128,Medium,6,Large,47983,120,1080,2408,399,Ultra HD,3,1,50,8,58,150,android,True,1024,Samsung Galaxy F23 5G (6GB RAM + 128GB),25.0
6,apple,Apple iPhone 14,Premium,65999,81,True,True,False,bionic a15,bionic,6,3,19,3279,0,537,Small,True,0,6,768,Standard,128,Medium,6,Medium,27435,60,1170,2532,457,Ultra HD,2,1,12,12,24,24,ios,False,0,Apple iPhone 14,
7,xiaomi,Xiaomi Redmi Note 12 Pro Plus,Mid-range,29999,86,True,False,True,dimensity 1080,dimensity,8,2,20,4980,597600,746,Medium,True,120,8,2048,Standard,256,High,6,Large,47348,120,1080,2400,394,Ultra HD,3,1,200,16,216,600,android,False,0,Xiaomi Redmi Note 12 Pro Plus,120.0
8,nothing,Nothing Phone 1,Mid-range,26749,85,True,True,False,snapdragon 778g plus,snapdragon,8,2,20,4500,148500,687,Medium,True,33,8,1024,Standard,128,Medium,6,Large,48216,120,1080,2400,401,Ultra HD,2,1,50,16,66,100,android,False,0,Nothing Phone 1,33.0
9,oneplus,OnePlus Nord 2T 5G,Mid-range,28999,84,True,True,False,dimensity 1300,dimensity,8,3,24,4500,360000,699,Medium,True,80,8,1024,Standard,128,Medium,6,Medium,36837,90,1080,2400,409,Ultra HD,3,1,50,32,82,150,android,False,0,OnePlus Nord 2T 5G,80.0
10,realme,Realme 10 Pro,Budget,18999,82,True,False,False,snapdragon 695,snapdragon,8,2,17,5000,165000,744,Large,True,33,6,768,Standard,128,Medium,6,Large,46996,120,1080,2400,391,Ultra HD,2,1,108,16,124,216,android,True,1024,Realme 10 Pro,33.0
11,oppo,Oppo A78,Budget,18999,79,True,True,False,dimensity 700 5g,dimensity,8,2,17,5000,165000,762,Large,True,33,8,1024,Standard,128,Medium,6,Large,24221,90,720,1612,269,Full HD,2,1,50,8,58,100,android,True,256,Oppo A78,33.0
12,xiaomi,Xiaomi Redmi Note 12 Pro 5G,Mid-range,24762,79,True,False,True,dimensity 1080,dimensity,8,2,20,5000,335000,749,Large,True,67,6,768,Standard,128,Medium,6,Large,47348,120,1080,2400,394,Ultra HD,3,1,50,16,66,150,android,False,0,Xiaomi Redmi Note 12 Pro 5G,67.0
13,vivo,Vivo T1 5G (6GB RAM + 128GB),Budget,16990,80,True,False,False,snapdragon 695,snapdragon,8,2,17,5000,90000,759,Large,True,18,6,768,Standard,128,Medium,6,Large,48129,120,1080,2408,401,Ultra HD,3,1,50,16,66,150,android,True,1024,Vivo T1 5G (6GB RAM + 128GB),18.0
14,samsung,Samsung Galaxy S23 Ultra 5G,Premium,114990,79,True,True,False,snapdragon 8 gen2,snapdragon,8,3,25,5000,225000,735,Large,True,45,8,2048,Standard,256,High,6,Large,60127,120,1440,3088,501,Ultra HD,4,1,200,12,212,800,android,False,0,Samsung Galaxy S23 Ultra 5G,45.0
15,apple,Apple iPhone 13,Premium,62999,79,True,True,False,bionic a15,bionic,6,3,19,3240,0,531,Small,True,0,4,512,Low RAM,128,Medium,6,Medium,27435,60,1170,2532,457,Ultra HD,2,1,12,12,24,24,ios,False,0,Apple iPhone 13,
16,vivo,Vivo Y16,Budget,9999,65,False,False,False,helio p35,helio,8,2,18,5000,50000,768,Large,True,10,3,96,Low RAM,32,Low,6,Large,16170,60,720,1600,269,Full HD,2,1,13,5,18,26,android,True,256,Vivo Y16,10.0
17,oppo,OPPO Reno 9 Pro Plus,Premium,45999,86,True,True,False,snapdragon 8+ gen1,snapdragon,8,3,25,4700,376000,701,Medium,True,80,16,4096,High RAM,256,High,6,Large,47332,120,1080,2412,394,Ultra HD,3,1,50,32,82,150,android,False,0,OPPO Reno 9 Pro Plus,80.0
18,oneplus,OnePlus 10R 5G,Mid-range,32999,86,True,True,False,dimensity 8100 max,dimensity,8,2,22,5000,400000,746,Large,True,80,8,1024,Standard,128,Medium,6,Large,47332,120,1080,2412,394,Ultra HD,3,1,50,16,66,150,android,False,0,OnePlus 10R 5G,80.0
19,vivo,Vivo Y22,Budget,14499,72,False,False,False,helio g70,helio,8,2,16,5000,90000,763,Large,True,18,4,256,Low RAM,64,Low,6,Large,16172,60,720,1612,269,Full HD,2,1,50,8,58,100,android,True,1024,Vivo Y22,18.0
20,oneplus,OnePlus 11R,Mid-range,39999,85,True,True,False,snapdragon 8+ gen1,snapdragon,8,3,25,5000,500000,746,Large,True,100,8,1024,Standard,128,Medium,6,Large,47332,120,1080,2412,394,Ultra HD,3,1,50,16,66,150,android,False,0,OnePlus 11R,100.0
21,vivo,Vivo V25 Pro 5G,Mid-range,35999,85,True,False,False,dimensity 1300,dimensity,8,3,24,4830,318780,736,Medium,True,66,8,1024,Standard,128,Medium,6,Large,47742,120,1080,2376,397,Ultra HD,3,1,64,32,96,192,android,False,0,Vivo V25 Pro 5G,66.0
22,poco,Poco X4 Pro 5G,Budget,14999,80,True,False,True,snapdragon 695,snapdragon,8,2,17,5000,335000,749,Large,True,67,6,384,Standard,64,Low,6,Large,47348,120,1080,2400,394,Ultra HD,3,1,64,16,80,192,android,True,1024,Poco X4 Pro 5G,67.0
23,xiaomi,Xiaomi Redmi Note 12,Budget,17859,76,True,False,True,snapdragon 4 gen 1,snapdragon,8,2,16,5000,165000,749,Large,True,33,4,512,Low RAM,128,Medium,6,Large,47348,120,1080,2400,394,Ultra HD,3,1,48,13,61,144,android,True,1024,Xiaomi Redmi Note 12,33.0
24,vivo,Vivo V26 Pro,Premium,42990,87,True,True,False,dimensity 9000 plus,dimensity,8,3,25,4800,480000,716,Medium,True,100,12,3072,High RAM,256,High,6,Large,47136,120,1080,2400,392,Ultra HD,3,1,64,32,96,192,android,False,0,Vivo V26 Pro,100.0
25,samsung,Samsung Galaxy S20 FE 5G,Mid-range,31239,88,True,True,False,snapdragon 865,snapdragon,8,2,22,4500,0,692,Medium,True,0,8,1024,Standard,128,Medium,6,Large,48587,120,1080,2400,404,Ultra HD,3,1,12,32,44,36,android,True,256,Samsung Galaxy S20 FE 5G,
26,oneplus,OnePlus Nord CE 2 Lite 5G (8GB RAM + 128GB),Mid-range,21995,84,True,False,False,snapdragon 695,snapdragon,8,2,17,5000,165000,758,Large,True,33,8,1024,Standard,128,Medium,6,Large,48122,120,1080,2412,401,Ultra HD,3,1,64,16,80,192,android,True,1024,OnePlus Nord CE 2 Lite 5G (8GB RAM + 128GB),33.0
27,apple,Apple iPhone 14 Pro Max,Premium,129990,76,True,True,False,bionic a16,bionic,6,2,13,4323,0,645,Medium,True,0,6,768,Standard,128,Medium,6,Large,55150,120,1290,2796,459,Ultra HD,3,1,48,12,60,144,ios,False,0,Apple iPhone 14 Pro Max,
28,vivo,Vivo V25 5G,Mid-range,27999,83,True,False,False,dimensity 900,dimensity,8,2,16,4500,198000,698,Medium,True,44,8,1024,Standard,128,Medium,6,Medium,36881,90,1080,2408,409,Ultra HD,3,1,64,50,114,192,android,True,1024,Vivo V25 5G,44.0
29,oneplus,OnePlus 11 Pro,Premium,69999,84,True,True,False,snapdragon 8 gen2,snapdragon,8,3,25,4500,450000,671,Medium,True,100,8,1024,Standard,128,Medium,6,Large,63110,120,1440,3216,525,Ultra HD,3,1,50,16,66,150,android,False,0,OnePlus 11 Pro,100.0
30,realme,Realme 10 Pro (8GB RAM + 128GB),Budget,19999,84,True,False,False,snapdragon 695,snapdragon,8,2,17,5000,165000,744,Large,True,33,8,1024,Standard,128,Medium,6,Large,46996,120,1080,2400,391,Ultra HD,2,1,108,16,124,216,android,True,1024,Realme 10 Pro (8GB RAM + 128GB),33.0
31,poco,Poco X5 Pro,Mid-range,20999,81,True,True,True,snapdragon 778g,snapdragon,8,2,19,5000,335000,749,Large,True,67,6,768,Standard,128,Medium,6,Large,47348,120,1080,2400,394,Ultra HD,3,1,108,16,124,324,android,False,0,Poco X5 Pro,67.0
32,vivo,Vivo V27,Mid-range,27990,83,True,False,False,dimensity 930,dimensity,8,2,17,4700,314900,716,Medium,True,67,8,2048,Standard,256,High,6,Large,48142,120,1080,2400,401,Ultra HD,3,1,64,50,114,192,android,True,256,Vivo V27,67.0
33,apple,Apple iPhone 11,Mid-range,38999,73,False,True,False,a13 bionic,bionic,6,2,15,3110,-3110,509,Small,False,-1,4,256,Low RAM,64,Low,6,Medium,19416,60,828,1792,323,Full HD,2,1,12,12,24,24,ios,False,0,Apple iPhone 11,
34,samsung,Samsung Galaxy M53 5G,Mid-range,23790,85,True,False,False,dimensity 900 5g,dimensity,8,2,19,5000,125000,746,Large,True,25,6,768,Standard,128,Medium,6,Large,47136,120,1080,2400,392,Ultra HD,4,1,108,32,140,432,android,True,1024,Samsung Galaxy M53 5G,25.0
35,samsung,Samsung Galaxy S21 FE 5G,Mid-range,39999,87,True,True,False,exynos 2100,exynos,8,2,23,4500,112500,703,Medium,True,25,8,1024,Standard,128,Medium,6,Medium,48322,120,1080,2340,402,Ultra HD,3,1,12,32,44,36,android,False,0,Samsung Galaxy S21 FE 5G,25.0
36,oppo,Oppo Reno 8T,Mid-range,29990,87,True,True,False,snapdragon 695,snapdragon,8,2,17,5000,330000,749,Large,True,66,8,2048,Standard,256,High,6,Large,47348,120,1080,2400,394,Ultra HD,3,1,108,16,124,324,android,True,1024,Oppo Reno 8T,66.0
37,samsung,Samsung Galaxy S22 Ultra 5G,Premium,91999,79,True,True,False,snapdragon 8 gen1,snapdragon,8,3,24,5000,225000,735,Large,True,45,12,3072,High RAM,256,High,6,Large,60000,120,1440,3080,500,Ultra HD,4,1,108,40,148,432,android,False,0,Samsung Galaxy S22 Ultra 5G,45.0
38,xiaomi,Xiaomi Redmi Note 12 Pro Max 5G,Mid-range,32999,83,True,False,True,snapdragon 7 gen1,snapdragon,8,2,18,5200,1092000,779,Large,True,210,6,768,Standard,128,Medium,6,Large,48335,120,1080,2460,402,Ultra HD,4,1,108,32,140,432,android,True,512,Xiaomi Redmi Note 12 Pro Max 5G,210.0
39,oppo,OPPO Reno 9 5G,Mid-range,28499,83,True,True,False,snapdragon 778g,snapdragon,8,2,19,4500,301500,671,Medium,True,67,8,2048,Standard,256,High,6,Large,47332,120,1080,2412,394,Ultra HD,2,1,64,32,96,128,android,False,0,OPPO Reno 9 5G,67.0
40,oneplus,OnePlus Nord CE 3 5G,Mid-range,21999,83,True,True,False,snapdragon 695,snapdragon,8,2,17,5000,335000,746,Large,True,67,6,768,Standard,128,Medium,6,Large,47332,120,1080,2412,394,Ultra HD,3,1,108,16,124,324,android,True,1024,OnePlus Nord CE 3 5G,67.0
41,xiaomi,Xiaomi Redmi Note 11 Pro Plus 5G,Budget,19999,83,True,False,True,snapdragon 695,snapdragon,8,2,17,5000,335000,749,Large,True,67,6,768,Standard,128,Medium,6,Large,47348,120,1080,2400,394,Ultra HD,3,1,108,16,124,324,android,True,1024,Xiaomi Redmi Note 11 Pro Plus 5G,67.0
42,motorola,Motorola Edge 20 Fusion 5G,Budget,18999,87,True,True,False,dimensity 800u,dimensity,8,2,19,5000,150000,749,Large,True,30,6,768,Standard,128,Medium,6,Large,35511,90,1080,2400,394,Ultra HD,3,1,108,32,140,324,android,True,1024,Motorola Edge 20 Fusion 5G,30.0
43,realme,Realme 10 Pro Plus (8GB RAM + 256GB),Mid-range,27999,85,True,False,False,dimensity 1080,dimensity,8,2,20,5000,335000,746,Large,True,67,8,2048,Standard,256,High,6,Large,47332,120,1080,2412,394,Ultra HD,3,1,108,16,124,324,android,False,0,Realme 10 Pro Plus (8GB RAM + 256GB),67.0
44,vivo,Vivo Y35,Budget,18499,80,False,False,False,snapdragon 680,snapdragon,8,2,19,5000,220000,759,Large,True,44,8,1024,Standard,128,Medium,6,Large,36097,90,1080,2408,401,Ultra HD,3,1,50,16,66,150,android,True,1024,Vivo Y35,44.0
45,samsung,Samsung Galaxy M33 5G,Budget,17478,81,True,True,False,exynos 1280,exynos,8,2,19,6000,150000,909,Large,True,25,6,768,Standard,128,Medium,6,Large,47851,120,1080,2400,398,Ultra HD,4,1,50,8,58,200,android,True,1024,Samsung Galaxy M33 5G,25.0
46,xiaomi,Xiaomi Redmi Note 11,Budget,11936,76,False,False,True,snapdragon 680,snapdragon,8,2,19,5000,165000,777,Large,True,33,4,256,Low RAM,64,Low,6,Medium,36837,90,1080,2400,409,Ultra HD,4,1,50,13,63,200,android,True,512,Xiaomi Redmi Note 11,33.0
47,realme,Realme C33,Budget,8950,64,False,False,False,unisoc t612,unisoc,8,1,14,5000,-5000,769,Large,False,-1,3,96,Low RAM,32,Low,6,Large,16195,60,720,1600,269,Full HD,2,1,50,5,55,100,android,True,1024,Realme C33,
48,vivo,Vivo Y16 (4GB RAM + 64GB),Budget,12489,68,False,False,False,helio p35,helio,8,2,18,5000,50000,768,Large,True,10,4,256,Low RAM,64,Low,6,Large,16170,60,720,1600,269,Full HD,2,1,13,5,18,26,android,True,256,Vivo Y16 (4GB RAM + 64GB),10.0
49,samsung,Samsung Galaxy A74 5G,Premium,42999,79,True,True,False,snapdragon 7 gen1,snapdragon,8,2,18,5000,165000,746,Large,True,33,8,1024,Standard,128,Medium,6,Large,47332,120,1080,2412,394,Ultra HD,4,1,108,32,140,432,android,True,1024,Samsung Galaxy A74 5G,33.0
50,samsung,Samsung Galaxy A14 5G (6GB RAM + 128GB),Budget,18999,79,True,False,False,exynos 1330,exynos,8,2,19,5000,75000,757,Large,True,15,6,768,Standard,128,Medium,6,Large,35987,90,1080,2408,399,Ultra HD,3,1,50,13,63,150,android,True,1024,Samsung Galaxy A14 5G (6GB RAM + 128GB),15.0
51,iqoo,iQOO Neo 7 5G,Mid-range,29999,82,True,True,True,dimensity 8200,dimensity,8,3,24,5000,600000,737,Large,True,120,8,1024,Standard,128,Medium,6,Large,46580,120,1080,2400,388,Ultra HD,3,1,64,16,80,192,android,False,0,iQOO Neo 7 5G,120.0
52,jio,Jio JioPhone 5G,Budget,11990,64,True,False,False,snapdragon 480+,snapdragon,8,2,17,5000,90000,769,Large,True,18,4,128,Low RAM,32,Low,6,Large,24293,90,720,1600,269,Full HD,1,1,13,8,21,13,android,True,512,Jio JioPhone 5G,18.0
53,motorola,Motorola Moto G82 5G,Budget,18999,83,True,True,False,snapdragon 695,snapdragon,8,2,17,5000,150000,757,Large,True,30,6,768,Standard,128,Medium,6,Large,47851,120,1080,2400,398,Ultra HD,3,1,50,16,66,150,android,True,1024,Motorola Moto G82 5G,30.0
54,realme,Realme 10,Budget,13999,74,False,False,False,helio g99,helio,8,2,17,5000,165000,781,Large,True,33,4,256,Low RAM,64,Low,6,Medium,37009,90,1080,2400,411,Ultra HD,2,1,50,16,66,100,android,True,1024,Realme 10,33.0
55,realme,Realme 9i 5G,Budget,14965,75,True,False,False,dimensity 810 5g,dimensity,8,2,19,5000,90000,757,Large,True,18,4,256,Low RAM,64,Low,6,Large,35987,90,1080,2408,399,Ultra HD,3,1,50,8,58,150,android,True,1024,Realme 9i 5G,18.0
56,apple,Apple iPhone 14 Plus,Premium,74999,82,True,True,False,bionic a15,bionic,6,3,19,4325,0,645,Medium,True,0,6,768,Standard,128,Medium,6,Large,27406,60,1284,2778,456,Ultra HD,2,1,12,12,24,24,ios,False,0,Apple iPhone 14 Plus,
57,xiaomi,Xiaomi Redmi Note 10S,Budget,10999,78,False,False,True,helio g95,helio,8,2,16,5000,165000,777,Large,True,33,6,384,Standard,64,Low,6,Medium,24558,60,1080,2400,409,Ultra HD,4,1,64,13,77,256,android,True,512,Xiaomi Redmi Note 10S,33.0
58,samsung,Samsung Galaxy S23 Plus,Premium,84990,89,True,True,False,snapdragon 8 gen2,snapdragon,8,3,25,4700,211500,712,Medium,True,45,8,2048,Standard,256,High,6,Large,46858,120,1080,2340,390,Ultra HD,3,1,50,12,62,150,android,False,0,Samsung Galaxy S23 Plus,45.0
59,motorola,Motorola Moto G32,Budget,10499,75,False,False,False,snapdragon 680,snapdragon,8,2,19,5000,165000,763,Large,True,33,4,256,Low RAM,64,Low,6,Large,36162,90,1080,2400,401,Ultra HD,3,1,50,16,66,150,android,True,1024,Motorola Moto G32,33.0
60,xiaomi,Xiaomi Redmi Note 13 Pro 5G,Budget,17990,78,True,True,True,dimensity 720,dimensity,8,2,16,5000,335000,749,Large,True,67,6,768,Standard,128,Medium,6,Large,48335,120,1080,2460,402,Ultra HD,3,1,108,16,124,324,android,False,0,Xiaomi Redmi Note 13 Pro 5G,67.0
61,vivo,Vivo S16,Mid-range,29990,85,True,True,False,snapdragon 870,snapdragon,8,3,25,4600,303600,678,Medium,True,66,8,1024,Standard,128,Medium,6,Large,46580,120,1080,2400,388,Ultra HD,3,1,64,50,114,192,android,False,0,Vivo S16,66.0
62,samsung,Samsung Galaxy A23,Budget,18499,79,False,False,False,snapdragon 680,snapdragon,8,2,19,5000,125000,757,Large,True,25,6,768,Standard,128,Medium,6,Large,23991,60,1080,2408,399,Ultra HD,4,1,50,8,58,200,android,True,1024,Samsung Galaxy A23,25.0
63,vivo,Vivo Y22 (6GB RAM + 128GB),Budget,16499,75,False,False,False,helio g70,helio,8,2,16,5000,90000,763,Large,True,18,6,768,Standard,128,Medium,6,Large,16172,60,720,1612,269,Full HD,2,1,50,8,58,100,android,True,1024,Vivo Y22 (6GB RAM + 128GB),18.0
64,poco,Poco M4 Pro 5G (6GB RAM + 128GB),Budget,14999,81,True,False,True,dimensity 810 5g,dimensity,8,2,19,5000,165000,757,Large,True,33,6,768,Standard,128,Medium,6,Large,35888,90,1080,2400,398,Ultra HD,2,1,50,16,66,100,android,True,1024,Poco M4 Pro 5G (6GB RAM + 128GB),33.0
65,vivo,Vivo S16 Pro,Mid-range,35499,86,True,True,False,dimensity 8200,dimensity,8,3,24,4600,303600,678,Medium,True,66,8,2048,Standard,256,High,6,Large,46580,120,1080,2400,388,Ultra HD,3,1,50,50,100,150,android,False,0,Vivo S16 Pro,66.0
66,oneplus,OnePlus 10 Pro 5G,Premium,60999,89,True,True,False,snapdragon 8 gen1,snapdragon,8,3,24,5000,400000,746,Large,True,80,8,1024,Standard,128,Medium,6,Large,63110,120,1440,3216,525,Ultra HD,3,1,50,32,82,150,android,False,0,OnePlus 10 Pro 5G,80.0
67,xiaomi,Xiaomi Redmi Note 12 Pro Plus (12GB RAM + 256GB),Mid-range,32999,87,True,False,True,dimensity 1080,dimensity,8,2,20,4980,597600,746,Medium,True,120,12,3072,High RAM,256,High,6,Large,47348,120,1080,2400,394,Ultra HD,3,1,200,16,216,600,android,False,0,Xiaomi Redmi Note 12 Pro Plus (12GB RAM + 256GB),120.0
68,samsung,Samsung Galaxy F23 5G,Budget,15999,78,True,True,False,snapdragon 750g,snapdragon,8,2,17,5000,125000,757,Large,True,25,4,512,Low RAM,128,Medium,6,Large,47983,120,1080,2408,399,Ultra HD,3,1,50,8,58,150,android,True,1024,Samsung Galaxy F23 5G,25.0
69,oppo,Oppo Find N Fold,Premium,99990,80,True,True,False,snapdragon 8+ gen1,snapdragon,8,3,25,5000,335000,704,Large,True,67,8,2048,Standard,256,High,7,Large,44388,120,1792,1920,369,Full HD,2,1,50,16,66,100,other,False,0,Oppo Find N Fold,67.0
70,oppo,OPPO A17K,Budget,9499,62,False,False,False,helio g35,helio,8,2,18,5000,-5000,762,Large,False,-1,3,192,Low RAM,64,Low,6,Large,16147,60,720,1612,269,Full HD,1,1,8,5,13,8,android,True,1024,OPPO A17K,
71,vivo,Vivo V23 5G (12GB RAM + 256GB),Mid-range,27994,86,True,False,False,dimensity 920 5g,dimensity,8,2,20,4200,184800,652,Medium,True,44,12,3072,High RAM,256,High,6,Medium,36779,90,1080,2400,408,Ultra HD,3,2,64,50,114,192,android,True,256,Vivo V23 5G (12GB RAM + 256GB),44.0
72,iqoo,iQOO Z6 Lite 5G,Budget,13989,75,True,False,False,snapdragon 4 gen 1,snapdragon,8,2,16,5000,90000,759,Large,True,18,4,256,Low RAM,64,Low,6,Large,48129,120,1080,2408,401,Ultra HD,2,1,50,8,58,100,android,True,1024,iQOO Z6 Lite 5G,18.0
73,oneplus,OnePlus 10T,Premium,44999,85,True,True,False,snapdragon 8+ gen1,snapdragon,8,3,25,4800,720000,716,Medium,True,150,8,1024,Standard,128,Medium,6,Large,47332,120,1080,2412,394,Ultra HD,3,1,50,16,66,150,android,False,0,OnePlus 10T,150.0
74,xiaomi,Xiaomi Redmi Note 10T 5G (6GB RAM +128GB),Budget,13999,79,True,False,True,dimensity 700,dimensity,8,2,17,5000,90000,769,Large,True,18,6,768,Standard,128,Medium,6,Large,36440,90,1080,2400,404,Ultra HD,3,1,48,8,56,144,android,True,1024,Xiaomi Redmi Note 10T 5G (6GB RAM +128GB),18.0
75,gionee,Gionee G13 Pro,Budget,6190,67,False,False,False,tiger t310,tiger,4,2,8,3500,-3500,559,Small,False,-1,4,128,Low RAM,32,Low,6,Medium,16816,60,720,1600,280,Full HD,2,1,13,5,18,26,other,True,256,Gionee G13 Pro,
76,apple,Apple iPhone 13 Pro,Premium,119900,83,True,True,False,bionic a15,bionic,6,3,19,3095,0,507,Small,True,0,6,768,Standard,128,Medium,6,Medium,54870,120,1170,2532,457,Ultra HD,3,1,12,12,24,36,ios,False,0,Apple iPhone 13 Pro,
77,oppo,OPPO F22 Pro,Mid-range,27660,83,True,False,False,snapdragon 6 gen 1,snapdragon,8,2,17,4800,321600,729,Medium,True,67,8,1024,Standard,128,Medium,6,Large,47996,120,1080,2400,399,Ultra HD,3,1,64,32,96,192,android,True,1024,OPPO F22 Pro,67.0
78,samsung,Samsung Galaxy A34 5G,Mid-range,24999,75,True,True,False,exynos 1280,exynos,8,2,18,5000,165000,769,Large,True,33,6,768,Standard,128,Medium,6,Large,36440,90,1080,2400,404,Ultra HD,4,1,48,13,61,192,android,True,1024,Samsung Galaxy A34 5G,33.0
79,xiaomi,Xiaomi Redmi 10A (4GB RAM + 64GB),Budget,8388,66,False,False,False,helio g25,helio,8,2,16,5000,-5000,765,Large,False,-1,4,256,Low RAM,64,Low,6,Large,16121,60,720,1600,268,Full HD,1,1,13,5,18,13,android,True,512,Xiaomi Redmi 10A (4GB RAM + 64GB),
80,motorola,Motorola Moto G72 4G,Budget,15999,83,False,True,False,helio g99,helio,8,2,17,5000,165000,763,Large,True,33,6,768,Standard,128,Medium,6,Large,48216,120,1080,2400,401,Ultra HD,3,1,108,16,124,324,android,True,256,Motorola Moto G72 4G,33.0
81,samsung,Samsung Galaxy A14 5G (8GB RAM + 128GB),Mid-range,20999,82,True,False,False,exynos 1330,exynos,8,2,19,5000,75000,757,Large,True,15,8,1024,Standard,128,Medium,6,Large,35987,90,1080,2408,399,Ultra HD,3,1,50,13,63,150,android,True,1024,Samsung Galaxy A14 5G (8GB RAM + 128GB),15.0
82,realme,Realme 9 5G,Budget,13999,75,True,False,False,dimensity 810 5g,dimensity,8,2,19,5000,90000,769,Large,True,18,4,256,Low RAM,64,Low,6,Large,36440,90,1080,2400,404,Ultra HD,3,1,48,16,64,144,android,True,1024,Realme 9 5G,18.0
83,vivo,Vivo T1 5G (8GB RAM + 128GB),Budget,19990,83,True,False,False,snapdragon 695,snapdragon,8,2,17,5000,90000,759,Large,True,18,8,1024,Standard,128,Medium,6,Large,48129,120,1080,2408,401,Ultra HD,3,1,50,16,66,150,android,True,1024,Vivo T1 5G (8GB RAM + 128GB),18.0
84,samsung,Samsung Galaxy M13 5G,Budget,13999,75,True,False,False,dimensity 700,dimensity,8,2,17,5000,75000,769,Large,True,15,6,768,Standard,128,Medium,6,Large,24293,90,720,1600,269,Full HD,2,1,50,5,55,100,android,True,1024,Samsung Galaxy M13 5G,15.0
85,motorola,Motorola Edge 30 5G,Mid-range,22999,83,True,True,False,snapdragon 778g+,snapdragon,8,2,20,4020,132660,618,Medium,True,33,6,768,Standard,128,Medium,6,Large,58304,144,1080,2400,404,Ultra HD,3,1,50,32,82,150,android,False,0,Motorola Edge 30 5G,33.0
86,samsung,Samsung Galaxy A23 5G,Mid-range,22999,79,True,False,False,snapdragon 695,snapdragon,8,2,17,5000,125000,757,Large,True,25,6,768,Standard,128,Medium,6,Large,47983,120,1080,2408,399,Ultra HD,4,1,50,8,58,200,android,True,1024,Samsung Galaxy A23 5G,25.0
87,oppo,OPPO K10 5G,Budget,16999,79,True,False,False,dimensity 810 5g,dimensity,8,2,19,5000,165000,762,Large,True,33,8,1024,Standard,128,Medium,6,Large,24221,90,720,1612,269,Full HD,2,1,48,8,56,96,android,True,1024,OPPO K10 5G,33.0
88,xiaomi,Xiaomi Redmi Note 11 (6GB RAM + 128GB),Budget,14290,80,False,False,True,snapdragon 680,snapdragon,8,2,19,5000,165000,777,Large,True,33,6,768,Standard,128,Medium,6,Medium,36837,90,1080,2400,409,Ultra HD,4,1,50,13,63,200,android,True,512,Xiaomi Redmi Note 11 (6GB RAM + 128GB),33.0
89,samsung,Samsung Galaxy A73 5G,Premium,41999,79,True,True,False,snapdragon 778g,snapdragon,8,2,19,5000,125000,746,Large,True,25,8,1024,Standard,128,Medium,6,Large,47136,120,1080,2400,392,Ultra HD,4,1,108,32,140,432,android,True,1024,Samsung Galaxy A73 5G,25.0
90,vivo,Vivo Y21 2021,Budget,13489,69,False,False,False,helio p35,helio,8,2,18,5000,90000,768,Large,True,18,4,256,Low RAM,64,Low,6,Large,16170,60,720,1600,269,Full HD,2,1,13,8,21,26,android,True,1024,Vivo Y21 2021,18.0
91,oneplus,OnePlus Ace Racing Edition 5G,Mid-range,22990,83,True,True,False,dimensity 8100 max,dimensity,8,2,22,5000,0,758,Large,True,0,8,1024,Standard,128,Medium,6,Large,48122,120,1080,2412,401,Ultra HD,3,1,64,16,80,192,android,False,0,OnePlus Ace Racing Edition 5G,
92,motorola,Motorola Moto G62 (8GB RAM + 128GB),Budget,16499,84,True,False,False,snapdragon 695,snapdragon,8,2,17,5000,0,763,Large,True,0,8,1024,Standard,128,Medium,6,Large,48216,120,1080,2400,401,Ultra HD,3,1,50,16,66,150,android,True,1024,Motorola Moto G62 (8GB RAM + 128GB),
93,vivo,Vivo X90 Pro Plus 5G,Premium,73999,79,True,True,True,snapdragon 8 gen2,snapdragon,8,3,25,4700,376000,693,Medium,True,80,12,3072,High RAM,256,High,6,Large,62107,120,1440,3200,517,Ultra HD,4,1,3,32,35,12,android,False,0,Vivo X90 Pro Plus 5G,80.0
94,realme,Realme C33 (4GB RAM + 64GB),Budget,9999,67,False,False,False,unisoc t612,unisoc,8,1,14,5000,-5000,769,Large,False,-1,4,256,Low RAM,64,Low,6,Large,16195,60,720,1600,269,Full HD,2,1,50,5,55,100,android,True,1024,Realme C33 (4GB RAM + 64GB),
95,realme,Realme 9i,Budget,12499,75,False,False,False,snapdragon 680,snapdragon,8,2,19,5000,165000,757,Large,True,33,4,256,Low RAM,64,Low,6,Large,36037,90,1080,2412,400,Ultra HD,3,1,50,16,66,150,android,True,1024,Realme 9i,33.0
96,oppo,OPPO A17,Budget,12499,72,False,False,False,helio g35,helio,8,2,18,5000,0,762,Large,True,0,4,256,Low RAM,64,Low,6,Large,16147,60,720,1612,269,Full HD,2,1,50,5,55,100,android,True,1024,OPPO A17,
97,iqoo,iQOO 11 5G,Premium,59999,88,True,True,False,snapdragon 8 gen2,snapdragon,8,3,25,5000,600000,737,Large,True,120,8,2048,Standard,256,High,6,Large,74529,144,1440,3200,517,Ultra HD,3,1,50,16,66,150,android,False,0,iQOO 11 5G,120.0
98,vivo,Vivo X Fold 5G,Premium,106990,79,True,True,False,snapdragon 8 gen1,snapdragon,8,3,24,4600,303600,572,Medium,True,66,12,3072,High RAM,256,High,8,Large,43148,120,1916,2160,359,Ultra HD,4,1,50,16,66,200,android,False,0,Vivo X Fold 5G,66.0
99,vivo,Vivo T1 5G,Budget,15990,78,True,False,False,snapdragon 695,snapdragon,8,2,17,5000,90000,759,Large,True,18,4,512,Low RAM,128,Medium,6,Large,48129,120,1080,2408,401,Ultra HD,3,1,50,16,66,150,android,True,1024,Vivo T1 5G,18.0
100,apple,Apple iPhone 14 Pro,Premium,119990,75,True,True,False,bionic a16,bionic,6,2,13,3200,0,524,Small,True,0,6,768,Standard,128,Medium,6,Medium,55373,120,1179,2556,461,Ultra HD,3,1,48,12,60,144,ios,False,0,Apple iPhone 14 Pro,
101,xiaomi,Xiaomi Redmi Note 11 Pro Max 5G,Budget,19999,83,True,False,True,snapdragon 778g,snapdragon,8,2,19,5200,171600,779,Large,True,33,6,768,Standard,128,Medium,6,Large,47348,120,1080,2400,394,Ultra HD,4,1,108,32,140,432,android,True,512,Xiaomi Redmi Note 11 Pro Max 5G,33.0
102,motorola,Motorola Moto S30 Pro,Mid-range,23990,83,True,False,False,snapdragon 888+,snapdragon,8,2,23,4400,299200,671,Medium,True,68,8,1024,Standard,128,Medium,6,Large,59064,144,1080,2460,410,Ultra HD,3,1,50,32,82,150,android,False,0,Motorola Moto S30 Pro,68.0
103,realme,Realme 10s,Budget,12999,80,True,False,False,dimensity 810 5g,dimensity,8,2,19,5000,165000,757,Large,True,33,8,1024,Standard,128,Medium,6,Large,35987,90,1080,2408,399,Ultra HD,2,1,50,8,58,100,android,True,1024,Realme 10s,33.0
104,oppo,OPPO F19 Pro Plus 5G,Budget,19990,82,True,False,False,dimensity 800u,dimensity,8,2,19,4310,215500,670,Medium,True,50,8,1024,Standard,128,Medium,6,Medium,24558,60,1080,2400,409,Ultra HD,4,1,48,16,64,192,android,True,256,OPPO F19 Pro Plus 5G,50.0
105,xiaomi,Xiaomi 13 Pro 5G,Premium,58990,80,True,True,True,snapdragon 8 gen2,snapdragon,8,3,25,4820,578400,716,Medium,True,120,8,1024,Standard,128,Medium,6,Large,62568,120,1440,3200,521,Ultra HD,3,1,50,32,82,150,android,False,0,Xiaomi 13 Pro 5G,120.0
106,vivo,Vivo V27 Pro,Premium,43999,87,True,False,False,dimensity 9000 plus,dimensity,8,3,25,5000,600000,742,Large,True,120,12,3072,High RAM,256,High,6,Large,56312,144,1080,2400,391,Ultra HD,3,1,108,32,140,324,android,False,0,Vivo V27 Pro,120.0
107,samsung,Samsung Galaxy S22 5G,Premium,49999,86,True,True,False,snapdragon 8 gen1,snapdragon,8,3,24,3700,92500,606,Small,True,25,8,1024,Standard,128,Medium,6,Medium,50699,120,1080,2340,422,Ultra HD,3,1,50,10,60,150,android,False,0,Samsung Galaxy S22 5G,25.0
108,vivo,Vivo T1 44W (6GB RAM + 128GB),Budget,15999,79,False,False,False,snapdragon 680,snapdragon,8,2,19,5000,220000,776,Large,True,44,6,768,Standard,128,Medium,6,Medium,24587,60,1080,2408,409,Ultra HD,3,1,50,16,66,150,android,True,1024,Vivo T1 44W (6GB RAM + 128GB),44.0
109,oneplus,OnePlus 10R 5G (12GB RAM + 256GB),Mid-range,36999,87,True,True,False,dimensity 8100 max,dimensity,8,2,22,5000,400000,746,Large,True,80,12,3072,High RAM,256,High,6,Large,47332,120,1080,2412,394,Ultra HD,3,1,50,16,66,150,android,False,0,OnePlus 10R 5G (12GB RAM + 256GB),80.0
110,tecno,Tecno Phantom X2,Mid-range,39999,85,True,True,False,dimensity 9000,dimensity,8,3,24,5160,232200,758,Large,True,45,8,2048,Standard,256,High,6,Large,46443,120,1080,2400,387,Ultra HD,3,1,64,32,96,192,android,False,0,Tecno Phantom X2,45.0
111,apple,Apple iPhone 12,Premium,51999,74,True,True,False,bionic a14,bionic,6,3,18,5000,-5000,819,Large,False,-1,4,256,Low RAM,64,Low,6,Medium,27435,60,1170,2532,457,Ultra HD,2,1,12,12,24,24,ios,False,0,Apple iPhone 12,
112,xiaomi,Xiaomi Redmi K50i 5G,Mid-range,22999,82,True,False,True,dimensity 8100,dimensity,8,2,22,5080,340360,769,Large,True,67,6,768,Standard,128,Medium,6,Large,58617,144,1080,2460,407,Ultra HD,3,1,64,16,80,192,android,False,0,Xiaomi Redmi K50i 5G,67.0
113,samsung,Samsung Galaxy A53 5G,Mid-range,31999,87,True,True,False,exynos 1280,exynos,8,2,19,5000,125000,769,Large,True,25,6,768,Standard,128,Medium,6,Large,48587,120,1080,2400,404,Ultra HD,4,1,64,32,96,256,android,True,1024,Samsung Galaxy A53 5G,25.0
114,xiaomi,Xiaomi Redmi A1,Budget,6171,80,False,False,False,helio a22,helio,4,2,8,5000,50000,766,Large,True,10,2,64,Low RAM,32,Low,6,Large,16146,60,720,1600,269,Full HD,2,1,8,5,13,16,android,True,512,Xiaomi Redmi A1,10.0
115,oppo,OPPO Reno8 5G,Mid-range,29340,83,True,True,False,dimensity 1300,dimensity,8,3,24,4500,360000,699,Medium,True,80,8,1024,Standard,128,Medium,6,Medium,36837,90,1080,2400,409,Ultra HD,3,1,50,32,82,150,android,False,0,OPPO Reno8 5G,80.0
116,samsung,Samsung Galaxy M53 5G (8GB RAM + 128GB),Mid-range,25289,87,True,False,False,dimensity 900 5g,dimensity,8,2,19,5000,125000,746,Large,True,25,8,1024,Standard,128,Medium,6,Large,47136,120,1080,2400,392,Ultra HD,4,1,108,32,140,432,android,True,1024,Samsung Galaxy M53 5G (8GB RAM + 128GB),25.0
117,iqoo,iQOO Z6 Pro 5G,Mid-range,21788,78,True,False,False,snapdragon 778g,snapdragon,8,2,19,4700,310200,729,Medium,True,66,6,768,Standard,128,Medium,6,Medium,36830,90,1080,2404,409,Ultra HD,3,1,64,16,80,192,android,False,0,iQOO Z6 Pro 5G,66.0
118,tesla,Tesla Pi Phone,Premium,69999,83,True,True,False,snapdragon,snapdragon,8,2,18,5000,600000,742,Large,True,120,16,8192,High RAM,512,High,6,Large,65599,165,1080,2448,397,Ultra HD,3,1,50,32,82,150,android,False,0,Tesla Pi Phone,120.0
119,samsung,Samsung Galaxy S23,Premium,70990,88,True,True,False,snapdragon 8 gen2,snapdragon,8,3,25,3900,97500,639,Small,True,25,8,1024,Standard,128,Medium,6,Medium,50699,120,1080,2340,422,Ultra HD,3,1,50,12,62,150,android,False,0,Samsung Galaxy S23,25.0
120,motorola,Motorola Edge 30 Pro 5G,Mid-range,34999,89,True,True,False,snapdragon 8 gen1,snapdragon,8,3,24,4800,326400,716,Medium,True,68,8,1024,Standard,128,Medium,6,Large,56564,144,1080,2400,392,Ultra HD,3,1,50,60,110,150,android,False,0,Motorola Edge 30 Pro 5G,68.0
121,oneplus,OnePlus Nord 2T (12GB RAM + 256GB),Mid-range,33900,85,True,True,False,dimensity 1300,dimensity,8,3,24,4500,360000,699,Medium,True,80,12,3072,High RAM,256,High,6,Medium,36837,90,1080,2400,409,Ultra HD,3,1,50,32,82,150,android,False,0,OnePlus Nord 2T (12GB RAM + 256GB),80.0
122,google,Google Pixel 6A,Mid-range,29999,71,True,True,False,google tensor,google,8,2,18,4410,0,718,Medium,True,0,6,768,Standard,128,Medium,6,Medium,25717,60,1080,2400,428,Ultra HD,2,1,12,8,20,24,android,False,0,Google Pixel 6A,
123,infinix,Infinix Note 12 Pro 5G,Budget,18999,84,True,False,False,dimensity 810 5g,dimensity,8,2,19,5000,165000,746,Large,True,33,8,1024,Standard,128,Medium,6,Large,23568,60,1080,2400,392,Ultra HD,3,1,108,16,124,324,android,True,2048,Infinix Note 12 Pro 5G,33.0
124,samsung,Samsung Galaxy M33 5G (8GB RAM + 128GB),Budget,19499,84,True,True,False,exynos 1280,exynos,8,2,19,6000,150000,909,Large,True,25,8,1024,Standard,128,Medium,6,Large,47851,120,1080,2400,398,Ultra HD,4,1,50,8,58,200,android,True,1024,Samsung Galaxy M33 5G (8GB RAM + 128GB),25.0
125,vivo,Vivo V23 5G,Mid-range,24994,83,True,False,False,dimensity 920 5g,dimensity,8,2,20,4200,184800,652,Medium,True,44,8,1024,Standard,128,Medium,6,Medium,36779,90,1080,2400,408,Ultra HD,3,2,64,50,114,192,android,False,0,Vivo V23 5G,44.0
126,motorola,Motorola Moto G42,Budget,10999,78,False,True,False,snapdragon 680,snapdragon,8,2,19,5000,100000,772,Large,True,20,4,256,Low RAM,64,Low,6,Medium,24406,60,1080,2400,406,Ultra HD,3,1,50,16,66,150,android,True,1024,Motorola Moto G42,20.0
127,oneplus,OnePlus Nord CE 2 Lite 5G (8GB RAM + 256GB),Mid-range,24999,85,True,False,False,snapdragon 695,snapdragon,8,2,17,5000,165000,758,Large,True,33,8,2048,Standard,256,High,6,Large,48122,120,1080,2412,401,Ultra HD,3,1,64,16,80,192,android,True,1024,OnePlus Nord CE 2 Lite 5G (8GB RAM + 256GB),33.0
128,samsung,Samsung Galaxy A33 5G,Mid-range,25999,82,True,True,False,exynos 1280,exynos,8,2,19,5000,125000,781,Large,True,25,6,768,Standard,128,Medium,6,Medium,37009,90,1080,2400,411,Ultra HD,4,1,48,13,61,192,android,True,1024,Samsung Galaxy A33 5G,25.0
129,google,Google Pixel 7A,Mid-range,34990,69,True,True,False,google tensor,google,8,2,18,4410,0,722,Medium,True,0,6,768,Standard,128,Medium,6,Medium,38829,90,1080,2400,431,Ultra HD,2,1,12,8,20,24,android,False,0,Google Pixel 7A,
130,xiaomi,Xiaomi Redmi 11 Prime 5G,Budget,13466,74,True,False,True,dimensity 700 5g,dimensity,8,2,17,5000,90000,759,Large,True,18,4,256,Low RAM,64,Low,6,Large,36097,90,1080,2408,401,Ultra HD,2,1,50,5,55,100,android,True,512,Xiaomi Redmi 11 Prime 5G,18.0
131,xiaomi,Xiaomi Redmi Note 10 Lite,Budget,9999,76,False,False,True,snapdragon 720g,snapdragon,8,2,18,5020,90360,752,Large,True,18,4,256,Low RAM,64,Low,6,Large,23674,60,1080,2400,394,Ultra HD,4,1,48,16,64,192,android,True,512,Xiaomi Redmi Note 10 Lite,18.0
132,motorola,Motorola Moto E40,Budget,7999,71,False,False,False,tiger t700,tiger,8,1,14,5000,-5000,769,Large,False,-1,4,256,Low RAM,64,Low,6,Large,24293,90,720,1600,269,Full HD,3,1,48,8,56,144,android,True,1024,Motorola Moto E40,
133,nothing,Nothing Phone 1 (8GB RAM + 256GB),Mid-range,28249,86,True,True,False,snapdragon 778g plus,snapdragon,8,2,20,4500,148500,687,Medium,True,33,8,2048,Standard,256,High,6,Large,48216,120,1080,2400,401,Ultra HD,2,1,50,16,66,100,android,False,0,Nothing Phone 1 (8GB RAM + 256GB),33.0
134,poco,Poco X4 Pro 5G (6GB RAM + 128GB),Budget,16499,82,True,False,True,snapdragon 695,snapdragon,8,2,17,5000,335000,749,Large,True,67,6,768,Standard,128,Medium,6,Large,47348,120,1080,2400,394,Ultra HD,3,1,64,16,80,192,android,True,1024,Poco X4 Pro 5G (6GB RAM + 128GB),67.0
135,xiaomi,Xiaomi Redmi Note 11 Pro Plus 5G (8GB RAM + 256GB),Mid-range,22999,87,True,False,True,snapdragon 695,snapdragon,8,2,17,5000,335000,749,Large,True,67,8,2048,Standard,256,High,6,Large,47348,120,1080,2400,394,Ultra HD,3,1,108,16,124,324,android,True,1024,Xiaomi Redmi Note 11 Pro Plus 5G (8GB RAM + 256GB),67.0
136,apple,Apple iPhone 11 (128GB),Premium,46999,75,False,True,False,a13 bionic,bionic,6,2,15,3110,-3110,509,Small,False,-1,4,512,Low RAM,128,Medium,6,Medium,19416,60,828,1792,323,Full HD,2,1,12,12,24,24,ios,False,0,Apple iPhone 11 (128GB),
137,realme,Realme C35 (6GB RAM + 128GB),Budget,13999,74,False,False,False,tiger t616,tiger,8,1,14,5000,90000,757,Large,True,18,6,768,Standard,128,Medium,6,Large,35987,90,1080,2408,399,Ultra HD,3,1,50,8,58,150,android,True,1024,Realme C35 (6GB RAM + 128GB),18.0
138,oppo,OPPO K10,Budget,13490,78,False,False,False,snapdragon 680,snapdragon,8,2,19,5000,165000,758,Large,True,33,6,768,Standard,128,Medium,6,Large,36092,90,1080,2412,401,Ultra HD,3,1,50,16,66,150,android,True,1024,OPPO K10,33.0
139,iqoo,iQOO Neo 6 5G,Mid-range,28999,82,True,False,True,snapdragon 870,snapdragon,8,3,25,4700,376000,709,Medium,True,80,8,1024,Standard,128,Medium,6,Large,47706,120,1080,2400,397,Ultra HD,3,1,64,16,80,192,android,False,0,iQOO Neo 6 5G,80.0
140,iqoo,iQOO Z6 5G,Budget,15499,78,True,False,False,snapdragon 695,snapdragon,8,2,17,5000,90000,759,Large,True,18,4,512,Low RAM,128,Medium,6,Large,48129,120,1080,2408,401,Ultra HD,3,1,50,16,66,150,android,True,1024,iQOO Z6 5G,18.0
141,oppo,OPPO Reno 9 Pro 5G,Mid-range,39999,86,True,True,False,dimensity 8100 max,dimensity,8,2,22,4500,301500,671,Medium,True,67,16,4096,High RAM,256,High,6,Large,47332,120,1080,2412,394,Ultra HD,2,1,50,32,82,100,android,False,0,OPPO Reno 9 Pro 5G,67.0
142,poco,Poco M4 Pro 5G,Budget,12999,76,True,False,True,dimensity 810 5g,dimensity,8,2,19,5000,165000,757,Large,True,33,4,256,Low RAM,64,Low,6,Large,35888,90,1080,2400,398,Ultra HD,2,1,50,16,66,100,android,True,1024,Poco M4 Pro 5G,33.0
143,jio,Jio Phone 3,Budget,4499,64,False,False,False,snapdragon,snapdragon,4,1,5,2800,-2800,560,Small,False,-1,2,128,Low RAM,64,Low,5,Compact,17623,60,720,1280,293,Full HD,1,1,5,2,7,5,android,True,128,Jio Phone 3,
144,oneplus,OnePlus Clover,Budget,14999,69,False,False,False,snapdragon 460,snapdragon,8,1,14,6000,108000,920,Large,True,18,4,256,Low RAM,64,Low,6,Large,15811,60,720,1560,263,Full HD,3,1,13,8,21,39,android,True,256,OnePlus Clover,18.0
145,samsung,Samsung Galaxy F04,Budget,8499,68,False,False,False,helio p35,helio,8,2,18,5000,75000,769,Large,True,15,4,256,Low RAM,64,Low,6,Large,16195,60,720,1600,269,Full HD,2,1,13,5,18,26,android,True,1024,Samsung Galaxy F04,15.0
146,iqoo,iQOO 7,Mid-range,24990,83,True,True,False,snapdragon 870,snapdragon,8,3,25,4400,290400,664,Medium,True,66,8,1024,Standard,128,Medium,6,Large,47706,120,1080,2400,397,Ultra HD,3,1,48,16,64,144,android,False,0,iQOO 7,66.0
147,samsung,Samsung Galaxy M34 5G,Budget,16999,84,True,True,False,exynos 1200,exynos,8,2,19,6000,150000,923,Large,True,25,6,768,Standard,128,Medium,6,Large,48587,120,1080,2400,404,Ultra HD,4,1,64,32,96,256,android,True,256,Samsung Galaxy M34 5G,25.0
148,xiaomi,Xiaomi Redmi 10,Budget,9589,71,False,False,False,snapdragon 680,snapdragon,8,2,19,6000,108000,895,Large,True,18,4,256,Low RAM,64,Low,6,Large,15712,60,720,1600,261,Full HD,2,1,50,5,55,100,android,True,512,Xiaomi Redmi 10,18.0
149,apple,Apple iPhone 12 Mini,Premium,40999,74,True,True,False,bionic a14,bionic,6,3,18,5000,-5000,925,Large,False,-1,4,256,Low RAM,64,Low,5,Compact,28635,60,1080,2340,477,Ultra HD,2,1,12,12,24,24,ios,False,0,Apple iPhone 12 Mini,
150,xiaomi,Xiaomi Redmi Note 12 (6GB RAM + 128GB),Budget,19988,79,True,False,True,snapdragon 4 gen 1,snapdragon,8,2,16,5000,165000,749,Large,True,33,6,768,Standard,128,Medium,6,Large,47348,120,1080,2400,394,Ultra HD,3,1,48,13,61,144,android,True,1024,Xiaomi Redmi Note 12 (6GB RAM + 128GB),33.0
151,motorola,Motorola Moto G52,Budget,11999,75,False,True,False,snapdragon 680,snapdragon,8,2,19,5000,165000,757,Large,True,33,4,256,Low RAM,64,Low,6,Large,36635,90,2460,1080,407,Full HD,3,1,50,16,66,150,android,True,256,Motorola Moto G52,33.0
152,apple,Apple iPhone 15 Pro Max,Premium,142990,79,True,True,False,bionic a16,bionic,8,2,18,4352,108800,651,Medium,True,25,8,2048,Standard,256,High,6,Large,54976,120,1284,2778,458,Ultra HD,3,1,50,12,62,150,ios,False,0,Apple iPhone 15 Pro Max,25.0
153,oppo,Oppo A98,Mid-range,30990,87,True,True,False,snapdragon 8 gen1,snapdragon,8,3,24,5000,335000,746,Large,True,67,8,1024,Standard,128,Medium,6,Large,47332,120,1080,2412,394,Ultra HD,2,1,108,16,124,216,android,True,1024,Oppo A98,67.0
154,infinix,Infinix Zero 5G 2023,Budget,19499,85,True,False,False,dimensity 1080,dimensity,8,2,20,5000,165000,737,Large,True,33,8,2048,Standard,256,High,6,Large,47551,120,1080,2460,396,Ultra HD,3,1,50,16,66,150,android,True,256,Infinix Zero 5G 2023,33.0
155,realme,Realme C30,Budget,5299,78,False,False,False,tiger t612,tiger,8,1,14,5000,-5000,769,Large,False,-1,2,64,Low RAM,32,Low,6,Large,16195,60,720,1600,269,Full HD,1,1,8,5,13,8,android,True,1024,Realme C30,
156,oppo,OPPO F21 Pro 5G,Mid-range,25969,82,True,False,False,snapdragon 695,snapdragon,8,2,17,4500,148500,699,Medium,True,33,8,1024,Standard,128,Medium,6,Medium,24558,60,1080,2400,409,Ultra HD,3,1,64,16,80,192,android,True,1024,OPPO F21 Pro 5G,33.0
157,realme,Realme 11 Pro,Mid-range,28999,82,True,False,False,snapdragon 8 gen1,snapdragon,8,3,24,5000,325000,781,Large,True,65,6,768,Standard,128,Medium,6,Medium,49346,120,1080,2400,411,Ultra HD,3,1,64,32,96,192,android,True,256,Realme 11 Pro,65.0
158,oppo,Oppo Find N2 5G,Premium,94990,80,True,True,False,snapdragon 8+ gen1,snapdragon,8,3,25,4520,302840,636,Medium,True,67,12,3072,High RAM,256,High,7,Large,44388,120,1792,1920,369,Full HD,3,2,50,32,82,150,android,False,0,Oppo Find N2 5G,67.0
159,realme,Realme 9 4G,Budget,14999,81,False,False,False,snapdragon 680,snapdragon,8,2,19,5000,165000,781,Large,True,33,6,768,Standard,128,Medium,6,Medium,37009,90,1080,2400,411,Ultra HD,3,1,108,16,124,324,android,True,256,Realme 9 4G,33.0
160,cola,Cola Phone,Budget,14999,74,False,False,False,helio g99,helio,8,2,17,5000,165000,781,Large,True,33,4,256,Low RAM,64,Low,6,Medium,37009,90,1080,2400,411,Ultra HD,2,1,50,16,66,100,android,True,1024,Cola Phone,33.0
161,apple,Apple iPhone 13 Pro Max,Premium,129900,84,True,True,False,bionic a15,bionic,6,3,19,4352,0,649,Medium,True,0,6,768,Standard,128,Medium,6,Large,54812,120,1284,2778,456,Ultra HD,3,1,12,12,24,36,ios,False,0,Apple iPhone 13 Pro Max,
162,oppo,Oppo Reno 10 Pro Plus,Premium,58990,88,True,True,False,snapdragon 8 gen2,snapdragon,8,3,25,4700,376000,698,Medium,True,80,12,3072,High RAM,256,High,6,Large,47121,120,1080,2412,392,Ultra HD,4,1,64,32,96,256,android,False,0,Oppo Reno 10 Pro Plus,80.0
163,vivo,Vivo X90 5G,Premium,41990,88,True,True,True,dimensity 9200,dimensity,8,3,24,4810,577200,709,Medium,True,120,8,1024,Standard,128,Medium,6,Large,54344,120,1260,2800,452,Ultra HD,3,1,50,32,82,150,android,False,0,Vivo X90 5G,120.0
164,samsung,Samsung Galaxy F13,Budget,10999,74,False,True,False,exynos 850,exynos,8,2,16,6000,90000,909,Large,True,15,4,256,Low RAM,64,Low,6,Large,23991,60,2408,1080,399,Full HD,3,1,50,8,58,150,android,True,1024,Samsung Galaxy F13,15.0
165,xiaomi,Xiaomi Redmi Note 10S (6GB RAM + 128GB),Budget,11999,79,False,False,True,helio g95,helio,8,2,16,5000,165000,777,Large,True,33,6,768,Standard,128,Medium,6,Medium,24558,60,1080,2400,409,Ultra HD,4,1,64,13,77,256,android,True,512,Xiaomi Redmi Note 10S (6GB RAM + 128GB),33.0
166,realme,Realme 10 (8GB RAM + 128GB),Budget,16999,79,False,False,False,helio g99,helio,8,2,17,5000,165000,781,Large,True,33,8,1024,Standard,128,Medium,6,Medium,37009,90,1080,2400,411,Ultra HD,2,1,50,16,66,100,android,True,1024,Realme 10 (8GB RAM + 128GB),33.0
167,iqoo,iQOO 9 SE 5G,Mid-range,30990,83,True,True,False,snapdragon 888,snapdragon,8,2,22,4500,297000,679,Medium,True,66,8,1024,Standard,128,Medium,6,Large,47706,120,1080,2400,397,Ultra HD,3,1,48,16,64,144,android,False,0,iQOO 9 SE 5G,66.0
168,infinix,Infinix Hot 20,Budget,17999,75,True,False,False,dimensity 810,dimensity,8,2,19,5000,90000,757,Large,True,18,4,256,Low RAM,64,Low,6,Large,47983,120,1080,2408,399,Ultra HD,2,1,50,8,58,100,android,True,1024,Infinix Hot 20,18.0
169,letv,Letv Y1 Pro,Budget,5499,60,False,False,False,tiger t310,tiger,4,2,8,4000,-4000,611,Medium,False,-1,4,128,Low RAM,32,Low,6,Large,15762,60,720,1560,262,Full HD,2,1,8,5,13,16,android,False,0,Letv Y1 Pro,
170,xiaomi,Xiaomi Redmi Note 13 Pro Max 5G,Mid-range,20499,83,True,False,True,snapdragon 7 gen1,snapdragon,8,2,18,5200,348400,779,Large,True,67,6,768,Standard,128,Medium,6,Large,48335,120,1080,2460,402,Ultra HD,4,1,108,32,140,432,android,True,512,Xiaomi Redmi Note 13 Pro Max 5G,67.0
171,realme,Realme Narzo 50 Pro 5G,Mid-range,20490,81,True,False,False,dimensity 920 5g,dimensity,8,2,20,5000,165000,781,Large,True,33,6,768,Standard,128,Medium,6,Medium,37009,90,1080,2400,411,Ultra HD,3,1,48,16,64,144,android,True,256,Realme Narzo 50 Pro 5G,33.0
172,oppo,OPPO A74 5G,Budget,15490,77,True,False,False,snapdragon 480,snapdragon,8,2,16,5000,90000,769,Large,True,18,6,768,Standard,128,Medium,6,Large,36440,90,1080,2400,404,Ultra HD,3,1,48,8,56,144,android,True,256,OPPO A74 5G,18.0
173,apple,Apple iPhone 9,Mid-range,29990,61,False,True,False,a13 bionic,bionic,6,2,15,2050,0,436,Small,True,0,3,192,Low RAM,64,Low,4,Compact,19536,60,750,1334,325,Full HD,1,1,12,7,19,12,ios,False,0,Apple iPhone 9,
174,iqoo,iQOO Z6 Lite (6GB RAM + 128GB),Budget,15499,79,True,False,False,snapdragon 4 gen 1,snapdragon,8,2,16,5000,90000,759,Large,True,18,6,768,Standard,128,Medium,6,Large,48129,120,1080,2408,401,Ultra HD,2,1,50,8,58,100,android,True,1024,iQOO Z6 Lite (6GB RAM + 128GB),18.0
175,xiaomi,Xiaomi Redmi Note 11SE,Budget,11999,80,False,False,True,helio g95,helio,8,2,16,5000,165000,777,Large,True,33,6,384,Standard,64,Low,6,Medium,24558,60,1080,2400,409,Ultra HD,4,1,64,13,77,256,android,True,512,Xiaomi Redmi Note 11SE,33.0
176,realme,Realme Narzo 50,Budget,10999,74,False,False,False,helio g96,helio,8,2,16,5000,165000,757,Large,True,33,4,256,Low RAM,64,Low,6,Large,48050,120,1080,2412,400,Ultra HD,3,1,50,16,66,150,android,True,256,Realme Narzo 50,33.0
177,vivo,Vivo Y75 5G,Mid-range,21990,82,True,False,False,dimensity 700 5g,dimensity,8,2,17,5000,90000,759,Large,True,18,8,1024,Standard,128,Medium,6,Large,24064,60,1080,2408,401,Ultra HD,3,1,50,16,66,150,android,True,256,Vivo Y75 5G,18.0
178,vivo,Vivo V25 (12GB RAM + 256GB),Mid-range,31999,85,True,False,False,dimensity 900,dimensity,8,2,16,4500,198000,698,Medium,True,44,12,3072,High RAM,256,High,6,Medium,36881,90,1080,2408,409,Ultra HD,3,1,64,50,114,192,android,True,1024,Vivo V25 (12GB RAM + 256GB),44.0
179,poco,POCO M4 Pro 4G,Budget,11999,77,False,False,True,helio g96,helio,8,2,16,5000,165000,777,Large,True,33,6,384,Standard,64,Low,6,Medium,36837,90,1080,2400,409,Ultra HD,3,1,64,16,80,192,android,True,1024,POCO M4 Pro 4G,33.0
180,infinix,Infinix Zero Ultra,Mid-range,36999,89,True,False,False,dimensity 920 5g,dimensity,8,2,20,4500,810000,661,Medium,True,180,8,2048,Standard,256,High,6,Large,46443,120,1080,2400,387,Ultra HD,3,1,200,32,232,600,android,True,256,Infinix Zero Ultra,180.0
181,tecno,Tecno Spark Go 2023,Budget,6999,62,False,False,False,helio a22,helio,4,2,8,5000,50000,762,Large,True,10,3,96,Low RAM,32,Low,6,Large,16047,60,720,1600,267,Full HD,2,1,13,5,18,26,android,True,256,Tecno Spark Go 2023,10.0
182,motorola,Motorola Moto X40,Mid-range,39999,89,True,True,False,snapdragon 8 gen2,snapdragon,8,3,25,4600,575000,686,Medium,True,125,8,1024,Standard,128,Medium,6,Large,64813,165,1080,2400,392,Ultra HD,3,1,50,60,110,150,android,False,0,Motorola Moto X40,125.0
183,samsung,Samsung Galaxy F24 5G,Budget,14999,78,True,True,False,snapdragon 695,snapdragon,8,2,17,5000,125000,757,Large,True,25,4,512,Low RAM,128,Medium,6,Large,47983,120,1080,2408,399,Ultra HD,3,1,50,8,58,150,android,True,1024,Samsung Galaxy F24 5G,25.0
184,realme,Realme 10 5G,Budget,14499,79,True,False,False,dimensity 700 5g,dimensity,8,2,17,5000,165000,757,Large,True,33,8,1024,Standard,128,Medium,6,Large,35987,90,1080,2408,399,Ultra HD,3,1,50,8,58,150,android,True,1024,Realme 10 5G,33.0
185,oneplus,OnePlus Nord 3 5G,Mid-range,27999,84,True,True,False,dimensity 8200,dimensity,8,3,24,4200,504000,653,Medium,True,120,8,1024,Standard,128,Medium,6,Medium,36837,90,1080,2400,409,Ultra HD,3,1,50,32,82,150,android,False,0,OnePlus Nord 3 5G,120.0
186,motorola,Motorola Moto G82 (8GB RAM + 128GB),Mid-range,20499,86,True,True,False,snapdragon 695,snapdragon,8,2,17,5000,150000,757,Large,True,30,8,1024,Standard,128,Medium,6,Large,47851,120,1080,2400,398,Ultra HD,3,1,50,16,66,150,android,True,1024,Motorola Moto G82 (8GB RAM + 128GB),30.0
187,ikall,iKall Z19 Pro,Budget,8099,60,False,False,False,snapdragon,snapdragon,4,1,6,5000,-5000,769,Large,False,-1,4,256,Low RAM,64,Low,6,Large,16195,60,720,1600,269,Full HD,1,1,13,8,21,13,android,True,128,iKall Z19 Pro,
188,leeco,LeEco S1 Pro,Budget,10999,65,False,False,False,tiger t7150,tiger,4,1,7,5000,50000,769,Large,True,10,8,1024,Standard,128,Medium,6,Large,16195,60,720,1600,269,Full HD,2,1,13,5,18,26,android,False,0,LeEco S1 Pro,10.0
189,realme,Realme C2s,Budget,3499,63,False,False,False,helio p22,helio,8,2,16,4000,-4000,655,Medium,False,-1,3,96,Low RAM,32,Low,6,Medium,16899,60,720,1560,281,Full HD,2,1,13,5,18,26,android,True,128,Realme C2s,
190,duoqin,Duoqin F22 Pro,Budget,9990,79,False,False,False,helio g85,helio,8,2,16,2150,-2150,607,Small,False,-1,4,256,Low RAM,64,Low,3,Compact,19555,60,640,960,325,HD,1,1,8,2,10,8,android,True,256,Duoqin F22 Pro,
191,samsung,Samsung Galaxy M54 5G,Mid-range,34999,85,True,False,False,snapdragon 888,snapdragon,8,2,22,6000,150000,899,Large,True,25,6,768,Standard,128,Medium,6,Large,35659,90,1080,2412,396,Ultra HD,3,1,64,32,96,192,android,True,1024,Samsung Galaxy M54 5G,25.0
192,nokia,Nokia N73 5G,Premium,46999,75,True,False,False,snapdragon 8 gen1,snapdragon,8,3,24,6000,390000,869,Large,True,65,12,3072,High RAM,256,High,6,Large,60745,120,1400,3200,506,Ultra HD,1,1,200,32,232,200,android,True,256,Nokia N73 5G,65.0
193,motorola,Motorola Edge 30 Fusion 5G,Mid-range,39999,88,True,True,False,snapdragon 888+,snapdragon,8,2,23,4400,299200,671,Medium,True,68,8,1024,Standard,128,Medium,6,Large,57859,144,1080,2400,401,Ultra HD,3,1,50,32,82,150,android,False,0,Motorola Edge 30 Fusion 5G,68.0
194,realme,Realme C35,Budget,11828,70,False,False,False,tiger t616,tiger,8,1,14,5000,90000,757,Large,True,18,4,256,Low RAM,64,Low,6,Large,23991,60,1080,2408,399,Ultra HD,3,1,50,8,58,150,android,True,1024,Realme C35,18.0
195,oppo,OPPO Reno 8 Pro House of Dragon Edition,Premium,45999,86,True,True,False,dimensity 8100-max,dimensity,8,2,22,4500,360000,671,Medium,True,80,12,3072,High RAM,256,High,6,Large,47332,120,1080,2412,394,Ultra HD,3,1,50,32,82,150,android,False,0,OPPO Reno 8 Pro House of Dragon Edition,80.0
196,oneplus,OnePlus Nord CE 3 Lite 5G,Budget,18999,81,True,False,False,snapdragon 695,snapdragon,8,2,17,5000,165000,758,Large,True,33,6,768,Standard,128,Medium,6,Large,48122,120,1080,2412,401,Ultra HD,3,1,50,16,66,150,android,True,1024,OnePlus Nord CE 3 Lite 5G,33.0
197,poco,Poco X4 Pro 5G (8GB RAM + 128GB),Budget,17999,84,True,False,True,snapdragon 695,snapdragon,8,2,17,5000,335000,749,Large,True,67,8,1024,Standard,128,Medium,6,Large,47348,120,1080,2400,394,Ultra HD,3,1,64,16,80,192,android,True,1024,Poco X4 Pro 5G (8GB RAM + 128GB),67.0
198,samsung,Samsung Galaxy M04,Budget,8499,66,False,False,False,helio p35,helio,8,2,18,5000,75000,769,Large,True,15,4,256,Low RAM,64,Low,6,Large,16195,60,720,1600,269,Full HD,2,1,13,5,18,26,android,True,1024,Samsung Galaxy M04,15.0
199,oppo,OPPO A77s,Budget,17999,76,False,False,False,snapdragon 680,snapdragon,8,2,19,5000,165000,762,Large,True,33,8,1024,Standard,128,Medium,6,Large,24071,90,720,1600,267,Full HD,2,1,50,8,58,100,android,True,256,OPPO A77s,33.0
200,samsung,Samsung Galaxy A13,Budget,14450,75,False,False,False,snapdragon,snapdragon,8,2,16,5000,125000,757,Large,True,25,4,256,Low RAM,64,Low,6,Large,23991,60,1080,2408,399,Ultra HD,4,1,50,8,58,200,android,True,1024,Samsung Galaxy A13,25.0
201,motorola,Motorola Edge 30 Ultra,Premium,54999,81,True,True,False,snapdragon 8+ gen1,snapdragon,8,3,25,4610,576250,691,Medium,True,125,8,1024,Standard,128,Medium,6,Large,56818,144,1080,2400,394,Ultra HD,3,1,200,60,260,600,android,False,0,Motorola Edge 30 Ultra,125.0
202,xiaomi,Xiaomi 13 Ultra 5G,Premium,71999,80,True,True,True,snapdragon 8 gen2,snapdragon,8,3,25,5000,600000,757,Large,True,120,12,3072,High RAM,256,High,6,Large,63801,120,1440,3200,531,Ultra HD,4,1,108,32,140,432,android,False,0,Xiaomi 13 Ultra 5G,120.0
203,motorola,Motorola Moto G52 (6GB RAM + 128GB),Budget,12999,79,False,True,False,snapdragon 680,snapdragon,8,2,19,5000,165000,757,Large,True,33,6,768,Standard,128,Medium,6,Large,36635,90,2460,1080,407,Full HD,3,1,50,16,66,150,android,True,256,Motorola Moto G52 (6GB RAM + 128GB),33.0
204,poco,Poco M4 5G,Budget,11499,75,True,False,True,dimensity 700 5g,dimensity,8,2,17,5000,90000,759,Large,True,18,4,256,Low RAM,64,Low,6,Large,35997,90,1080,2400,399,Ultra HD,2,1,50,8,58,100,android,True,512,Poco M4 5G,18.0
205,nothing,Nothing Phone 1 (12GB RAM + 256GB),Mid-range,35999,87,True,True,False,snapdragon 778g plus,snapdragon,8,2,20,4500,148500,687,Medium,True,33,12,3072,High RAM,256,High,6,Large,48216,120,1080,2400,401,Ultra HD,2,1,50,16,66,100,android,False,0,Nothing Phone 1 (12GB RAM + 256GB),33.0
206,samsung,Samsung Galaxy A54 5G,Mid-range,34999,76,True,True,False,exynos 1380,exynos,8,2,18,5000,125000,781,Large,True,25,6,768,Standard,128,Medium,6,Medium,49346,120,1080,2400,411,Ultra HD,3,1,50,32,82,150,android,True,1024,Samsung Galaxy A54 5G,25.0
207,tecno,Tecno Pova 4,Budget,11999,73,False,False,False,helio g99,helio,8,2,17,6000,108000,879,Large,True,18,8,1024,Standard,128,Medium,6,Large,23153,90,720,1600,257,Full HD,2,1,50,8,58,100,android,True,512,Tecno Pova 4,18.0
208,xiaomi,Xiaomi Redmi Note 12 Pro (8GB RAM + 256GB),Mid-range,27994,82,True,False,True,dimensity 1080,dimensity,8,2,20,5000,335000,749,Large,True,67,8,2048,Standard,256,High,6,Large,47348,120,1080,2400,394,Ultra HD,3,1,50,16,66,150,android,False,0,Xiaomi Redmi Note 12 Pro (8GB RAM + 256GB),67.0
209,apple,Apple iPhone 14 Pro Max (256GB),Premium,139990,77,True,True,False,bionic a16,bionic,6,2,13,4323,0,645,Medium,True,0,6,1536,Standard,256,High,6,Large,55150,120,1290,2796,459,Ultra HD,3,1,48,12,60,144,ios,False,0,Apple iPhone 14 Pro Max (256GB),
210,vivo,Vivo V25 Pro (12GB RAM + 256GB),Mid-range,39999,86,True,False,False,dimensity 1300,dimensity,8,3,24,4830,318780,736,Medium,True,66,12,3072,High RAM,256,High,6,Large,47742,120,1080,2376,397,Ultra HD,3,1,64,32,96,192,android,False,0,Vivo V25 Pro (12GB RAM + 256GB),66.0
211,realme,Realme 9 5G (6GB RAM + 128GB),Budget,15499,79,True,False,False,dimensity 810 5g,dimensity,8,2,19,5000,90000,769,Large,True,18,6,768,Standard,128,Medium,6,Large,36440,90,1080,2400,404,Ultra HD,3,1,48,16,64,144,android,True,1024,Realme 9 5G (6GB RAM + 128GB),18.0
212,realme,Realme 9 Pro 5G,Budget,18999,80,True,False,False,snapdragon 695,snapdragon,8,2,17,5000,165000,757,Large,True,33,6,768,Standard,128,Medium,6,Large,48050,120,1080,2412,400,Ultra HD,3,1,64,16,80,192,android,True,256,Realme 9 Pro 5G,33.0
213,lava,Lava Blaze 5G,Budget,10999,73,True,False,False,dimensity 700 5g,dimensity,8,2,17,5000,-5000,769,Large,False,-1,4,512,Low RAM,128,Medium,6,Large,24293,90,1600,720,269,HD,3,1,50,8,58,150,android,True,1024,Lava Blaze 5G,
214,honor,Honor X9a,Mid-range,27999,81,True,True,True,snapdragon 695,snapdragon,8,2,17,5100,204000,764,Large,True,40,8,2048,Standard,256,High,6,Large,47348,120,1080,2400,394,Ultra HD,3,1,64,16,80,192,android,False,0,Honor X9a,40.0
215,google,Google Pixel 7 Pro 5G,Premium,81999,78,True,True,False,google tensor g2,google,8,2,22,5000,150000,746,Large,True,30,12,1536,High RAM,128,Medium,6,Large,61545,120,1440,3120,512,Ultra HD,3,1,50,8,58,150,android,False,0,Google Pixel 7 Pro 5G,30.0
216,tecno,Tecno Pova 3,Budget,9999,74,False,False,False,helio g88,helio,8,2,16,7000,231000,1007,Large,True,33,4,256,Low RAM,64,Low,6,Large,34790,90,1080,2460,386,Ultra HD,3,1,50,8,58,150,android,True,256,Tecno Pova 3,33.0
217,vivo,Vivo V23 Pro 5G,Mid-range,31994,85,True,False,False,dimensity 1200,dimensity,8,3,24,4300,189200,655,Medium,True,44,8,1024,Standard,128,Medium,6,Large,35807,90,1080,2376,397,Ultra HD,3,2,108,50,158,324,android,False,0,Vivo V23 Pro 5G,44.0
218,samsung,Samsung Galaxy A04e,Budget,9299,65,False,False,False,helio p35,helio,8,2,18,5000,-5000,769,Large,False,-1,3,96,Low RAM,32,Low,6,Large,16195,60,720,1600,269,Full HD,2,1,13,5,18,26,android,True,1024,Samsung Galaxy A04e,
219,xiaomi,Xiaomi Redmi K60,Mid-range,29990,84,True,True,True,snapdragon 8+ gen1,snapdragon,8,3,25,5500,368500,824,Large,True,67,8,1024,Standard,128,Medium,6,Large,63131,120,1440,3200,526,Ultra HD,3,1,64,16,80,192,android,False,0,Xiaomi Redmi K60,67.0
220,realme,Realme 9 Pro Plus 5G,Mid-range,25900,78,True,False,False,dimensity 920 5g,dimensity,8,2,20,4500,270000,703,Medium,True,60,6,768,Standard,128,Medium,6,Medium,37009,90,1080,2400,411,Ultra HD,3,1,50,16,66,150,android,False,0,Realme 9 Pro Plus 5G,60.0
221,realme,Realme 9i 5G (6GB RAM + 128GB),Budget,16999,78,True,False,False,dimensity 810 5g,dimensity,8,2,19,5000,90000,757,Large,True,18,6,768,Standard,128,Medium,6,Large,35987,90,1080,2408,399,Ultra HD,3,1,50,8,58,150,android,True,1024,Realme 9i 5G (6GB RAM + 128GB),18.0
222,motorola,Motorola Edge 30 5G (8GB RAM + 128GB),Mid-range,24999,85,True,True,False,snapdragon 778g+,snapdragon,8,2,20,4020,132660,618,Medium,True,33,8,1024,Standard,128,Medium,6,Large,58304,144,1080,2400,404,Ultra HD,3,1,50,32,82,150,android,False,0,Motorola Edge 30 5G (8GB RAM + 128GB),33.0
223,xiaomi,Xiaomi Redmi Note 11 (6GB RAM + 64GB),Budget,12188,79,False,False,True,snapdragon 680,snapdragon,8,2,19,5000,165000,777,Large,True,33,6,384,Standard,64,Low,6,Medium,36837,90,1080,2400,409,Ultra HD,4,1,50,13,63,200,android,True,512,Xiaomi Redmi Note 11 (6GB RAM + 64GB),33.0
224,vivo,Vivo Y02,Budget,8999,79,False,False,False,helio,helio,8,2,18,5000,50000,768,Large,True,10,3,96,Low RAM,32,Low,6,Large,16170,60,720,1600,269,Full HD,1,1,8,5,13,8,android,True,1024,Vivo Y02,10.0
225,poco,POCO C31 (4GB RAM + 64GB),Budget,7499,68,False,False,False,helio g35,helio,8,2,18,5000,-5000,765,Large,False,-1,4,256,Low RAM,64,Low,6,Large,16121,60,720,1600,268,Full HD,3,1,13,5,18,39,android,True,512,POCO C31 (4GB RAM + 64GB),
226,realme,Realme Narzo 50 5G,Budget,17999,79,True,False,False,dimensity 810 5g,dimensity,8,2,19,5000,165000,757,Large,True,33,6,768,Standard,128,Medium,6,Large,35888,90,1080,2400,398,Ultra HD,3,1,48,16,64,144,android,True,1024,Realme Narzo 50 5G,33.0
227,realme,Realme GT Neo 3T,Mid-range,24999,79,True,False,False,snapdragon 870,snapdragon,8,3,25,5000,400000,755,Large,True,80,6,768,Standard,128,Medium,6,Large,47706,120,1080,2400,397,Ultra HD,3,1,64,16,80,192,android,False,0,Realme GT Neo 3T,80.0
228,oppo,OPPO Reno 8 Pro 5G,Premium,45999,86,True,True,False,dimensity 8100-max,dimensity,8,2,22,4500,360000,671,Medium,True,80,12,3072,High RAM,256,High,6,Large,47332,120,1080,2412,394,Ultra HD,3,1,50,32,82,150,android,False,0,OPPO Reno 8 Pro 5G,80.0
229,oneplus,OnePlus 10 Pro 5G (12GB RAM + 256GB),Premium,65499,84,True,True,False,snapdragon 8 gen1,snapdragon,8,3,24,5000,400000,746,Large,True,80,12,3072,High RAM,256,High,6,Large,63110,120,1440,3216,525,Ultra HD,3,1,50,32,82,150,android,False,0,OnePlus 10 Pro 5G (12GB RAM + 256GB),80.0
230,iqoo,iQOO 11 Pro 5G,Premium,58990,89,True,True,True,snapdragon 8 gen2,snapdragon,8,3,25,4700,940000,693,Medium,True,200,8,2048,Standard,256,High,6,Large,74529,144,1440,3200,517,Ultra HD,3,1,50,16,66,150,android,False,0,iQOO 11 Pro 5G,200.0
231,vivo,Vivo T1x 4G,Budget,11999,74,False,False,False,snapdragon 680,snapdragon,8,2,19,5000,90000,759,Large,True,18,4,256,Low RAM,64,Low,6,Large,36097,90,1080,2408,401,Ultra HD,2,1,50,8,58,100,android,True,256,Vivo T1x 4G,18.0
232,xiaomi,Xiaomi Redmi 10 Power,Budget,11999,77,False,False,True,snapdragon 680,snapdragon,8,2,19,6000,108000,895,Large,True,18,8,1024,Standard,128,Medium,6,Large,16121,60,720,1650,268,Full HD,2,1,50,5,55,100,android,True,256,Xiaomi Redmi 10 Power,18.0
233,oppo,OPPO A58,Budget,18990,76,True,False,False,dimensity 700 5g,dimensity,8,2,17,5000,165000,762,Large,True,33,6,768,Standard,128,Medium,6,Large,24221,90,720,1612,269,Full HD,2,1,50,8,58,100,android,True,1024,OPPO A58,33.0
234,vivo,Vivo T1 44W,Budget,14499,77,False,False,False,snapdragon 680,snapdragon,8,2,19,5000,220000,776,Large,True,44,4,512,Low RAM,128,Medium,6,Medium,24587,60,1080,2408,409,Ultra HD,3,1,50,16,66,150,android,True,1024,Vivo T1 44W,44.0
235,xiaomi,Xiaomi Mix Fold 2 5G,Premium,106990,80,True,True,True,snapdragon 8+ gen1,snapdragon,8,3,25,4500,301500,561,Medium,True,67,12,3072,High RAM,256,High,8,Large,43182,120,1914,2160,359,Ultra HD,3,1,50,20,70,150,android,False,0,Xiaomi Mix Fold 2 5G,67.0
236,vivo,Vivo Y16 (3GB RAM + 64GB),Budget,10499,66,False,False,False,helio p35,helio,8,2,18,5000,50000,768,Large,True,10,3,192,Low RAM,64,Low,6,Large,16170,60,720,1600,269,Full HD,2,1,13,5,18,26,android,True,256,Vivo Y16 (3GB RAM + 64GB),10.0
237,oppo,OPPO Reno 8 Z,Mid-range,26990,86,True,True,False,snapdragon 695,snapdragon,8,2,17,4500,148500,699,Medium,True,33,8,2048,Standard,256,High,6,Medium,24558,60,1080,2400,409,Ultra HD,3,1,64,16,80,192,android,True,1024,OPPO Reno 8 Z,33.0
238,vivo,Vivo Y75 4G,Budget,19990,82,False,False,False,helio g96,helio,8,2,16,4050,178200,628,Medium,True,44,8,1024,Standard,128,Medium,6,Medium,24519,60,1080,2400,408,Ultra HD,3,1,50,44,94,150,android,True,1024,Vivo Y75 4G,44.0
239,xiaomi,Xiaomi Redmi Note 12 Explorer,Mid-range,24999,89,True,True,True,dimensity 1080,dimensity,8,2,20,4300,516000,644,Medium,True,120,8,2048,Standard,256,High,6,Large,47348,120,1080,2400,394,Ultra HD,3,1,200,16,216,600,android,True,512,Xiaomi Redmi Note 12 Explorer,120.0
240,oppo,OPPO A57 4G (4GB RAM + 64 GB),Budget,13969,69,False,False,False,helio g35,helio,8,2,18,5000,165000,762,Large,True,33,4,256,Low RAM,64,Low,6,Large,16147,60,720,1612,269,Full HD,2,1,13,8,21,26,android,True,256,OPPO A57 4G (4GB RAM + 64 GB),33.0
241,samsung,Samsung Galaxy A75 5G,Premium,44999,83,True,True,False,snapdragon 778g+,snapdragon,8,2,18,5000,335000,746,Large,True,67,8,1024,Standard,128,Medium,6,Large,47332,120,1080,2412,394,Ultra HD,4,1,108,32,140,432,android,True,1024,Samsung Galaxy A75 5G,67.0
242,vivo,Vivo T1 Pro 5G (8GB RAM + 128GB),Mid-range,24999,84,True,False,False,snapdragon 778g,snapdragon,8,2,19,4700,310200,729,Medium,True,66,8,1024,Standard,128,Medium,6,Medium,36830,90,1080,2404,409,Ultra HD,3,1,64,16,80,192,android,True,1024,Vivo T1 Pro 5G (8GB RAM + 128GB),66.0
243,google,Google Pixel 7 5G,Premium,53100,86,True,True,False,google tensor g2,google,8,2,22,4355,130650,691,Medium,True,30,8,1024,Standard,128,Medium,6,Medium,37597,90,1080,2400,417,Ultra HD,2,1,50,8,58,100,android,False,0,Google Pixel 7 5G,30.0
244,xiaomi,Xiaomi Redmi Note 11T 5G (6GB RAM + 128GB),Budget,16999,81,True,False,True,dimensity 810 5g,dimensity,8,2,19,5000,165000,757,Large,True,33,6,768,Standard,128,Medium,6,Large,35888,90,1080,2400,398,Ultra HD,2,1,50,16,66,100,android,True,1024,Xiaomi Redmi Note 11T 5G (6GB RAM + 128GB),33.0
245,oppo,OPPO F21s Pro 4G,Mid-range,21899,82,False,False,False,snapdragon 680,snapdragon,8,2,19,4500,148500,699,Medium,True,33,8,1024,Standard,128,Medium,6,Medium,36837,90,1080,2400,409,Ultra HD,3,1,64,32,96,192,android,True,512,OPPO F21s Pro 4G,33.0
246,apple,Apple iPhone 14 (256GB),Premium,75999,82,True,True,False,bionic a15,bionic,6,3,19,3279,0,537,Small,True,0,6,1536,Standard,256,High,6,Medium,27435,60,1170,2532,457,Ultra HD,2,1,12,12,24,24,ios,False,0,Apple iPhone 14 (256GB),
247,motorola,Motorola Moto G73,Mid-range,25999,85,True,True,False,dimensity 930,dimensity,8,2,17,5000,150000,769,Large,True,30,8,2048,Standard,256,High,6,Large,48587,120,1080,2400,404,Ultra HD,2,1,50,16,66,100,android,True,256,Motorola Moto G73,30.0
248,nubia,Nubia Red Magic 8 Pro 5G,Premium,46990,84,True,True,False,snapdragon 8 gen2,snapdragon,8,3,25,6000,480000,882,Large,True,80,8,1024,Standard,128,Medium,6,Large,47991,120,1116,2480,399,Ultra HD,3,1,50,16,66,150,android,False,0,Nubia Red Magic 8 Pro 5G,80.0
249,motorola,Motorola Moto G31,Budget,9999,75,False,False,False,helio g85,helio,8,2,16,5000,100000,772,Large,True,20,4,256,Low RAM,64,Low,6,Medium,24406,60,1080,2400,406,Ultra HD,3,1,50,13,63,150,android,True,1024,Motorola Moto G31,20.0
250,tecno,Tecno Phantom X2 Pro,Premium,49999,89,True,True,False,dimensity 9000,dimensity,8,3,24,5160,232200,758,Large,True,45,12,3072,High RAM,256,High,6,Large,46443,120,1080,2400,387,Ultra HD,3,1,50,32,82,150,android,False,0,Tecno Phantom X2 Pro,45.0
251,infinix,Infinix Zero 20,Budget,17999,87,False,True,False,helio g99,helio,8,2,17,4500,202500,671,Medium,True,45,8,1024,Standard,128,Medium,6,Large,35352,90,1080,2400,392,Ultra HD,3,1,108,60,168,324,android,True,2048,Infinix Zero 20,45.0
252,iqoo,iQOO Z6 5G (6GB RAM + 128GB),Budget,16940,80,True,False,False,snapdragon 695,snapdragon,8,2,17,5000,90000,759,Large,True,18,6,768,Standard,128,Medium,6,Large,48129,120,1080,2408,401,Ultra HD,3,1,50,16,66,150,android,True,1024,iQOO Z6 5G (6GB RAM + 128GB),18.0
253,xiaomi,Xiaomi Redmi Note 11 Pro 5G,Budget,17990,81,True,False,True,snapdragon 695,snapdragon,8,2,17,5000,335000,749,Large,True,67,6,384,Standard,64,Low,6,Large,47348,120,1080,2400,394,Ultra HD,3,1,108,16,124,324,android,True,256,Xiaomi Redmi Note 11 Pro 5G,67.0
254,oppo,OPPO A1 Pro,Mid-range,20990,84,True,True,False,snapdragon 695,snapdragon,8,2,17,4800,321600,716,Medium,True,67,8,1024,Standard,128,Medium,6,Large,47332,120,1080,2412,394,Ultra HD,2,1,108,16,124,216,android,True,1024,OPPO A1 Pro,67.0
255,samsung,Samsung Galaxy S22 FE 5G,Premium,51999,79,True,True,False,exynos 2300,exynos,8,2,18,4200,138600,656,Medium,True,33,8,1024,Standard,128,Medium,6,Medium,49346,120,1080,2400,411,Ultra HD,3,1,12,32,44,36,android,False,0,Samsung Galaxy S22 FE 5G,33.0
256,samsung,Samsung Galaxy S22 Plus 5G,Premium,64449,87,True,True,False,snapdragon 8 gen1,snapdragon,8,3,24,4500,202500,681,Medium,True,45,8,1024,Standard,128,Medium,6,Large,46858,120,1080,2340,390,Ultra HD,3,1,50,10,60,150,android,False,0,Samsung Galaxy S22 Plus 5G,45.0
257,vivo,Vivo U3x,Budget,8990,71,True,False,False,snapdragon 480,snapdragon,8,2,16,5000,90000,759,Large,True,18,6,384,Standard,64,Low,6,Large,36097,90,1080,2408,401,Ultra HD,2,1,13,8,21,26,android,False,0,Vivo U3x,18.0
258,motorola,Motorola Moto G23,Budget,19999,77,False,True,False,helio g85,helio,8,2,16,5000,150000,769,Large,True,30,4,512,Low RAM,128,Medium,6,Large,24293,90,720,1600,269,Full HD,3,1,50,16,66,150,android,True,512,Motorola Moto G23,30.0
259,poco,Poco M4 5G (6GB RAM + 128GB),Budget,13499,79,True,False,True,dimensity 700 5g,dimensity,8,2,17,5000,90000,759,Large,True,18,6,768,Standard,128,Medium,6,Large,35997,90,1080,2400,399,Ultra HD,2,1,50,8,58,100,android,True,512,Poco M4 5G (6GB RAM + 128GB),18.0
260,tecno,Tecno Pova 5G,Budget,15499,78,True,False,False,dimensity 900,dimensity,8,2,19,6000,108000,869,Large,True,18,8,1024,Standard,128,Medium,6,Large,46724,120,1080,2460,389,Ultra HD,3,1,50,16,66,150,android,True,512,Tecno Pova 5G,18.0
261,poco,POCO C31,Budget,6499,65,False,False,False,helio g35,helio,8,2,18,5000,-5000,765,Large,False,-1,3,96,Low RAM,32,Low,6,Large,16121,60,720,1600,268,Full HD,3,1,13,5,18,39,android,True,512,POCO C31,
262,apple,Apple iPhone XR2,Premium,71999,60,False,True,False,apple a13,bionic,8,2,18,3060,0,501,Small,True,0,4,256,Low RAM,64,Low,6,Medium,19416,60,828,1792,323,Full HD,2,1,12,7,19,24,ios,False,0,Apple iPhone XR2,
263,samsung,Samsung Galaxy A53 (8GB RAM + 256GB),Mid-range,36499,89,True,True,False,exynos 1280,exynos,8,2,19,5000,125000,769,Large,True,25,8,2048,Standard,256,High,6,Large,48587,120,1080,2400,404,Ultra HD,4,1,64,32,96,256,android,True,1024,Samsung Galaxy A53 (8GB RAM + 256GB),25.0
264,infinix,Infinix Note 12 5G,Budget,15999,78,True,False,False,dimensity 810 5g,dimensity,8,2,19,5000,165000,746,Large,True,33,6,384,Standard,64,Low,6,Large,23568,60,1080,2400,392,Ultra HD,3,1,50,16,66,150,android,True,2048,Infinix Note 12 5G,33.0
265,oppo,OPPO Reno7 Pro 5G,Mid-range,31994,87,True,True,False,dimensity 1200 max,dimensity,8,3,24,4500,292500,687,Medium,True,65,12,3072,High RAM,256,High,6,Large,36162,90,1080,2400,401,Ultra HD,3,1,50,32,82,150,android,True,256,OPPO Reno7 Pro 5G,65.0
266,oneplus,OnePlus Ace 2,Mid-range,34999,84,True,True,False,snapdragon 8+ gen1,snapdragon,8,3,25,5000,500000,746,Large,True,100,8,1024,Standard,128,Medium,6,Large,47332,120,1080,2412,394,Ultra HD,3,1,50,16,66,150,android,False,0,OnePlus Ace 2,100.0
267,redmi,Redmi Note 11 Pro 2023,Budget,18999,81,False,False,True,snapdragon 712,snapdragon,8,2,18,5000,335000,749,Large,True,67,6,768,Standard,128,Medium,6,Large,47348,120,1080,2400,394,Ultra HD,4,1,108,16,124,432,android,True,1024,Redmi Note 11 Pro 2023,67.0
268,nothing,Nothing Phone 2,Mid-range,39990,88,True,True,False,snapdragon 8+ gen1,snapdragon,8,3,25,4700,310200,704,Medium,True,66,8,1024,Standard,128,Medium,6,Large,47348,120,1080,2400,394,Ultra HD,3,1,50,32,82,150,android,False,0,Nothing Phone 2,66.0
269,samsung,Samsung Galaxy A32 (8GB RAM + 128GB),Budget,16499,82,False,False,False,helio g80,helio,8,2,16,5000,75000,781,Large,True,15,8,1024,Standard,128,Medium,6,Medium,37009,90,1080,2400,411,Ultra HD,4,1,64,20,84,256,android,True,1024,Samsung Galaxy A32 (8GB RAM + 128GB),15.0
270,google,Google Pixel 6 Pro,Premium,54300,89,True,True,False,google tensor,google,8,2,22,5003,150090,745,Large,True,30,12,1536,High RAM,128,Medium,6,Large,61453,120,1440,3120,512,Ultra HD,3,1,50,1,51,150,android,False,0,Google Pixel 6 Pro,30.0
271,infinix,Infinix Note 12i (2022),Budget,9999,73,False,False,False,helio g85,helio,8,2,16,5000,165000,746,Large,True,33,4,256,Low RAM,64,Low,6,Large,23568,60,1080,2400,392,Ultra HD,3,1,50,8,58,150,android,True,512,Infinix Note 12i (2022),33.0
272,xiaomi,Xiaomi Redmi 11 Prime 5G (6GB RAM + 128GB),Budget,15990,77,True,False,True,dimensity 700 5g,dimensity,8,2,17,5000,90000,759,Large,True,18,6,768,Standard,128,Medium,6,Large,36097,90,1080,2408,401,Ultra HD,2,1,50,5,55,100,android,True,512,Xiaomi Redmi 11 Prime 5G (6GB RAM + 128GB),18.0
273,xiaomi,Xiaomi Redmi Note 11 Pro Plus 5G (8GB RAM + 128GB),Mid-range,22700,86,True,False,True,snapdragon 695,snapdragon,8,2,17,5000,335000,749,Large,True,67,8,1024,Standard,128,Medium,6,Large,47348,120,1080,2400,394,Ultra HD,3,1,108,16,124,324,android,True,1024,Xiaomi Redmi Note 11 Pro Plus 5G (8GB RAM + 128GB),67.0
274,xiaomi,Xiaomi 12 Pro 5G,Premium,50990,89,True,True,True,snapdragon 8 gen1,snapdragon,8,3,24,4600,552000,683,Medium,True,120,8,2048,Standard,256,High,6,Large,62568,120,1440,3200,521,Ultra HD,3,1,50,32,82,150,android,False,0,Xiaomi 12 Pro 5G,120.0
275,apple,Apple iPhone 13 Mini,Premium,64900,79,True,True,False,bionic a15,bionic,6,3,19,2438,0,451,Small,True,0,4,512,Low RAM,128,Medium,5,Compact,28635,60,1080,2340,477,Ultra HD,2,1,12,12,24,24,ios,False,0,Apple iPhone 13 Mini,
276,tecno,Tecno Pova 3 (6GB RAM + 128GB),Budget,13799,77,False,False,False,helio g88,helio,8,2,16,7000,231000,1014,Large,True,33,6,768,Standard,128,Medium,6,Large,35043,90,1080,2460,389,Ultra HD,3,1,50,8,58,150,android,True,256,Tecno Pova 3 (6GB RAM + 128GB),33.0
277,realme,Realme C31 (4GB RAM + 64GB),Budget,8999,65,False,False,False,tiger t612,tiger,8,1,14,5000,-5000,766,Large,False,-1,4,256,Low RAM,64,Low,6,Large,16146,60,720,1600,269,Full HD,3,1,13,5,18,39,android,True,1024,Realme C31 (4GB RAM + 64GB),
278,asus,Asus ROG Phone 6 Pro 5G,Premium,89999,88,True,True,False,snapdragon 8+ gen1,snapdragon,8,3,25,6000,390000,884,Large,True,65,18,9216,High RAM,512,High,6,Large,65115,165,1080,2448,394,Ultra HD,3,1,50,12,62,150,android,False,0,Asus ROG Phone 6 Pro 5G,65.0
279,vivo,Vivo V23e 5G,Mid-range,21994,84,True,False,False,dimensity 810 5g,dimensity,8,2,19,4050,178200,628,Medium,True,44,8,1024,Standard,128,Medium,6,Medium,24519,60,1080,2400,408,Ultra HD,3,1,50,44,94,150,android,True,256,Vivo V23e 5G,44.0
280,apple,Apple iPhone 14 Mini,Premium,69990,70,False,True,False,bionic a16,bionic,8,2,18,3500,0,645,Small,True,0,6,768,Standard,128,Medium,5,Compact,28529,60,1080,2340,475,Ultra HD,2,1,12,12,24,24,ios,False,0,Apple iPhone 14 Mini,
281,xiaomi,Xiaomi Redmi Note 10T 5G,Budget,12999,75,True,False,True,dimensity 700,dimensity,8,2,17,5000,90000,769,Large,True,18,4,256,Low RAM,64,Low,6,Large,36440,90,1080,2400,404,Ultra HD,3,1,48,8,56,144,android,True,1024,Xiaomi Redmi Note 10T 5G,18.0
282,iqoo,iQOO Neo 7 SE 5G,Mid-range,24990,83,True,True,False,dimensity 8200,dimensity,8,3,24,5000,600000,737,Large,True,120,8,1024,Standard,128,Medium,6,Large,46580,120,1080,2400,388,Ultra HD,3,1,64,16,80,192,android,False,0,iQOO Neo 7 SE 5G,120.0
283,samsung,Samsung Galaxy A23 (8GB RAM + 128GB),Budget,19990,82,False,False,False,snapdragon 680,snapdragon,8,2,19,5000,125000,757,Large,True,25,8,1024,Standard,128,Medium,6,Large,23991,60,1080,2408,399,Ultra HD,4,1,50,8,58,200,android,True,1024,Samsung Galaxy A23 (8GB RAM + 128GB),25.0
284,xiaomi,Xiaomi Redmi Note 12 Pro (8GB RAM + 128GB),Mid-range,26999,82,True,False,True,dimensity 1080,dimensity,8,2,20,5000,335000,749,Large,True,67,8,1024,Standard,128,Medium,6,Large,47348,120,1080,2400,394,Ultra HD,3,1,50,16,66,150,android,False,0,Xiaomi Redmi Note 12 Pro (8GB RAM + 128GB),67.0
285,xiaomi,Xiaomi Redmi Note 12 Turbo,Budget,19999,81,True,True,True,snapdragon 778g,snapdragon,8,2,19,5000,335000,749,Large,True,67,8,1024,Standard,128,Medium,6,Large,47348,120,1080,2400,394,Ultra HD,3,1,50,16,66,150,android,False,0,Xiaomi Redmi Note 12 Turbo,67.0
286,infinix,Infinix Note 12 Pro,Budget,16900,83,False,False,False,helio g99,helio,8,2,17,5000,165000,746,Large,True,33,8,2048,Standard,256,High,6,Large,23568,60,1080,2400,392,Ultra HD,3,1,108,16,124,324,android,True,2048,Infinix Note 12 Pro,33.0
287,infinix,Infinix Hot 20 (6GB RAM+ 128GB),Budget,19999,78,True,False,False,dimensity 810,dimensity,8,2,19,5000,90000,757,Large,True,18,6,768,Standard,128,Medium,6,Large,47983,120,1080,2408,399,Ultra HD,2,1,50,8,58,100,android,True,1024,Infinix Hot 20 (6GB RAM+ 128GB),18.0
288,apple,Apple iPhone 14 Pro Max (1TB),Premium,182999,78,True,True,False,bionic a16,bionic,6,2,13,4323,0,645,Medium,True,0,6,6144,Standard,1024,High,6,Large,55150,120,1290,2796,459,Ultra HD,3,1,48,12,60,144,ios,False,0,Apple iPhone 14 Pro Max (1TB),
289,samsung,Samsung Galaxy M13,Budget,12999,75,False,False,False,exynos 850,exynos,8,2,16,6000,90000,909,Large,True,15,6,768,Standard,128,Medium,6,Large,23925,60,1080,2400,398,Ultra HD,3,1,50,8,58,150,android,True,1024,Samsung Galaxy M13,15.0
290,poco,Poco M4 Pro 5G (8GB RAM + 128GB),Budget,15999,82,True,False,True,dimensity 810 5g,dimensity,8,2,19,5000,165000,757,Large,True,33,8,1024,Standard,128,Medium,6,Large,35888,90,1080,2400,398,Ultra HD,2,1,50,16,66,100,android,True,1024,Poco M4 Pro 5G (8GB RAM + 128GB),33.0
291,xiaomi,Xiaomi Redmi Note 10S (8GB RAM + 128GB),Budget,13999,82,False,False,True,helio g95,helio,8,2,16,5000,165000,777,Large,True,33,8,1024,Standard,128,Medium,6,Medium,24558,60,1080,2400,409,Ultra HD,4,1,64,13,77,256,android,True,512,Xiaomi Redmi Note 10S (8GB RAM + 128GB),33.0
292,realme,Realme C11 2021 (4GB RAM + 64GB),Budget,7749,61,False,False,False,sc9863a,sc9863a,8,1,12,5000,-5000,766,Large,False,-1,4,256,Low RAM,64,Low,6,Large,16146,60,720,1600,269,Full HD,1,1,8,5,13,8,android,True,256,Realme C11 2021 (4GB RAM + 64GB),
293,samsung,Samsung Galaxy A23 5G (8GB RAM + 128GB),Mid-range,24999,81,True,False,False,snapdragon 695,snapdragon,8,2,17,5000,125000,757,Large,True,25,8,1024,Standard,128,Medium,6,Large,47983,120,1080,2408,399,Ultra HD,4,1,50,8,58,200,android,True,1024,Samsung Galaxy A23 5G (8GB RAM + 128GB),25.0
294,motorola,Motorola Edge 30 Ultra (12GB RAM + 256GB),Premium,59999,81,True,True,False,snapdragon 8+ gen1,snapdragon,8,3,25,4610,576250,691,Medium,True,125,12,3072,High RAM,256,High,6,Large,56818,144,1080,2400,394,Ultra HD,3,1,200,60,260,600,android,False,0,Motorola Edge 30 Ultra (12GB RAM + 256GB),125.0
295,oppo,OPPO F21s Pro,Mid-range,25895,82,True,False,False,snapdragon 695,snapdragon,8,2,17,4500,148500,699,Medium,True,33,8,1024,Standard,128,Medium,6,Medium,24558,60,1080,2400,409,Ultra HD,3,1,64,16,80,192,android,True,512,OPPO F21s Pro,33.0
296,xiaomi,Xiaomi 13 5G,Premium,46990,89,True,True,True,snapdragon 8 gen2,snapdragon,8,3,25,4500,301500,707,Medium,True,67,8,1024,Standard,128,Medium,6,Medium,49656,120,1080,2400,413,Ultra HD,3,1,50,32,82,150,android,False,0,Xiaomi 13 5G,67.0
297,xiaomi,Xiaomi Redmi 10A,Budget,7499,64,False,False,False,helio g25,helio,8,2,16,5000,-5000,765,Large,False,-1,3,96,Low RAM,32,Low,6,Large,16121,60,720,1600,268,Full HD,1,1,13,5,18,13,android,True,512,Xiaomi Redmi 10A,
298,vivo,Vivo Y01A,Budget,7790,60,False,False,False,helio p35,helio,8,2,18,5000,50000,768,Large,True,10,2,64,Low RAM,32,Low,6,Large,16170,60,720,1600,269,Full HD,1,1,8,5,13,8,android,True,256,Vivo Y01A,10.0
299,xiaomi,Xiaomi Redmi K50i (8GB RAM + 256GB),Mid-range,25999,85,True,False,True,dimensity 8100,dimensity,8,2,22,5080,340360,769,Large,True,67,8,2048,Standard,256,High,6,Large,58617,144,1080,2460,407,Ultra HD,3,1,64,16,80,192,android,False,0,Xiaomi Redmi K50i (8GB RAM + 256GB),67.0
300,realme,Realme C30 (3GB RAM + 32GB),Budget,6299,60,False,False,False,tiger t612,tiger,8,1,14,5000,-5000,769,Large,False,-1,3,96,Low RAM,32,Low,6,Large,16195,60,720,1600,269,Full HD,1,1,8,5,13,8,android,True,1024,Realme C30 (3GB RAM + 32GB),
301,motorola,Motorola Moto G51 5G,Budget,12999,77,True,True,False,snapdragon 480+,snapdragon,8,2,17,5000,-5000,735,Large,False,-1,4,256,Low RAM,64,Low,6,Large,46443,120,1080,2400,387,Ultra HD,3,1,50,13,63,150,android,True,512,Motorola Moto G51 5G,
302,xiaomi,Xiaomi Redmi 10 (6GB RAM + 128GB),Budget,11999,75,False,False,False,snapdragon 680,snapdragon,8,2,19,6000,108000,895,Large,True,18,6,768,Standard,128,Medium,6,Large,15712,60,720,1600,261,Full HD,2,1,50,5,55,100,android,True,512,Xiaomi Redmi 10 (6GB RAM + 128GB),18.0
303,xiaomi,Xiaomi Mi 11 Lite NE 5G,Mid-range,21890,83,True,True,True,snapdragon 778g,snapdragon,8,2,19,4250,140250,648,Medium,True,33,6,768,Standard,128,Medium,6,Large,36162,90,1080,2400,401,Ultra HD,3,1,64,20,84,192,android,True,256,Xiaomi Mi 11 Lite NE 5G,33.0
304,samsung,Samsung Galaxy Z Flip 3,Premium,69999,84,True,True,False,snapdragon 888,snapdragon,8,2,22,3300,49500,492,Small,True,15,8,1024,Standard,128,Medium,6,Large,51087,120,1080,2640,425,Ultra HD,2,1,12,10,22,24,android,False,0,Samsung Galaxy Z Flip 3,15.0
305,apple,Apple iPhone 12 (128GB),Premium,55999,75,True,True,False,bionic a14,bionic,6,3,18,5000,-5000,819,Large,False,-1,4,512,Low RAM,128,Medium,6,Medium,27435,60,1170,2532,457,Ultra HD,2,1,12,12,24,24,ios,False,0,Apple iPhone 12 (128GB),
306,oneplus,OnePlus 10T (16GB RAM + 256GB),Premium,55999,87,True,True,False,snapdragon 8+ gen1,snapdragon,8,3,25,4800,720000,716,Medium,True,150,16,4096,High RAM,256,High,6,Large,47332,120,1080,2412,394,Ultra HD,3,1,50,16,66,150,android,False,0,OnePlus 10T (16GB RAM + 256GB),150.0
307,samsung,Samsung Galaxy A13 (4GB RAM + 128GB),Budget,14999,75,False,False,False,snapdragon,snapdragon,8,2,16,5000,125000,757,Large,True,25,4,512,Low RAM,128,Medium,6,Large,23991,60,1080,2408,399,Ultra HD,4,1,50,8,58,200,android,True,1024,Samsung Galaxy A13 (4GB RAM + 128GB),25.0
308,oppo,OPPO Reno7 5G,Mid-range,25994,85,True,True,False,dimensity 900,dimensity,8,2,16,4500,292500,699,Medium,True,65,8,2048,Standard,256,High,6,Medium,36837,90,1080,2400,409,Ultra HD,3,1,64,32,96,192,android,True,1024,OPPO Reno7 5G,65.0
309,oneplus,OnePlus 9RT 5G,Premium,42999,85,True,True,False,snapdragon 888,snapdragon,8,2,22,4500,0,679,Medium,True,0,8,1024,Standard,128,Medium,6,Large,47706,120,1080,2400,397,Ultra HD,3,1,50,16,66,150,android,False,0,OnePlus 9RT 5G,
310,samsung,Samsung Galaxy A53 5G (8GB RAM + 128GB),Mid-range,33499,89,True,True,False,exynos 1280,exynos,8,2,19,5000,125000,769,Large,True,25,8,1024,Standard,128,Medium,6,Large,48587,120,1080,2400,404,Ultra HD,4,1,64,32,96,256,android,True,1024,Samsung Galaxy A53 5G (8GB RAM + 128GB),25.0
311,samsung,Samsung Galaxy S22 Ultra 5G (12GB RAM + 512GB),Premium,118999,79,True,True,False,snapdragon 8 gen1,snapdragon,8,3,24,5000,225000,735,Large,True,45,12,6144,High RAM,512,High,6,Large,60000,120,1440,3080,500,Ultra HD,4,1,108,40,148,432,android,False,0,Samsung Galaxy S22 Ultra 5G (12GB RAM + 512GB),45.0
312,motorola,Motorola Moto G71 5G,Budget,16999,80,True,True,False,snapdragon 695,snapdragon,8,2,17,5000,165000,781,Large,True,33,6,768,Standard,128,Medium,6,Medium,24673,60,1080,2400,411,Ultra HD,3,1,50,16,66,150,android,False,0,Motorola Moto G71 5G,33.0
313,itel,itel S16 Pro,Budget,6990,61,False,False,False,snapdragon,snapdragon,4,1,5,4000,-4000,606,Medium,False,-1,2,64,Low RAM,32,Low,6,Large,15950,60,1600,720,265,HD,3,1,8,8,16,24,android,True,32,itel S16 Pro,
314,vivo,Vivo Y100,Mid-range,29990,82,True,False,False,dimensity 900,dimensity,8,2,19,5000,330000,833,Large,True,66,8,1024,Standard,128,Medium,6,Medium,52636,120,1080,2400,438,Ultra HD,3,2,50,50,100,150,android,False,0,Vivo Y100,66.0
315,samsung,Samsung Galaxy M13 5G (4GB RAM + 64GB),Budget,12944,71,True,False,False,dimensity 700,dimensity,8,2,17,5000,75000,769,Large,True,15,4,256,Low RAM,64,Low,6,Large,24293,90,720,1600,269,Full HD,2,1,50,5,55,100,android,True,1024,Samsung Galaxy M13 5G (4GB RAM + 64GB),15.0
316,poco,POCO X5 GT,Mid-range,29990,84,True,True,True,dimensity 9000 plus,dimensity,8,3,25,5000,400000,746,Large,True,80,8,1024,Standard,128,Medium,6,Large,56564,144,1080,2400,392,Ultra HD,3,1,64,32,96,192,android,False,0,POCO X5 GT,80.0
317,honor,Honor X9 5G,Budget,16999,80,True,True,False,snapdragon 695,snapdragon,8,2,17,4800,316800,704,Medium,True,66,8,1024,Standard,128,Medium,6,Large,23091,60,1080,2388,384,Ultra HD,3,1,48,16,64,144,android,False,0,Honor X9 5G,66.0
318,iqoo,iQOO 11 (16GB RAM + 256GB),Premium,64999,89,True,True,False,snapdragon 8 gen2,snapdragon,8,3,25,5000,600000,737,Large,True,120,16,4096,High RAM,256,High,6,Large,74529,144,1440,3200,517,Ultra HD,3,1,50,16,66,150,android,False,0,iQOO 11 (16GB RAM + 256GB),120.0
319,samsung,Samsung Galaxy Z Fold 4,Premium,154998,79,True,True,False,snapdragon 8+ gen1,snapdragon,8,3,25,4400,110000,578,Medium,True,25,12,3072,High RAM,256,High,7,Large,44710,120,1812,2176,372,Ultra HD,3,2,50,10,60,150,android,False,0,Samsung Galaxy Z Fold 4,25.0
320,royole,Royole FlexPai 2,Premium,109999,87,True,False,False,snapdragon 865,snapdragon,8,2,22,4450,-4450,570,Medium,False,-1,8,1024,Standard,128,Medium,7,Large,18461,60,1440,1920,307,Full HD,3,1,64,32,96,192,android,False,0,Royole FlexPai 2,
321,apple,Apple iPhone 14 Plus (256GB),Premium,84999,83,True,True,False,bionic a15,bionic,6,3,19,4325,0,645,Medium,True,0,6,1536,Standard,256,High,6,Large,27406,60,1284,2778,456,Ultra HD,2,1,12,12,24,24,ios,False,0,Apple iPhone 14 Plus (256GB),
322,samsung,Samsung Galaxy A33 5G (8GB RAM + 128GB),Mid-range,27499,85,True,True,False,exynos 1280,exynos,8,2,19,5000,125000,781,Large,True,25,8,1024,Standard,128,Medium,6,Medium,37009,90,1080,2400,411,Ultra HD,4,1,48,13,61,192,android,True,1024,Samsung Galaxy A33 5G (8GB RAM + 128GB),25.0
323,tecno,Tecno Spark 9,Budget,8999,69,False,False,False,helio g37,helio,8,2,18,5000,-5000,757,Large,False,-1,6,768,Standard,128,Medium,6,Large,23925,90,720,1600,265,Full HD,2,1,13,8,21,26,android,True,256,Tecno Spark 9,
324,google,Google Pixel 6,Premium,40480,84,True,True,False,google tensor,google,8,2,22,4614,138420,720,Medium,True,30,8,1024,Standard,128,Medium,6,Medium,37009,90,1080,2400,411,Ultra HD,2,1,50,8,58,100,android,False,0,Google Pixel 6,30.0
325,xiaomi,Xiaomi Redmi Note 10 Pro (6GB RAM + 128GB),Budget,17999,81,False,False,True,snapdragon 732g,snapdragon,8,2,18,5020,165660,752,Large,True,33,6,768,Standard,128,Medium,6,Large,47348,120,1080,2400,394,Ultra HD,4,1,64,16,80,256,android,True,512,Xiaomi Redmi Note 10 Pro (6GB RAM + 128GB),33.0
326,samsung,Samsung Galaxy S21 Ultra,Premium,105999,79,True,True,False,exynos 2100,exynos,8,2,23,5000,125000,735,Large,True,25,12,3072,High RAM,256,High,6,Large,61924,120,1440,3200,516,Ultra HD,4,1,108,40,148,432,android,False,0,Samsung Galaxy S21 Ultra,25.0
327,infinix,Infinix Hot 20 Play,Budget,8999,67,False,False,False,helio g37,helio,8,2,18,6000,108000,879,Large,True,18,4,256,Low RAM,64,Low,6,Large,23636,90,720,1640,262,Full HD,2,1,13,8,21,26,android,True,256,Infinix Hot 20 Play,18.0
328,vivo,Vivo T1x (6GB RAM + 128GB),Budget,14999,77,False,False,False,snapdragon 680,snapdragon,8,2,19,5000,90000,759,Large,True,18,6,768,Standard,128,Medium,6,Large,36097,90,1080,2408,401,Ultra HD,2,1,50,8,58,100,android,True,256,Vivo T1x (6GB RAM + 128GB),18.0
329,oppo,OPPO F23 Pro,Budget,19990,82,True,False,False,snapdragon 695,snapdragon,8,2,17,4500,148500,692,Medium,True,33,8,1024,Standard,128,Medium,6,Large,36440,90,1080,2400,404,Ultra HD,3,1,64,32,96,192,android,True,256,OPPO F23 Pro,33.0
330,iqoo,iQOO Z6 Pro 5G (8GB RAM + 128GB),Mid-range,23399,80,True,False,False,snapdragon 778g,snapdragon,8,2,19,4700,310200,729,Medium,True,66,8,1024,Standard,128,Medium,6,Medium,36830,90,1080,2404,409,Ultra HD,3,1,64,16,80,192,android,False,0,iQOO Z6 Pro 5G (8GB RAM + 128GB),66.0
331,samsung,Samsung Galaxy A73 5G (8GB RAM + 256GB),Premium,41990,79,True,True,False,snapdragon 778g,snapdragon,8,2,19,5000,125000,746,Large,True,25,8,2048,Standard,256,High,6,Large,47136,120,1080,2400,392,Ultra HD,4,1,108,32,140,432,android,True,1024,Samsung Galaxy A73 5G (8GB RAM + 256GB),25.0
332,realme,Realme 9 5G SE (8GB RAM + 128GB),Mid-range,22998,82,True,False,False,snapdragon 778g,snapdragon,8,2,19,5000,150000,757,Large,True,30,8,1024,Standard,128,Medium,6,Large,57660,144,1080,2412,400,Ultra HD,3,1,48,16,64,144,android,True,1024,Realme 9 5G SE (8GB RAM + 128GB),30.0
333,poco,Poco F4 5G,Mid-range,25999,82,True,True,False,snapdragon 870,snapdragon,8,3,25,4500,301500,674,Medium,True,67,6,768,Standard,128,Medium,6,Large,47348,120,1080,2400,394,Ultra HD,3,1,64,20,84,192,android,False,0,Poco F4 5G,67.0
334,infinix,Infinix Note 12,Budget,11700,74,False,False,False,helio g88,helio,8,2,16,5000,165000,746,Large,True,33,4,256,Low RAM,64,Low,6,Large,23568,60,2400,1080,392,Full HD,3,1,50,16,66,150,android,True,512,Infinix Note 12,33.0
335,samsung,Samsung Galaxy A03 Core,Budget,6499,79,False,False,False,unisoc sc9836a,unisoc,4,1,6,5000,-5000,769,Large,False,-1,2,64,Low RAM,32,Low,6,Large,16195,60,720,1600,269,Full HD,1,1,8,5,13,8,android,True,1024,Samsung Galaxy A03 Core,
336,motorola,Motorola Moto G60,Budget,15999,84,False,True,False,snapdragon 732g,snapdragon,8,2,18,6000,120000,884,Large,True,20,6,768,Standard,128,Medium,6,Large,47551,120,1080,2460,396,Ultra HD,3,1,108,32,140,324,android,True,1024,Motorola Moto G60,20.0
337,oneplus,OnePlus 9 Pro,Premium,64800,89,True,True,False,snapdragon 888,snapdragon,8,2,22,4500,292500,671,Medium,True,65,8,1024,Standard,128,Medium,6,Large,63110,120,1440,3216,525,Ultra HD,4,1,48,16,64,192,android,False,0,OnePlus 9 Pro,65.0
338,xiaomi,Xiaomi Redmi Note 11S,Budget,14590,80,False,False,True,helio g96,helio,8,2,16,5000,165000,777,Large,True,33,6,384,Standard,64,Low,6,Medium,36837,90,1080,2400,409,Ultra HD,4,1,108,16,124,432,android,True,512,Xiaomi Redmi Note 11S,33.0
339,xiaomi,Xiaomi Redmi 9 Activ,Budget,7499,68,False,False,False,helio g35,helio,8,2,18,5000,-5000,765,Large,False,-1,4,256,Low RAM,64,Low,6,Large,16121,60,720,1600,268,Full HD,2,1,13,5,18,26,android,True,512,Xiaomi Redmi 9 Activ,
340,tecno,Tecno Camon 19 Pro 5G,Mid-range,21999,82,True,True,False,dimensity 810 5g,dimensity,8,2,19,5000,165000,735,Large,True,33,8,1024,Standard,128,Medium,6,Large,47411,120,1080,2460,395,Ultra HD,3,1,64,16,80,192,android,False,0,Tecno Camon 19 Pro 5G,33.0
341,samsung,Samsung Galaxy A04,Budget,11999,71,False,False,False,helio p35,helio,8,2,18,5000,0,769,Large,True,0,4,256,Low RAM,64,Low,6,Large,16195,60,720,1600,269,Full HD,2,1,50,5,55,100,android,True,1024,Samsung Galaxy A04,
342,poco,POCO M4 Pro 4G (6GB RAM + 128GB),Budget,12999,79,False,False,True,helio g96,helio,8,2,16,5000,165000,777,Large,True,33,6,768,Standard,128,Medium,6,Medium,36837,90,1080,2400,409,Ultra HD,3,1,64,16,80,192,android,True,1024,POCO M4 Pro 4G (6GB RAM + 128GB),33.0
343,oneplus,OnePlus Nord N20 5G,Mid-range,20990,81,True,True,False,snapdragon 695,snapdragon,8,2,17,4500,148500,699,Medium,True,33,6,768,Standard,128,Medium,6,Medium,24558,60,1080,2400,409,Ultra HD,3,1,64,16,80,192,android,True,256,OnePlus Nord N20 5G,33.0
344,apple,Apple iPhone 13 (256GB),Premium,72999,79,True,True,False,bionic a15,bionic,6,3,19,3240,0,531,Small,True,0,4,1024,Low RAM,256,High,6,Medium,27435,60,1170,2532,457,Ultra HD,2,1,12,12,24,24,ios,False,0,Apple iPhone 13 (256GB),
345,oppo,Oppo Find X6 Pro,Premium,77990,80,True,True,False,snapdragon 8 gen2,snapdragon,8,3,25,4700,564000,693,Medium,True,120,12,3072,High RAM,256,High,6,Large,46580,120,1080,2400,388,Ultra HD,3,1,50,32,82,150,android,False,0,Oppo Find X6 Pro,120.0
346,vivo,Vivo X90 Pro 5G,Premium,56999,79,True,True,True,dimensity 9200,dimensity,8,3,24,4870,584400,718,Medium,True,120,8,2048,Standard,256,High,6,Large,54344,120,1260,2800,452,Ultra HD,3,1,50,32,82,150,android,False,0,Vivo X90 Pro 5G,120.0
347,motorola,Motorola Moto G53,Mid-range,21999,79,True,True,False,snapdragon 480+,snapdragon,8,2,17,5000,50000,769,Large,True,10,4,512,Low RAM,128,Medium,6,Large,32391,120,720,1600,269,Full HD,2,1,50,16,66,100,android,True,1024,Motorola Moto G53,10.0
348,motorola,Motorola Moto G22,Budget,9499,75,False,False,False,helio g37,helio,8,2,18,5000,100000,765,Large,True,20,4,256,Low RAM,64,Low,6,Large,24181,90,720,1600,268,Full HD,4,1,50,16,66,200,android,True,1024,Motorola Moto G22,20.0
349,xiaomi,Xiaomi Redmi 9i Sport,Budget,7499,66,False,False,False,helio g25,helio,8,2,16,5000,50000,765,Large,True,10,4,256,Low RAM,64,Low,6,Large,16121,60,720,1600,268,Full HD,1,1,13,5,18,13,android,True,512,Xiaomi Redmi 9i Sport,10.0
350,jio,Jio JioPhone Next,Budget,4649,64,False,False,False,qualcomm 215,snapdragon,4,1,5,3500,-3500,642,Small,False,-1,2,64,Low RAM,32,Low,5,Compact,17724,60,720,1440,295,Full HD,1,1,13,8,21,13,android,True,512,Jio JioPhone Next,
351,vivo,Vivo Y93,Budget,18000,62,False,False,False,helio p22,helio,8,2,16,4030,-4030,650,Medium,False,-1,4,128,Low RAM,32,Low,6,Medium,16276,60,1520,720,271,HD,2,1,13,8,21,26,android,True,256,Vivo Y93,
352,xiaomi,Xiaomi Redmi K60 Pro,Mid-range,38999,85,True,True,True,snapdragon 8 gen2,snapdragon,8,3,25,5000,600000,749,Large,True,120,8,1024,Standard,128,Medium,6,Large,63131,120,1440,3200,526,Ultra HD,3,1,54,16,70,162,android,False,0,Xiaomi Redmi K60 Pro,120.0
353,realme,Realme C30s,Budget,7145,78,False,False,False,unisoc sc9863a,unisoc,8,1,12,5000,50000,769,Large,True,10,2,64,Low RAM,32,Low,6,Large,16195,60,720,1600,269,Full HD,1,1,8,5,13,8,android,True,1024,Realme C30s,10.0
354,vivo,Vivo Y22s,Budget,14990,77,False,False,False,snapdragon 680,snapdragon,8,2,19,5000,90000,763,Large,True,18,8,1024,Standard,128,Medium,6,Large,24258,90,1612,720,269,HD,2,1,50,8,58,100,android,True,1024,Vivo Y22s,18.0
355,oppo,OPPO A77,Budget,15499,70,False,False,False,helio g35,helio,8,2,18,5000,165000,762,Large,True,33,4,256,Low RAM,64,Low,6,Large,16047,60,720,1600,267,Full HD,2,1,50,8,58,100,android,True,256,OPPO A77,33.0
356,xiaomi,Xiaomi Redmi 10A Sport,Budget,9999,69,False,False,True,helio g25,helio,8,2,16,5000,-5000,765,Large,False,-1,6,768,Standard,128,Medium,6,Large,16121,60,720,1600,268,Full HD,1,1,13,5,18,13,android,True,512,Xiaomi Redmi 10A Sport,
357,poco,Poco F4 (12GB RAM + 256GB),Mid-range,29999,86,True,True,False,snapdragon 870,snapdragon,8,3,25,4500,301500,674,Medium,True,67,12,3072,High RAM,256,High,6,Large,47348,120,1080,2400,394,Ultra HD,3,1,64,20,84,192,android,False,0,Poco F4 (12GB RAM + 256GB),67.0
358,realme,Realme 9 4G (8GB RAM + 128GB),Budget,15999,84,False,False,False,snapdragon 680,snapdragon,8,2,19,5000,165000,781,Large,True,33,8,1024,Standard,128,Medium,6,Medium,37009,90,1080,2400,411,Ultra HD,3,1,108,16,124,324,android,True,256,Realme 9 4G (8GB RAM + 128GB),33.0
359,xiaomi,Xiaomi 12T Pro 5G,Premium,59990,89,True,True,True,snapdragon 8+ gen1,snapdragon,8,3,25,5000,600000,749,Large,True,120,8,1024,Standard,128,Medium,6,Large,53501,120,1220,2712,445,Ultra HD,3,1,200,20,220,600,android,False,0,Xiaomi 12T Pro 5G,120.0
360,iqoo,iQOO 9 5G,Mid-range,34990,84,True,False,False,snapdragon 888+,snapdragon,8,2,23,4350,522000,663,Medium,True,120,8,1024,Standard,128,Medium,6,Large,47742,120,1080,2376,397,Ultra HD,3,1,48,16,64,144,android,False,0,iQOO 9 5G,120.0
361,apple,Apple iPhone 12 Mini (128GB),Premium,45999,75,True,True,False,bionic a14,bionic,6,3,18,5000,-5000,925,Large,False,-1,4,512,Low RAM,128,Medium,5,Compact,28635,60,1080,2340,477,Ultra HD,2,1,12,12,24,24,ios,False,0,Apple iPhone 12 Mini (128GB),
362,samsung,Samsung Galaxy S24 Ultra,Premium,119990,85,True,False,False,snapdragon 8+ gen 2,snapdragon,8,2,18,5100,229500,746,Large,True,45,12,3072,High RAM,256,High,6,Large,65391,144,1200,2860,454,Ultra HD,4,1,200,60,260,800,android,False,0,Samsung Galaxy S24 Ultra,45.0
363,oppo,OPPO Find N Flip,Premium,89990,88,True,True,False,dimensity 9000,dimensity,8,3,24,4300,189200,632,Medium,True,44,8,1024,Standard,128,Medium,6,Large,47352,120,1200,2400,394,Ultra HD,2,1,50,32,82,100,android,False,0,OPPO Find N Flip,44.0
364,oneplus,OnePlus 10T (12GB RAM + 256GB),Premium,50999,87,True,True,False,snapdragon 8+ gen1,snapdragon,8,3,25,4800,720000,716,Medium,True,150,12,3072,High RAM,256,High,6,Large,47332,120,1080,2412,394,Ultra HD,3,1,50,16,66,150,android,False,0,OnePlus 10T (12GB RAM + 256GB),150.0
365,tecno,Tecno Spark 9 (4GB RAM + 64GB),Budget,7999,65,False,False,False,helio g37,helio,8,2,18,5000,-5000,757,Large,False,-1,4,256,Low RAM,64,Low,6,Large,23925,90,720,1600,265,Full HD,2,1,13,8,21,26,android,True,256,Tecno Spark 9 (4GB RAM + 64GB),
366,samsung,Samsung Galaxy S21 FE 5G (8GB RAM + 256GB),Premium,43999,88,True,True,False,exynos 2100,exynos,8,2,23,4500,112500,703,Medium,True,25,8,2048,Standard,256,High,6,Medium,48322,120,1080,2340,402,Ultra HD,3,1,12,32,44,36,android,False,0,Samsung Galaxy S21 FE 5G (8GB RAM + 256GB),25.0
367,xiaomi,Xiaomi Redmi Note 11T 5G (8GB RAM + 128GB),Budget,18499,83,True,False,True,dimensity 810 5g,dimensity,8,2,19,5000,165000,757,Large,True,33,8,1024,Standard,128,Medium,6,Large,35888,90,1080,2400,398,Ultra HD,2,1,50,16,66,100,android,True,1024,Xiaomi Redmi Note 11T 5G (8GB RAM + 128GB),33.0
368,sony,Sony Xperia Pro-I,Premium,134999,80,True,True,False,snapdragon 888,snapdragon,8,2,22,4500,135000,692,Medium,True,30,12,6144,High RAM,512,High,6,Large,77116,120,1644,3840,642,Ultra HD,3,1,12,8,20,36,android,True,1024,Sony Xperia Pro-I,30.0
369,vivo,Vivo V21 Pro,Mid-range,32999,85,True,False,False,snapdragon 765g,snapdragon,8,2,19,4300,141900,667,Medium,True,33,8,1024,Standard,128,Medium,6,Medium,24519,60,1080,2400,408,Ultra HD,4,2,64,44,108,256,android,False,0,Vivo V21 Pro,33.0
370,poco,Poco X3,Budget,13499,80,False,False,True,snapdragon 732g,snapdragon,8,2,18,6000,198000,899,Large,True,33,6,384,Standard,64,Low,6,Large,47348,120,1080,2400,394,Ultra HD,4,1,64,20,84,256,android,True,512,Poco X3,33.0
371,samsung,Samsung Galaxy S20 FE,Mid-range,35489,86,False,True,False,exynos 990,exynos,8,2,21,4500,112500,692,Medium,True,25,8,1024,Standard,128,Medium,6,Large,48587,120,1080,2400,404,Ultra HD,3,1,12,32,44,36,android,True,1024,Samsung Galaxy S20 FE,25.0
372,google,Google Pixel 4,Mid-range,20120,78,False,True,False,snapdragon 855,snapdragon,8,2,22,2800,0,491,Small,True,0,6,384,Standard,64,Low,5,Compact,26556,60,1080,2280,442,Ultra HD,2,2,16,8,24,32,android,False,0,Google Pixel 4,
373,samsung,Samsung Galaxy S10 Plus,Premium,42999,81,False,True,False,exynos 9820,exynos,8,2,21,4100,61500,640,Medium,True,15,8,1024,Standard,128,Medium,6,Medium,31535,60,1440,3040,525,Ultra HD,3,2,16,10,26,48,android,True,512,Samsung Galaxy S10 Plus,15.0
374,realme,Realme 11 Pro Plus,Mid-range,24999,78,True,False,False,dimensity 930,dimensity,8,2,17,4200,277200,656,Medium,True,66,6,768,Standard,128,Medium,6,Medium,37009,90,1080,2400,411,Ultra HD,3,1,50,16,66,150,android,False,0,Realme 11 Pro Plus,66.0
375,oppo,OPPO F21 Pro 4G,Mid-range,20999,82,False,False,False,snapdragon 680,snapdragon,8,2,19,4500,148500,692,Medium,True,33,8,1024,Standard,128,Medium,6,Large,36440,90,1080,2400,404,Ultra HD,3,1,64,32,96,192,android,True,256,OPPO F21 Pro 4G,33.0
376,realme,Realme GT 2 5G,Mid-range,28994,84,True,True,False,snapdragon 888,snapdragon,8,2,22,5000,325000,755,Large,True,65,8,1024,Standard,128,Medium,6,Large,47706,120,1080,2400,397,Ultra HD,3,1,50,16,66,150,android,False,0,Realme GT 2 5G,65.0
377,samsung,Samsung Galaxy S21,Premium,48900,88,True,True,False,exynos 2100,exynos,8,2,23,4000,100000,645,Medium,True,25,8,1024,Standard,128,Medium,6,Medium,50938,120,1080,2400,424,Ultra HD,3,1,64,10,74,192,android,False,0,Samsung Galaxy S21,25.0
378,samsung,Samsung Galaxy A71,Mid-range,22494,86,False,False,False,snapdragon 730,snapdragon,8,2,17,4500,112500,671,Medium,True,25,8,1024,Standard,128,Medium,6,Large,23568,60,1080,2400,392,Ultra HD,4,1,64,32,96,256,android,True,1024,Samsung Galaxy A71,25.0
379,vivo,Vivo Y02s,Budget,8990,61,False,False,False,helio p35,helio,8,2,18,5000,50000,768,Large,True,10,3,96,Low RAM,32,Low,6,Large,16170,60,720,1600,269,Full HD,1,1,8,5,13,8,android,True,256,Vivo Y02s,10.0
380,letv,Letv Y2 Pro,Budget,6999,60,False,False,False,unisoc,unisoc,8,2,18,4000,-4000,615,Medium,False,-1,4,128,Low RAM,32,Low,6,Large,15859,60,720,1560,264,Full HD,3,1,13,8,21,39,android,False,0,Letv Y2 Pro,
381,tecno,Tecno Spark 8C (4GB RAM + 64GB),Budget,8890,63,False,False,False,unisoc t606,unisoc,8,2,16,5000,-5000,757,Large,False,-1,4,256,Low RAM,64,Low,6,Large,24074,90,720,1612,267,Full HD,2,1,13,8,21,26,android,True,256,Tecno Spark 8C (4GB RAM + 64GB),
382,iqoo,iQOO Z6 5G (8GB RAM + 128GB),Budget,18498,82,True,False,False,snapdragon 695,snapdragon,8,2,17,5000,90000,759,Large,True,18,8,1024,Standard,128,Medium,6,Large,48129,120,1080,2408,401,Ultra HD,3,1,50,16,66,150,android,True,1024,iQOO Z6 5G (8GB RAM + 128GB),18.0
383,vivo,Vivo T1 Pro,Mid-range,23999,81,True,False,False,snapdragon 778g,snapdragon,8,2,19,4700,310200,729,Medium,True,66,6,768,Standard,128,Medium,6,Medium,36830,90,1080,2404,409,Ultra HD,3,1,64,16,80,192,android,True,1024,Vivo T1 Pro,66.0
384,realme,Realme 9 Pro Plus 5G (8GB RAM + 128GB),Mid-range,22994,81,True,False,False,dimensity 920 5g,dimensity,8,2,20,4500,270000,703,Medium,True,60,8,1024,Standard,128,Medium,6,Medium,37009,90,1080,2400,411,Ultra HD,3,1,50,16,66,150,android,False,0,Realme 9 Pro Plus 5G (8GB RAM + 128GB),60.0
385,samsung,Samsung Galaxy A04s,Budget,12990,71,False,False,False,exynos 850,exynos,8,2,16,5000,75000,769,Large,True,15,4,256,Low RAM,64,Low,6,Large,24293,90,720,1600,269,Full HD,3,1,50,5,55,150,android,True,1024,Samsung Galaxy A04s,15.0
386,realme,Realme 9i (6GB RAM + 128GB),Budget,14999,78,False,False,False,snapdragon 680,snapdragon,8,2,19,5000,165000,757,Large,True,33,6,768,Standard,128,Medium,6,Large,36037,90,1080,2412,400,Ultra HD,3,1,50,16,66,150,android,True,1024,Realme 9i (6GB RAM + 128GB),33.0
387,realme,Realme 8 5G (8GB RAM + 128GB),Budget,18499,80,True,False,False,dimensity 700 5g,dimensity,8,2,17,5000,90000,769,Large,True,18,8,1024,Standard,128,Medium,6,Large,36440,90,1080,2400,404,Ultra HD,3,1,48,16,64,144,android,True,1024,Realme 8 5G (8GB RAM + 128GB),18.0
388,oppo,OPPO F19,Budget,14990,78,False,False,False,snapdragon 662,snapdragon,8,2,16,5000,165000,781,Large,True,33,6,768,Standard,128,Medium,6,Medium,24673,60,1080,2400,411,Ultra HD,3,1,48,16,64,144,android,True,256,OPPO F19,33.0
389,oppo,OPPO Find N2 Flip,Premium,70990,88,True,True,False,dimensity 9000 plus,dimensity,8,3,25,4300,189200,632,Medium,True,44,8,2048,Standard,256,High,6,Large,48382,120,1080,2520,403,Ultra HD,2,1,50,32,82,100,android,False,0,OPPO Find N2 Flip,44.0
390,samsung,Samsung Galaxy M32 Prime Edition,Budget,12120,75,False,False,False,helio g80,helio,8,2,16,6000,90000,937,Large,True,15,4,256,Low RAM,64,Low,6,Medium,37009,90,1080,2400,411,Ultra HD,4,1,64,20,84,256,android,True,1024,Samsung Galaxy M32 Prime Edition,15.0
391,oukitel,Oukitel WP19,Mid-range,29990,84,False,True,False,helio g95,helio,8,2,16,21000,693000,3097,Large,True,33,8,2048,Standard,256,High,6,Large,23290,60,1080,2400,388,Ultra HD,3,1,64,16,80,192,android,True,256,Oukitel WP19,33.0
392,realme,Realme 9 Pro 5G (8GB RAM + 128GB),Mid-range,20999,82,True,False,False,snapdragon 695,snapdragon,8,2,17,5000,165000,757,Large,True,33,8,1024,Standard,128,Medium,6,Large,48050,120,1080,2412,400,Ultra HD,3,1,64,16,80,192,android,True,256,Realme 9 Pro 5G (8GB RAM + 128GB),33.0
393,xiaomi,Xiaomi Redmi Note 10 Lite (6GB RAM + 128GB),Budget,11999,80,False,False,True,snapdragon 720g,snapdragon,8,2,18,5020,90360,752,Large,True,18,6,768,Standard,128,Medium,6,Large,23674,60,1080,2400,394,Ultra HD,4,1,48,16,64,192,android,True,512,Xiaomi Redmi Note 10 Lite (6GB RAM + 128GB),18.0
394,samsung,Samsung Galaxy A13 5G,Budget,17990,73,True,True,False,dimensity 700 5g,dimensity,8,2,17,5000,75000,769,Large,True,15,4,256,Low RAM,64,Low,6,Large,24293,90,720,1600,269,Full HD,3,1,50,5,55,150,android,True,256,Samsung Galaxy A13 5G,15.0
395,xiaomi,Xiaomi Redmi Note 11 5G,Budget,14990,77,True,False,True,dimensity 810 5g,dimensity,8,2,19,5000,165000,757,Large,True,33,4,512,Low RAM,128,Medium,6,Large,35888,90,1080,2400,398,Ultra HD,2,1,50,16,66,100,android,True,512,Xiaomi Redmi Note 11 5G,33.0
396,itel,itel P36,Budget,6490,61,False,False,False,spreadtrum sc7731e,spreadtrum,4,1,5,5000,-5000,769,Large,False,-1,1,16,Low RAM,16,Low,6,Large,16195,60,1600,720,269,HD,2,1,8,8,16,16,android,False,0,itel P36,
397,realme,Realme GT Neo 5,Mid-range,34999,83,True,True,False,snapdragon 8+ gen1,snapdragon,8,3,25,4600,1104000,686,Medium,True,240,8,1024,Standard,128,Medium,6,Large,47332,120,1080,2412,394,Ultra HD,3,1,50,16,66,150,android,False,0,Realme GT Neo 5,240.0
398,apple,Apple iPhone 15 Ultra,Premium,149900,79,True,True,False,bionic a17,bionic,8,2,18,4700,0,698,Medium,True,0,8,1024,Standard,128,Medium,6,Large,54904,120,1290,2796,457,Ultra HD,3,1,48,12,60,144,ios,False,0,Apple iPhone 15 Ultra,
399,poco,Poco C50,Budget,6499,79,False,False,False,helio a22,helio,4,2,8,5000,50000,766,Large,True,10,2,64,Low RAM,32,Low,6,Large,16146,60,720,1600,269,Full HD,2,1,8,5,13,16,android,True,512,Poco C50,10.0
400,samsung,Samsung Galaxy Note 30 Ultra 5G,Premium,104999,79,True,True,False,snapdragon 8+ gen1,snapdragon,8,3,25,4500,301500,670,Medium,True,67,12,3072,High RAM,256,High,6,Large,62983,120,1440,3214,524,Ultra HD,3,1,200,10,210,600,android,True,1024,Samsung Galaxy Note 30 Ultra 5G,67.0
401,realme,Realme 9i (4GB RAM + 128GB),Budget,13999,75,False,False,False,snapdragon 680,snapdragon,8,2,19,5000,165000,757,Large,True,33,4,512,Low RAM,128,Medium,6,Large,36037,90,1080,2412,400,Ultra HD,3,1,50,16,66,150,android,True,1024,Realme 9i (4GB RAM + 128GB),33.0
402,xiaomi,Xiaomi Redmi Note 11T 5G,Budget,16999,79,True,False,True,dimensity 810 5g,dimensity,8,2,19,5000,165000,757,Large,True,33,6,384,Standard,64,Low,6,Large,35888,90,1080,2400,398,Ultra HD,2,1,50,16,66,100,android,True,1024,Xiaomi Redmi Note 11T 5G,33.0
403,vivo,Vivo X80 Pro 5G,Premium,79999,79,True,True,False,snapdragon 8 gen1,snapdragon,8,3,24,4700,376000,693,Medium,True,80,12,3072,High RAM,256,High,6,Large,62107,120,1440,3200,517,Ultra HD,4,1,50,32,82,200,android,False,0,Vivo X80 Pro 5G,80.0
404,oppo,OPPO Reno 6 Pro 5G,Mid-range,36760,87,True,True,False,dimensity 1200,dimensity,8,3,24,4500,292500,687,Medium,True,65,12,3072,High RAM,256,High,6,Large,36162,90,1080,2400,401,Ultra HD,4,1,64,32,96,256,android,False,0,OPPO Reno 6 Pro 5G,65.0
405,xiaomi,Xiaomi Mi 11i 5G,Mid-range,23499,81,True,False,True,dimensity 920 5g,dimensity,8,2,20,5160,345720,773,Large,True,67,6,768,Standard,128,Medium,6,Large,47348,120,2400,1080,394,Full HD,3,1,108,16,124,324,android,True,1024,Xiaomi Mi 11i 5G,67.0
406,asus,Asus ROG Phone 7,Premium,75990,87,True,True,False,snapdragon 8 gen2,snapdragon,8,3,25,6000,720000,882,Large,True,120,18,4608,High RAM,256,High,6,Large,64923,165,1080,2448,393,Ultra HD,3,1,64,32,96,192,android,False,0,Asus ROG Phone 7,120.0
407,oppo,Oppo A77 5G,Mid-range,21990,76,True,False,False,snapdragon 810,snapdragon,8,2,19,5000,165000,762,Large,True,33,6,768,Standard,128,Medium,6,Large,24071,90,720,1600,267,Full HD,2,1,48,8,56,96,android,True,256,Oppo A77 5G,33.0
408,realme,Realme 9 5G SE,Budget,18999,80,True,False,False,snapdragon 778g,snapdragon,8,2,19,5000,150000,757,Large,True,30,6,768,Standard,128,Medium,6,Large,57660,144,1080,2412,400,Ultra HD,3,1,48,16,64,144,android,True,1024,Realme 9 5G SE,30.0
409,samsung,Samsung Galaxy A03,Budget,7249,66,False,False,False,unisoc t606,unisoc,8,1,12,5000,75000,769,Large,True,15,3,96,Low RAM,32,Low,6,Large,15859,60,720,1560,264,Full HD,2,1,48,5,53,96,android,True,1024,Samsung Galaxy A03,15.0
410,oneplus,OnePlus Nord N200,Budget,16990,75,True,True,False,snapdragon 480,snapdragon,8,2,16,5000,90000,770,Large,True,18,4,256,Low RAM,64,Low,6,Medium,36496,90,1080,2400,405,Ultra HD,3,1,13,16,29,39,android,True,256,OnePlus Nord N200,18.0
411,xiaomi,Xiaomi Mi 11X,Mid-range,23890,80,True,False,True,snapdragon 870,snapdragon,8,3,25,4520,149160,677,Medium,True,33,6,768,Standard,128,Medium,6,Large,47348,120,1080,2400,394,Ultra HD,3,1,48,20,68,144,android,False,0,Xiaomi Mi 11X,33.0
412,oppo,OPPO Reno 6,Mid-range,26380,83,True,True,False,dimensity 900,dimensity,8,2,16,4300,279500,668,Medium,True,65,8,1024,Standard,128,Medium,6,Medium,36837,90,1080,2400,409,Ultra HD,3,1,64,32,96,192,android,False,0,OPPO Reno 6,65.0
413,realme,Realme X50 Pro 5G (12GB RAM + 256GB),Mid-range,27999,87,True,True,False,snapdragon 865,snapdragon,8,2,22,4200,273000,652,Medium,True,65,12,3072,High RAM,256,High,6,Medium,36779,90,1080,2400,408,Ultra HD,4,2,64,32,96,256,android,False,0,Realme X50 Pro 5G (12GB RAM + 256GB),65.0
414,xiaomi,Xiaomi Redmi 10A (6GB RAM + 128GB),Budget,10850,70,False,False,False,helio g25,helio,8,2,16,5000,-5000,765,Large,False,-1,6,768,Standard,128,Medium,6,Large,16121,60,720,1600,268,Full HD,1,1,13,5,18,13,android,True,512,Xiaomi Redmi 10A (6GB RAM + 128GB),
415,redmi,Redmi Note 12 Pro Speed Edition,Budget,19999,81,True,True,True,snapdragon 778g,snapdragon,8,2,19,5000,335000,749,Large,True,67,6,768,Standard,128,Medium,6,Large,47348,120,1080,2400,394,Ultra HD,3,1,108,16,124,324,android,False,0,Redmi Note 12 Pro Speed Edition,67.0
416,apple,Apple iPhone 14 Pro (256GB),Premium,129990,76,True,True,False,bionic a16,bionic,6,2,13,3200,0,524,Small,True,0,6,1536,Standard,256,High,6,Medium,55373,120,1179,2556,461,Ultra HD,3,1,48,12,60,144,ios,False,0,Apple iPhone 14 Pro (256GB),
417,motorola,Motorola Moto G72,Budget,19990,81,True,True,False,snapdragon 695,snapdragon,8,2,17,5000,165000,769,Large,True,33,6,768,Standard,128,Medium,6,Large,48587,120,1080,2400,404,Ultra HD,3,1,108,16,124,324,android,False,0,Motorola Moto G72,33.0
418,motorola,Motorola Moto X30 Pro,Premium,41990,81,True,True,False,snapdragon 8+ gen1,snapdragon,8,3,25,4450,556250,667,Medium,True,125,8,1024,Standard,128,Medium,6,Large,56818,144,1080,2400,394,Ultra HD,3,1,200,60,260,600,android,False,0,Motorola Moto X30 Pro,125.0
419,xiaomi,Xiaomi 12S Ultra,Premium,69990,80,True,True,True,snapdragon 8+ gen1,snapdragon,8,3,25,4860,325620,722,Medium,True,67,8,2048,Standard,256,High,6,Large,62568,120,1440,3200,521,Ultra HD,3,1,50,32,82,150,android,False,0,Xiaomi 12S Ultra,67.0
420,honor,Honor 70 5G,Mid-range,39990,88,True,True,False,snapdragon 778g plus,snapdragon,8,2,20,4800,316800,719,Medium,True,66,12,6144,High RAM,512,High,6,Large,47348,120,1080,2400,394,Ultra HD,3,1,54,32,86,162,android,False,0,Honor 70 5G,66.0
421,oneplus,OnePlus 10 Pro 5G (12GB RAM + 512GB),Premium,74999,84,True,True,False,snapdragon 8 gen1,snapdragon,8,3,24,5000,400000,746,Large,True,80,12,6144,High RAM,512,High,6,Large,63110,120,1440,3216,525,Ultra HD,3,1,50,32,82,150,android,False,0,OnePlus 10 Pro 5G (12GB RAM + 512GB),80.0
422,vivo,Vivo V23 Pro 5G (12GB RAM + 256GB),Mid-range,36994,87,True,False,False,dimensity 1200,dimensity,8,3,24,4300,189200,655,Medium,True,44,12,3072,High RAM,256,High,6,Large,35807,90,1080,2376,397,Ultra HD,3,2,108,50,158,324,android,False,0,Vivo V23 Pro 5G (12GB RAM + 256GB),44.0
423,oppo,OPPO A55 4G (6GB RAM + 128GB),Budget,14700,76,False,False,False,helio g35,helio,8,2,18,5000,90000,768,Large,True,18,6,768,Standard,128,Medium,6,Large,16170,60,720,1600,269,Full HD,3,1,50,16,66,150,android,True,256,OPPO A55 4G (6GB RAM + 128GB),18.0
424,xiaomi,Xiaomi Mi 11T Pro 5G,Mid-range,34990,86,True,True,True,snapdragon 888,snapdragon,8,2,22,5000,600000,749,Large,True,120,8,1024,Standard,128,Medium,6,Large,47348,120,1080,2400,394,Ultra HD,3,1,108,16,124,324,android,False,0,Xiaomi Mi 11T Pro 5G,120.0
425,nokia,Nokia X50 5G,Mid-range,34999,76,True,False,False,snapdragon 775,snapdragon,8,2,18,6000,198000,881,Large,True,33,6,384,Standard,64,Low,6,Large,23187,60,1080,2400,386,Ultra HD,4,1,108,32,140,432,android,True,256,Nokia X50 5G,33.0
426,xiaomi,Xiaomi Redmi Note 10,Budget,13990,75,False,False,True,snapdragon 678,snapdragon,8,2,17,5000,165000,777,Large,True,33,4,256,Low RAM,64,Low,6,Medium,24558,60,1080,2400,409,Ultra HD,4,1,48,13,61,192,android,True,512,Xiaomi Redmi Note 10,33.0
427,vertu,Vertu Signature Touch,Premium,650000,62,False,True,False,snapdragon 801,snapdragon,8,1,12,2275,-2275,484,Small,False,-1,2,128,Low RAM,64,Low,4,Compact,28122,60,1080,1920,468,Full HD,1,1,13,1,14,13,android,False,0,Vertu Signature Touch,
428,samsung,Samsung Galaxy M32 Prime Edition (6GB RAM + 128GB),Budget,14859,79,False,False,False,helio g80,helio,8,2,16,6000,90000,937,Large,True,15,6,768,Standard,128,Medium,6,Medium,37009,90,1080,2400,411,Ultra HD,4,1,64,20,84,256,android,True,1024,Samsung Galaxy M32 Prime Edition (6GB RAM + 128GB),15.0
429,tecno,Tecno Camon 19 Pro Mondrian Edition,Budget,17999,84,False,True,False,helio g96,helio,8,2,16,5000,165000,735,Large,True,33,8,1024,Standard,128,Medium,6,Large,47411,120,1080,2460,395,Ultra HD,3,1,64,32,96,192,android,True,512,Tecno Camon 19 Pro Mondrian Edition,33.0
430,poco,Poco F5,Mid-range,34990,85,True,True,False,snapdragon 8+ gen1,snapdragon,8,3,25,4700,314900,701,Medium,True,67,8,1024,Standard,128,Medium,6,Large,47136,120,1080,2400,392,Ultra HD,3,1,64,32,96,192,android,False,0,Poco F5,67.0
431,blu,BLU F91 5G,Budget,14990,85,True,True,False,dimensity 810 5g,dimensity,8,2,19,5000,0,735,Large,True,0,8,1024,Standard,128,Medium,6,Large,23705,60,1080,2460,395,Ultra HD,4,1,48,16,64,192,android,True,256,BLU F91 5G,
432,oppo,OPPO A16e,Budget,8999,65,False,False,False,helio p22,helio,8,2,16,4230,-4230,648,Medium,False,-1,3,96,Low RAM,32,Low,6,Large,16146,60,720,1600,269,Full HD,1,1,13,5,18,13,android,True,1024,OPPO A16e,
433,motorola,Motorola Moto E32,Budget,8999,71,False,False,False,helio g37,helio,8,2,18,5000,50000,769,Large,True,10,4,256,Low RAM,64,Low,6,Large,24293,90,720,1600,269,Full HD,2,1,50,8,58,100,android,True,1024,Motorola Moto E32,10.0
434,xiaomi,Xiaomi Redmi Note 11S (8GB RAM + 128GB),Budget,15824,84,False,False,True,helio g96,helio,8,2,16,5000,165000,777,Large,True,33,8,1024,Standard,128,Medium,6,Medium,36837,90,1080,2400,409,Ultra HD,4,1,108,16,124,432,android,True,512,Xiaomi Redmi Note 11S (8GB RAM + 128GB),33.0
435,apple,Apple iPhone SE 3 2022,Premium,43900,77,True,True,False,bionic a15,bionic,6,3,19,5000,-5000,1063,Large,False,-1,4,256,Low RAM,64,Low,4,Compact,19536,60,750,1334,325,Full HD,1,1,12,7,19,12,ios,False,0,Apple iPhone SE 3 2022,
436,samsung,Samsung Galaxy A52 (8GB RAM + 128GB),Mid-range,22494,86,False,False,False,snapdragon 720g,snapdragon,8,2,18,4500,112500,692,Medium,True,25,8,1024,Standard,128,Medium,6,Large,36440,90,1080,2400,404,Ultra HD,4,1,64,32,96,256,android,True,1024,Samsung Galaxy A52 (8GB RAM + 128GB),25.0
437,poco,Poco X3 Pro,Budget,19650,82,False,False,True,snapdragon 860,snapdragon,8,2,23,5160,170280,773,Large,True,33,6,768,Standard,128,Medium,6,Large,47348,120,1080,2400,394,Ultra HD,4,1,48,20,68,192,android,True,256,Poco X3 Pro,33.0
438,xiaomi,Xiaomi Redmi 9A,Budget,6999,61,False,False,False,helio g25,helio,8,2,16,5000,-5000,765,Large,False,-1,2,64,Low RAM,32,Low,6,Large,16121,60,720,1600,268,Full HD,1,1,13,5,18,13,android,True,512,Xiaomi Redmi 9A,
439,samsung,Samsung Galaxy A32,Budget,16499,80,False,False,False,helio g80,helio,8,2,16,5000,75000,781,Large,True,15,6,768,Standard,128,Medium,6,Medium,37009,90,1080,2400,411,Ultra HD,4,1,64,20,84,256,android,True,1024,Samsung Galaxy A32,15.0
440,motorola,Motorola Moto G13,Budget,15999,75,False,True,False,helio g85,helio,8,2,16,5000,50000,769,Large,True,10,4,512,Low RAM,128,Medium,6,Large,24293,90,720,1600,269,Full HD,3,1,50,8,58,150,android,True,512,Motorola Moto G13,10.0
441,asus,Asus ROG Phone 6 Batman Edition,Premium,72999,88,True,True,False,dimensity 9000 plus,dimensity,8,3,25,6000,390000,884,Large,True,65,16,4096,High RAM,256,High,6,Large,65115,165,1080,2448,394,Ultra HD,3,1,50,12,62,150,android,False,0,Asus ROG Phone 6 Batman Edition,65.0
442,xiaomi,Xiaomi Redmi Note 12 Pro Plus (6GB RAM + 128GB),Mid-range,26999,84,True,False,True,dimensity 1080,dimensity,8,2,20,4980,597600,746,Medium,True,120,6,768,Standard,128,Medium,6,Large,47348,120,1080,2400,394,Ultra HD,3,1,200,16,216,600,android,False,0,Xiaomi Redmi Note 12 Pro Plus (6GB RAM + 128GB),120.0
443,infinix,Infinix Smart 6 HD,Budget,6999,77,False,False,False,helio a22,helio,4,2,8,5000,-5000,757,Large,False,-1,2,64,Low RAM,32,Low,6,Large,15950,60,720,1600,265,Full HD,2,1,8,5,13,16,android,True,512,Infinix Smart 6 HD,
444,apple,Apple iPhone 15 Pro,Premium,130990,75,True,True,False,bionic a16,bionic,8,2,18,5000,-5000,825,Large,False,-1,8,1024,Standard,128,Medium,6,Medium,55232,120,1170,2532,460,Ultra HD,3,1,50,12,62,150,ios,False,0,Apple iPhone 15 Pro,
445,realme,Realme C35 (4GB RAM + 128GB),Budget,12787,71,False,False,False,tiger t616,tiger,8,1,14,5000,90000,757,Large,True,18,4,512,Low RAM,128,Medium,6,Large,35987,90,1080,2408,399,Ultra HD,3,1,50,8,58,150,android,True,1024,Realme C35 (4GB RAM + 128GB),18.0
446,infinix,Infinix Hot 12,Budget,9999,72,False,False,False,helio g37,helio,8,2,18,6000,108000,879,Large,True,18,4,256,Low RAM,64,Low,6,Large,23636,90,720,1640,262,Full HD,3,1,50,8,58,150,android,True,512,Infinix Hot 12,18.0
447,vivo,Vivo X80 5G,Premium,54999,86,True,False,False,dimensity 9000,dimensity,8,3,24,4500,360000,663,Medium,True,80,8,1024,Standard,128,Medium,6,Large,46580,120,1080,2400,388,Ultra HD,3,1,50,32,82,150,android,False,0,Vivo X80 5G,80.0
448,vivo,Vivo Y53s,Budget,15490,79,False,False,False,helio g80,helio,8,2,16,5000,95000,759,Large,True,19,8,1024,Standard,128,Medium,6,Large,24064,60,1080,2408,401,Ultra HD,3,1,64,16,80,192,android,True,1024,Vivo Y53s,19.0
449,tecno,Tecno Phantom X,Mid-range,25999,84,False,False,False,helio g95,helio,8,2,16,4700,155100,701,Medium,True,33,8,2048,Standard,256,High,6,Large,34619,90,1080,2340,384,Ultra HD,3,2,50,48,98,150,android,False,0,Tecno Phantom X,33.0
450,samsung,Samsung Galaxy M04 (4GB RAM + 128GB),Budget,9499,68,False,False,False,helio p35,helio,8,2,18,5000,75000,769,Large,True,15,4,512,Low RAM,128,Medium,6,Large,16195,60,720,1600,269,Full HD,2,1,13,5,18,26,android,True,1024,Samsung Galaxy M04 (4GB RAM + 128GB),15.0
451,redmi,Redmi 12C,Budget,7999,70,False,False,False,helio g85,helio,8,2,16,5000,-5000,745,Large,False,-1,4,256,Low RAM,64,Low,6,Large,16097,60,720,1650,268,Full HD,2,1,50,5,55,100,android,True,512,Redmi 12C,
452,asus,Asus ZenFone 9,Premium,63990,86,True,True,False,snapdragon 8+ gen1,snapdragon,8,3,25,4300,129000,728,Medium,True,30,8,1024,Standard,128,Medium,5,Compact,53528,120,1080,2400,446,Ultra HD,2,1,50,12,62,100,android,False,0,Asus ZenFone 9,30.0
453,sony,Sony Xperia L5 5G,Budget,15990,73,False,True,False,helio p35,helio,8,2,18,4000,0,645,Medium,True,0,4,256,Low RAM,64,Low,6,Medium,17688,60,720,1680,294,Full HD,3,1,13,8,21,39,android,True,512,Sony Xperia L5 5G,
454,iqoo,iQOO 9 SE 5G (12GB RAM + 256GB),Mid-range,34949,85,True,True,False,snapdragon 888,snapdragon,8,2,22,4500,297000,679,Medium,True,66,12,3072,High RAM,256,High,6,Large,47706,120,1080,2400,397,Ultra HD,3,1,48,16,64,144,android,False,0,iQOO 9 SE 5G (12GB RAM + 256GB),66.0
455,tecno,Tecno Spark 8 Pro,Budget,8799,72,False,False,False,helio g85,helio,8,2,16,5000,165000,735,Large,True,33,4,256,Low RAM,64,Low,6,Large,23705,60,1080,2460,395,Ultra HD,3,1,48,8,56,144,android,True,256,Tecno Spark 8 Pro,33.0
456,xiaomi,Xiaomi Redmi 10 Prime,Budget,12390,74,False,False,True,helio g88,helio,8,2,16,6000,108000,923,Large,True,18,4,256,Low RAM,64,Low,6,Large,36440,90,1080,2400,404,Ultra HD,4,1,50,8,58,200,android,True,512,Xiaomi Redmi 10 Prime,18.0
457,samsung,Samsung Galaxy F22,Budget,11499,73,False,False,False,helio g80,helio,8,2,16,6000,-6000,937,Large,False,-1,4,256,Low RAM,64,Low,6,Medium,24673,90,720,1600,274,Full HD,4,1,48,13,61,192,android,True,1024,Samsung Galaxy F22,
458,xiaomi,Xiaomi Mi Mix Alpha,Premium,199990,80,True,False,False,snapdragon 855+,snapdragon,8,2,23,4050,162000,511,Medium,True,40,12,6144,High RAM,512,High,7,Large,23254,60,2088,2250,387,Ultra HD,3,1,108,16,124,324,android,False,0,Xiaomi Mi Mix Alpha,40.0
459,oppo,OPPO Reno 10 Pro,Premium,42990,86,True,True,False,dimensity 9000,dimensity,8,3,24,5000,600000,742,Large,True,120,16,4096,High RAM,256,High,6,Large,47121,120,1080,2412,392,Ultra HD,2,1,50,32,82,100,android,False,0,OPPO Reno 10 Pro,120.0
460,nubia,Nubia Z50,Mid-range,34999,82,True,True,False,snapdragon 8 gen2,snapdragon,8,3,25,5000,400000,749,Large,True,80,8,1024,Standard,128,Medium,6,Large,56818,144,1080,2400,394,Ultra HD,3,1,64,16,80,192,android,False,0,Nubia Z50,80.0
461,samsung,Samsung Galaxy F13 (4GB RAM + 128GB),Budget,11999,75,False,True,False,exynos 850,exynos,8,2,16,6000,90000,909,Large,True,15,4,512,Low RAM,128,Medium,6,Large,23991,60,2408,1080,399,Full HD,3,1,50,8,58,150,android,True,1024,Samsung Galaxy F13 (4GB RAM + 128GB),15.0
462,nokia,Nokia G11 Plus,Budget,10499,70,False,False,False,unisoc t606,unisoc,8,1,12,5000,50000,766,Large,True,10,4,256,Low RAM,64,Low,6,Large,24219,90,720,1600,269,Full HD,2,1,50,8,58,100,android,True,512,Nokia G11 Plus,10.0
463,infinix,Infinix Hot 12 Play,Budget,8910,66,False,False,False,tiger t610,tiger,8,1,14,6000,108000,879,Large,True,18,4,256,Low RAM,64,Low,6,Large,23636,90,1640,720,262,HD,2,1,13,8,21,26,android,True,256,Infinix Hot 12 Play,18.0
464,vivo,Vivo T2 5G,Mid-range,24990,85,True,False,False,snapdragon 870,snapdragon,8,3,25,4700,376000,709,Medium,True,80,8,1024,Standard,128,Medium,6,Large,47706,120,1080,2400,397,Ultra HD,3,1,64,16,80,192,android,True,1024,Vivo T2 5G,80.0
465,oppo,OPPO Reno7 Z 5G,Budget,17999,84,True,True,False,snapdragon 695,snapdragon,8,2,17,4500,148500,699,Medium,True,33,8,1024,Standard,128,Medium,6,Medium,24558,60,1080,2400,409,Ultra HD,3,1,64,16,80,192,android,True,256,OPPO Reno7 Z 5G,33.0
466,xiaomi,Xiaomi Mi 11 Lite NE 5G (8GB RAM + 128GB),Mid-range,22999,86,True,True,True,snapdragon 778g,snapdragon,8,2,19,4250,140250,648,Medium,True,33,8,1024,Standard,128,Medium,6,Large,36162,90,1080,2400,401,Ultra HD,3,1,64,20,84,192,android,True,256,Xiaomi Mi 11 Lite NE 5G (8GB RAM + 128GB),33.0
467,realme,Realme Narzo 50i,Budget,6490,78,False,False,False,unisoc sc9863a,unisoc,8,1,12,5000,-5000,769,Large,False,-1,2,64,Low RAM,32,Low,6,Large,16195,60,720,1600,269,Full HD,1,1,8,5,13,8,android,True,256,Realme Narzo 50i,
468,infinix,Infinix Zero X Pro,Mid-range,21990,85,True,False,False,helio g95,helio,8,2,16,4500,202500,674,Medium,True,45,8,1024,Standard,128,Medium,6,Large,47348,120,1080,2400,394,Ultra HD,3,1,108,16,124,324,android,True,512,Infinix Zero X Pro,45.0
469,samsung,Samsung Galaxy M32,Budget,12364,76,False,False,False,helio g80,helio,8,2,16,6000,90000,937,Large,True,15,4,256,Low RAM,64,Low,6,Medium,37009,90,1080,2400,411,Ultra HD,4,1,64,20,84,256,android,True,1024,Samsung Galaxy M32,15.0
470,samsung,Samsung Galaxy A82 5G,Mid-range,39990,86,True,True,False,snapdragon 855+,snapdragon,8,2,23,4500,112500,670,Medium,True,25,6,768,Standard,128,Medium,6,Large,62755,120,1440,3200,522,Ultra HD,3,1,64,10,74,192,android,True,1024,Samsung Galaxy A82 5G,25.0
471,xiaomi,Xiaomi Poco F1,Budget,11999,77,False,False,False,snapdragon 845,snapdragon,8,2,22,4000,0,647,Medium,True,0,6,384,Standard,64,Low,6,Medium,24195,60,1080,2246,403,Ultra HD,2,1,12,20,32,24,android,True,256,Xiaomi Poco F1,
472,vivo,Vivo Y25,Budget,7499,79,False,False,False,helio mt6580,helio,4,1,5,1900,-1900,422,Small,False,-1,1,16,Low RAM,16,Low,4,Compact,13062,60,480,854,217,HD,1,1,5,2,7,5,android,True,128,Vivo Y25,
473,lyf,Lyf Earth 1,Budget,3990,60,False,False,False,snapdragon 615,snapdragon,8,1,12,3500,-3500,636,Small,False,-1,3,96,Low RAM,32,Low,5,Compact,24031,60,1080,1920,400,Full HD,2,1,13,5,18,26,android,True,64,Lyf Earth 1,
474,motorola,Motorola Moto E13,Budget,10499,65,False,False,False,tiger t606,tiger,8,2,16,5000,50000,769,Large,True,10,2,128,Low RAM,64,Low,6,Large,16195,60,720,1600,269,Full HD,1,1,13,5,18,13,android,True,1024,Motorola Moto E13,10.0
475,tecno,Tecno Pop 6 Pro,Budget,6299,74,False,False,False,helio a22,helio,4,2,8,5000,-5000,762,Large,False,-1,2,64,Low RAM,32,Low,6,Large,16047,60,720,1600,267,Full HD,2,1,8,5,13,16,android,True,1024,Tecno Pop 6 Pro,
476,itel,Itel A24 Pro,Budget,5990,61,False,False,False,unisoc sc9832e,unisoc,4,1,5,3020,-3020,604,Small,False,-1,2,64,Low RAM,32,Low,5,Compact,11755,60,854,480,195,HD,1,1,2,3,5,2,android,True,256,Itel A24 Pro,
477,vivo,Vivo X Fold Plus,Premium,113990,79,True,True,False,snapdragon 8+ gen1,snapdragon,8,3,25,4730,378400,589,Medium,True,80,12,3072,High RAM,256,High,8,Large,43148,120,1916,2160,359,Ultra HD,4,2,50,16,66,200,android,False,0,Vivo X Fold Plus,80.0
478,huawei,Huawei Mate 50 RS Porsche Design,Premium,239999,81,False,True,True,snapdragon 8+ gen1,snapdragon,8,3,25,4700,310200,697,Medium,True,66,12,6144,High RAM,512,High,6,Large,51331,120,1212,2616,427,Ultra HD,3,1,50,13,63,150,other,True,256,Huawei Mate 50 RS Porsche Design,66.0
479,samsung,Samsung Galaxy F63,Mid-range,21999,84,True,True,False,dimensity 900,dimensity,8,2,16,7000,231000,1044,Large,True,33,6,768,Standard,128,Medium,6,Large,23568,60,1080,2400,392,Ultra HD,4,1,64,32,96,256,android,True,1024,Samsung Galaxy F63,33.0
480,iqoo,iQOO Z6 4G (6GB RAM + 128GB),Budget,15999,80,False,False,False,snapdragon 680,snapdragon,8,2,19,5000,220000,776,Large,True,44,6,768,Standard,128,Medium,6,Medium,49039,120,1080,2400,408,Ultra HD,3,1,50,16,66,150,android,True,1024,iQOO Z6 4G (6GB RAM + 128GB),44.0
481,sony,Sony Xperia 5 II,Premium,69990,86,True,True,False,snapdragon 865,snapdragon,8,2,22,4000,84000,655,Medium,True,21,8,1024,Standard,128,Medium,6,Medium,53934,120,1080,2520,449,Ultra HD,3,1,12,8,20,36,android,True,256,Sony Xperia 5 II,21.0
482,vivo,Vivo Y3 (4GB RAM + 128GB),Budget,12990,71,False,False,False,helio p35,helio,8,2,18,5000,0,787,Large,True,0,4,512,Low RAM,128,Medium,6,Medium,16097,60,720,1544,268,Full HD,3,1,13,16,29,39,android,True,256,Vivo Y3 (4GB RAM + 128GB),
483,sony,Sony Xperia 1 IV (12GB RAM + 512GB),Premium,92980,80,True,True,False,snapdragon 8 gen1,snapdragon,8,3,24,5000,150000,769,Large,True,30,12,6144,High RAM,512,High,6,Large,77116,120,1644,3840,642,Ultra HD,4,1,12,12,24,48,android,True,256,Sony Xperia 1 IV (12GB RAM + 512GB),30.0
484,tecno,Tecno Pova 4 Pro,Budget,15999,74,False,False,False,helio g99,helio,8,2,17,6000,270000,900,Large,True,45,8,2048,Standard,256,High,6,Large,23709,90,720,1600,263,Full HD,2,1,50,8,58,100,android,True,1024,Tecno Pova 4 Pro,45.0
485,huawei,Huawei Nova 10 SE,Mid-range,23999,84,False,True,False,sanpdragon 680,snapdragon,8,2,19,4500,297000,674,Medium,True,66,8,2048,Standard,256,High,6,Large,32585,90,1080,2160,362,Ultra HD,3,1,108,16,124,324,android,True,256,Huawei Nova 10 SE,66.0
486,vivo,Vivo T1x (4GB RAM + 128GB),Budget,12999,75,False,False,False,snapdragon 680,snapdragon,8,2,19,5000,90000,759,Large,True,18,4,512,Low RAM,128,Medium,6,Large,36097,90,1080,2408,401,Ultra HD,2,1,50,8,58,100,android,True,256,Vivo T1x (4GB RAM + 128GB),18.0
487,nubia,Nubia Red Magic 7S Pro,Premium,60990,86,True,True,False,snapdragon 8+ gen1,snapdragon,8,3,25,5000,675000,735,Large,True,135,12,3072,High RAM,256,High,6,Large,46443,120,1080,2400,387,Ultra HD,3,1,64,8,72,192,android,False,0,Nubia Red Magic 7S Pro,135.0
488,motorola,Motorola Moto E32s (4GB RAM + 64GB),Budget,8859,67,False,False,False,helio g37,helio,8,1,14,5000,90000,769,Large,True,18,4,256,Low RAM,64,Low,6,Large,24293,90,720,1600,269,Full HD,3,1,16,8,24,48,android,True,256,Motorola Moto E32s (4GB RAM + 64GB),18.0
489,iqoo,iQOO Neo 6 5G (12GB RAM + 256GB),Mid-range,33749,84,True,False,True,snapdragon 870,snapdragon,8,3,25,4700,376000,709,Medium,True,80,12,3072,High RAM,256,High,6,Large,47706,120,1080,2400,397,Ultra HD,3,1,64,16,80,192,android,False,0,iQOO Neo 6 5G (12GB RAM + 256GB),80.0
490,samsung,Samsung Galaxy A15,Budget,15990,63,False,False,False,snapdragon,snapdragon,8,2,18,5000,0,769,Large,True,0,6,384,Standard,64,Low,6,Large,16195,60,720,1600,269,Full HD,3,1,48,8,56,144,android,True,1024,Samsung Galaxy A15,
491,poco,POCO X4 GT 5G,Mid-range,24990,84,True,True,True,dimensity 8100,dimensity,8,2,22,5080,340360,769,Large,True,67,8,1024,Standard,128,Medium,6,Large,58617,144,1080,2460,407,Ultra HD,3,1,64,16,80,192,android,False,0,POCO X4 GT 5G,67.0
492,realme,Realme Narzo 50 5G (4GB RAM + 128GB),Budget,14999,76,True,False,False,dimensity 810 5g,dimensity,8,2,19,5000,165000,757,Large,True,33,4,512,Low RAM,128,Medium,6,Large,35888,90,1080,2400,398,Ultra HD,3,1,48,16,64,144,android,True,1024,Realme Narzo 50 5G (4GB RAM + 128GB),33.0
493,vivo,Vivo Y77 5G,Budget,17990,76,True,False,False,dimensity 930,dimensity,8,2,17,4500,360000,677,Medium,True,80,6,768,Standard,128,Medium,6,Large,47365,120,1080,2388,394,Ultra HD,2,1,50,8,58,100,android,True,1024,Vivo Y77 5G,80.0
494,honor,Honor 60 SE 5G,Mid-range,24990,75,True,False,False,dimensity 900,dimensity,8,2,16,4300,283800,644,Medium,True,66,8,1024,Standard,128,Medium,6,Large,46366,120,1080,2340,386,Ultra HD,3,1,64,16,80,192,android,False,0,Honor 60 SE 5G,66.0
495,xiaomi,Xiaomi Redmi 11 Prime,Budget,11600,74,False,False,True,helio g99,helio,8,2,17,5000,90000,759,Large,True,18,4,256,Low RAM,64,Low,6,Large,35997,90,1080,2400,399,Ultra HD,3,1,50,8,58,150,android,True,512,Xiaomi Redmi 11 Prime,18.0
496,realme,Realme C31,Budget,8299,62,False,False,False,tiger t612,tiger,8,1,14,5000,-5000,766,Large,False,-1,3,96,Low RAM,32,Low,6,Large,16146,60,720,1600,269,Full HD,3,1,13,5,18,39,android,True,1024,Realme C31,
497,motorola,Motorola Moto G31 (6GB RAM+ 128GB),Budget,11999,78,False,False,False,helio g85,helio,8,2,16,5000,100000,772,Large,True,20,6,768,Standard,128,Medium,6,Medium,24406,60,1080,2400,406,Ultra HD,3,1,50,13,63,150,android,True,1024,Motorola Moto G31 (6GB RAM+ 128GB),20.0
498,samsung,Samsung Galaxy Z Flip 4 5G,Premium,89999,88,True,True,False,snapdragon 8+ gen1,snapdragon,8,3,25,3700,92500,552,Small,True,25,8,1024,Standard,128,Medium,6,Large,51087,120,1080,2640,425,Ultra HD,2,1,12,10,22,24,android,False,0,Samsung Galaxy Z Flip 4 5G,25.0
499,oneplus,OnePlus 6 (8GB RAM + 128GB),Mid-range,27999,77,False,True,False,snapdragon 845,snapdragon,8,2,22,3300,-3300,525,Small,False,-1,8,1024,Standard,128,Medium,6,Medium,24103,60,1080,2280,401,Ultra HD,2,1,20,16,36,40,android,False,0,OnePlus 6 (8GB RAM + 128GB),
500,google,Google Pixel 2 XL,Budget,15990,69,False,True,False,snapdragon 835,snapdragon,8,2,18,3520,0,586,Small,True,0,4,512,Low RAM,128,Medium,6,Medium,32199,60,1440,2880,536,Ultra HD,1,1,2,8,10,2,android,False,0,Google Pixel 2 XL,
501,xiaomi,Xiaomi Redmi A1 Plus,Budget,7289,60,False,False,False,helio a22,helio,4,2,8,5000,50000,766,Large,True,10,2,64,Low RAM,32,Low,6,Large,16146,60,720,1600,269,Full HD,2,1,8,5,13,16,android,True,512,Xiaomi Redmi A1 Plus,10.0
502,honor,Honor 70 5G (8GB RAM + 256GB),Mid-range,30990,86,True,True,False,snapdragon 778g plus,snapdragon,8,2,20,4800,316800,719,Medium,True,66,8,2048,Standard,256,High,6,Large,47348,120,1080,2400,394,Ultra HD,3,1,54,32,86,162,android,False,0,Honor 70 5G (8GB RAM + 256GB),66.0
503,realme,Realme Narzo 50 (6GB RAM + 128GB),Budget,15499,77,False,False,False,helio g96,helio,8,2,16,5000,165000,757,Large,True,33,6,768,Standard,128,Medium,6,Large,48050,120,1080,2412,400,Ultra HD,3,1,50,16,66,150,android,True,256,Realme Narzo 50 (6GB RAM + 128GB),33.0
504,vivo,Vivo Y15s,Budget,8499,66,False,False,False,helio p35,helio,8,2,18,5000,-5000,768,Large,False,-1,3,96,Low RAM,32,Low,6,Large,16170,60,720,1600,269,Full HD,2,1,13,8,21,26,android,True,1024,Vivo Y15s,
505,samsung,Samsung Galaxy M32 (6GB RAM + 128GB),Budget,14490,80,False,False,False,helio g80,helio,8,2,16,6000,90000,937,Large,True,15,6,768,Standard,128,Medium,6,Medium,37009,90,1080,2400,411,Ultra HD,4,1,64,20,84,256,android,True,1024,Samsung Galaxy M32 (6GB RAM + 128GB),15.0
506,samsung,Samsung Galaxy F42 5G,Budget,15490,80,True,False,False,dimensity 700 5g,dimensity,8,2,17,5000,75000,757,Large,True,15,6,768,Standard,128,Medium,6,Large,35987,90,1080,2408,399,Ultra HD,3,1,64,8,72,192,android,True,1024,Samsung Galaxy F42 5G,15.0
507,realme,Realme Q5 5G,Budget,14990,78,True,False,False,snapdragon 695,snapdragon,8,2,17,5000,300000,757,Large,True,60,6,768,Standard,128,Medium,6,Large,48050,120,1080,2412,400,Ultra HD,3,1,50,16,66,150,android,True,256,Realme Q5 5G,60.0
508,poco,POCO M3 Pro 5G,Budget,15999,75,True,False,True,dimensity 700 5g,dimensity,8,2,17,5000,90000,769,Large,True,18,4,256,Low RAM,64,Low,6,Large,36440,90,1080,2400,404,Ultra HD,3,1,48,8,56,144,android,True,1024,POCO M3 Pro 5G,18.0
509,google,Google Pixel 5,Mid-range,36000,82,True,True,False,snapdragon 765g,snapdragon,8,2,19,4080,73440,680,Medium,True,18,8,1024,Standard,128,Medium,6,Medium,38658,90,1080,2340,429,Ultra HD,2,1,16,8,24,32,android,False,0,Google Pixel 5,18.0
510,oneplus,OnePlus 12 Pro,Premium,69999,84,True,True,False,snapdragon 8 gen2,snapdragon,8,3,25,4800,720000,713,Medium,True,150,12,3072,High RAM,256,High,6,Large,79241,144,1440,3412,550,Ultra HD,3,1,108,32,140,324,android,False,0,OnePlus 12 Pro,150.0
511,xiaomi,Xiaomi Redmi Note 12 Discovery Edition,Mid-range,26990,86,True,True,True,dimensity 1080,dimensity,8,2,20,4300,903000,644,Medium,True,210,8,2048,Standard,256,High,6,Large,47348,120,1080,2400,394,Ultra HD,3,1,200,16,216,600,android,False,0,Xiaomi Redmi Note 12 Discovery Edition,210.0
512,samsung,Samsung Galaxy M13 (4GB RAM + 64GB),Budget,10630,71,False,False,False,exynos 850,exynos,8,2,16,6000,90000,909,Large,True,15,4,256,Low RAM,64,Low,6,Large,23925,60,1080,2400,398,Ultra HD,3,1,50,8,58,150,android,True,1024,Samsung Galaxy M13 (4GB RAM + 64GB),15.0
513,oppo,Oppo Reno 8 Pro (8GB RAM + 256GB),Premium,42990,85,True,True,False,dimensity 8100-max,dimensity,8,2,22,4500,360000,671,Medium,True,80,8,2048,Standard,256,High,6,Large,47332,120,1080,2412,394,Ultra HD,3,1,50,32,82,150,android,False,0,Oppo Reno 8 Pro (8GB RAM + 256GB),80.0
514,vivo,Vivo Y78 5G,Mid-range,24990,77,True,False,False,dimensity 1300,dimensity,8,3,24,4500,0,683,Medium,True,0,8,1024,Standard,128,Medium,6,Large,35997,90,1080,2400,399,Ultra HD,3,1,50,16,66,150,android,False,0,Vivo Y78 5G,
515,iqoo,iQOO Z6 4G,Budget,14489,77,False,False,False,snapdragon 680,snapdragon,8,2,19,5000,220000,776,Large,True,44,4,512,Low RAM,128,Medium,6,Medium,49039,120,1080,2400,408,Ultra HD,3,1,50,16,66,150,android,True,1024,iQOO Z6 4G,44.0
516,oppo,OPPO A76,Budget,16490,73,False,False,False,snapdragon 680,snapdragon,8,2,19,5000,165000,762,Large,True,33,6,768,Standard,128,Medium,6,Large,24221,90,720,1612,269,Full HD,2,1,13,8,21,26,android,True,256,OPPO A76,33.0
517,realme,Realme 9 Pro Plus 5G (8GB RAM + 256GB),Mid-range,24494,82,True,False,False,dimensity 920 5g,dimensity,8,2,20,4500,270000,703,Medium,True,60,8,2048,Standard,256,High,6,Medium,37009,90,1080,2400,411,Ultra HD,3,1,50,16,66,150,android,False,0,Realme 9 Pro Plus 5G (8GB RAM + 256GB),60.0
518,vivo,Vivo Y01,Budget,7999,61,False,False,False,helio p35,helio,8,2,18,5000,-5000,768,Large,False,-1,2,64,Low RAM,32,Low,6,Large,16170,60,720,1600,269,Full HD,1,1,8,5,13,8,android,True,1024,Vivo Y01,
519,motorola,Motorola Moto Edge S30 5G,Mid-range,23990,85,True,False,False,snapdragon 888+,snapdragon,8,2,23,5000,165000,735,Large,True,33,6,768,Standard,128,Medium,6,Large,56893,144,1080,2460,395,Ultra HD,3,1,108,16,124,324,android,False,0,Motorola Moto Edge S30 5G,33.0
520,realme,Realme GT 2 Pro 5G,Premium,49959,89,True,True,False,snapdragon 8 gen1,snapdragon,8,3,24,5000,325000,746,Large,True,65,8,1024,Standard,128,Medium,6,Large,63110,120,1440,3216,525,Ultra HD,3,1,50,32,82,150,android,False,0,Realme GT 2 Pro 5G,65.0
521,apple,Apple iPhone 13 Pro (256GB),Premium,129900,83,True,True,False,bionic a15,bionic,6,3,19,3095,0,507,Small,True,0,6,1536,Standard,256,High,6,Medium,54870,120,1170,2532,457,Ultra HD,3,1,12,12,24,36,ios,False,0,Apple iPhone 13 Pro (256GB),
522,vivo,Vivo Y73 2021,Budget,19990,80,False,False,False,helio g95,helio,8,2,16,4000,132000,621,Medium,True,33,8,1024,Standard,128,Medium,6,Medium,24519,60,1080,2400,408,Ultra HD,3,1,64,16,80,192,android,True,256,Vivo Y73 2021,33.0
523,samsung,Samsung Galaxy F14,Budget,14990,67,False,True,False,snapdragon,snapdragon,8,2,18,5000,125000,755,Large,True,25,4,256,Low RAM,64,Low,6,Large,23919,60,2408,1080,398,Full HD,3,1,50,16,66,150,android,True,1024,Samsung Galaxy F14,25.0
524,vivo,Vivo V20,Mid-range,23269,85,False,False,False,snapdragon 720g,snapdragon,8,2,18,4000,132000,621,Medium,True,33,8,1024,Standard,128,Medium,6,Medium,24519,60,1080,2400,408,Ultra HD,3,1,64,44,108,192,android,True,1024,Vivo V20,33.0
525,xiaomi,Xiaomi Redmi Note 9 Pro,Budget,13999,75,False,False,True,snapdragon 720g,snapdragon,8,2,18,5020,90360,752,Large,True,18,4,256,Low RAM,64,Low,6,Large,23674,60,1080,2400,394,Ultra HD,4,1,48,16,64,192,android,True,512,Xiaomi Redmi Note 9 Pro,18.0
526,oneplus,OnePlus 10R Prime Edition,Mid-range,35389,85,True,True,False,dimensity 8100 max,dimensity,8,2,22,5000,400000,746,Large,True,80,8,1024,Standard,128,Medium,6,Large,47332,120,1080,2412,394,Ultra HD,3,1,50,16,66,150,android,False,0,OnePlus 10R Prime Edition,80.0
527,google,Google Pixel 6 Pro (12GB RAM + 256GB),Premium,79700,78,True,True,False,google tensor,google,8,2,22,5003,150090,745,Large,True,30,12,3072,High RAM,256,High,6,Large,61453,120,1440,3120,512,Ultra HD,3,1,50,1,51,150,android,False,0,Google Pixel 6 Pro (12GB RAM + 256GB),30.0
528,nokia,Nokia C31,Budget,9499,62,False,False,False,unisoc sc9863a,unisoc,8,1,12,5050,50500,749,Large,True,10,3,96,Low RAM,32,Low,6,Large,15619,60,720,1600,260,Full HD,3,1,13,5,18,39,android,True,256,Nokia C31,10.0
529,infinix,Infinix Hot 12 Pro (8GB RAM+ 128GB),Budget,12340,76,False,False,False,tiger t616,tiger,8,2,16,5000,90000,757,Large,True,18,8,1024,Standard,128,Medium,6,Large,24074,90,720,1612,267,Full HD,2,1,50,8,58,100,android,True,256,Infinix Hot 12 Pro (8GB RAM+ 128GB),18.0
530,poco,Poco M5,Budget,10799,74,False,False,True,helio g99,helio,8,2,17,5000,90000,759,Large,True,18,4,256,Low RAM,64,Low,6,Large,35997,90,1080,2400,399,Ultra HD,3,1,50,8,58,150,android,True,512,Poco M5,18.0
531,xiaomi,Xiaomi Redmi 10C (4GB RAM + 128GB),Budget,14990,73,False,False,False,snapdragon 680,snapdragon,8,2,19,6000,108000,895,Large,True,18,4,512,Low RAM,128,Medium,6,Large,15712,60,720,1600,261,Full HD,2,1,50,5,55,100,android,True,512,Xiaomi Redmi 10C (4GB RAM + 128GB),18.0
532,zte,ZTE Axon 40 Ultra 5G,Premium,61990,89,True,True,False,snapdragon 8 gen1,snapdragon,8,3,24,5000,325000,735,Large,True,65,8,1024,Standard,128,Medium,6,Large,47991,120,1116,2480,399,Ultra HD,3,1,64,16,80,192,android,False,0,ZTE Axon 40 Ultra 5G,65.0
533,xiaomi,Xiaomi 12 Pro 5G (12GB RAM + 256GB),Premium,51880,80,True,True,True,snapdragon 8 gen1,snapdragon,8,3,24,4600,552000,683,Medium,True,120,12,3072,High RAM,256,High,6,Large,62568,120,1440,3200,521,Ultra HD,3,1,50,32,82,150,android,False,0,Xiaomi 12 Pro 5G (12GB RAM + 256GB),120.0
534,oppo,OPPO K10 (8GB RAM + 128GB),Budget,16990,80,False,False,False,snapdragon 680,snapdragon,8,2,19,5000,165000,758,Large,True,33,8,1024,Standard,128,Medium,6,Large,36092,90,1080,2412,401,Ultra HD,3,1,50,16,66,150,android,True,1024,OPPO K10 (8GB RAM + 128GB),33.0
535,huawei,Huawei Nova 9 SE,Budget,19990,84,False,True,False,snapdragon 680,snapdragon,8,2,19,4000,264000,589,Medium,True,66,8,1024,Standard,128,Medium,6,Large,34790,90,1080,2388,386,Ultra HD,4,1,108,16,124,432,android,True,256,Huawei Nova 9 SE,66.0
536,samsung,Samsung Galaxy S22 5G (8GB RAM + 256GB),Premium,57999,87,True,True,False,snapdragon 8 gen1,snapdragon,8,3,24,3700,92500,606,Small,True,25,8,2048,Standard,256,High,6,Medium,50699,120,1080,2340,422,Ultra HD,3,1,50,10,60,150,android,False,0,Samsung Galaxy S22 5G (8GB RAM + 256GB),25.0
537,lenovo,Lenovo Legion Y90,Premium,46990,87,True,True,False,snapdragon 8 gen1,snapdragon,8,3,24,5600,380800,809,Large,True,68,12,3072,High RAM,256,High,6,Large,55906,144,1080,2460,388,Ultra HD,2,1,64,16,80,128,android,False,0,Lenovo Legion Y90,68.0
538,vivo,Vivo Y55 5G,Mid-range,20990,77,True,True,False,dimensity 700 5g,dimensity,8,2,17,5000,90000,759,Large,True,18,4,512,Low RAM,128,Medium,6,Large,24064,60,1080,2408,401,Ultra HD,3,1,50,8,58,150,android,True,256,Vivo Y55 5G,18.0
539,nokia,Nokia X100 5G,Budget,17990,82,True,True,False,snapdragon 480,snapdragon,8,2,16,4470,80460,670,Medium,True,18,6,768,Standard,128,Medium,6,Large,23674,60,1080,2400,394,Ultra HD,4,1,48,16,64,192,android,True,1024,Nokia X100 5G,18.0
540,realme,Realme 8s 5G (8GB RAM + 128GB),Budget,17499,82,True,False,False,dimensity 810 5g,dimensity,8,2,19,5000,165000,769,Large,True,33,8,1024,Standard,128,Medium,6,Large,36440,90,1080,2400,404,Ultra HD,3,1,64,16,80,192,android,True,1024,Realme 8s 5G (8GB RAM + 128GB),33.0
541,realme,Realme 8s 5G,Budget,17999,80,True,False,False,dimensity 810 5g,dimensity,8,2,19,5000,165000,769,Large,True,33,6,768,Standard,128,Medium,6,Large,36440,90,1080,2400,404,Ultra HD,3,1,64,16,80,192,android,True,1024,Realme 8s 5G,33.0
542,nokia,Nokia X60 Pro 5G,Premium,49990,75,True,False,False,snapdragon 870,snapdragon,8,3,25,6000,264000,921,Large,True,44,8,1024,Standard,128,Medium,6,Large,58376,144,1080,2408,405,Ultra HD,4,1,200,32,232,800,android,True,256,Nokia X60 Pro 5G,44.0
543,poco,Poco X5,Budget,14999,74,True,False,True,snapdragon 695,snapdragon,8,2,17,5000,165000,749,Large,True,33,4,512,Low RAM,128,Medium,6,Large,47348,120,1080,2400,394,Ultra HD,3,1,48,8,56,144,android,False,0,Poco X5,33.0
544,xiaomi,Xiaomi Redmi Note 10 Pro Max (6GB RAM + 128GB),Budget,19980,82,False,False,True,snapdragon 732g,snapdragon,8,2,18,5020,165660,752,Large,True,33,6,768,Standard,128,Medium,6,Large,47348,120,1080,2400,394,Ultra HD,4,1,108,16,124,432,android,True,512,Xiaomi Redmi Note 10 Pro Max (6GB RAM + 128GB),33.0
545,iqoo,iQOO 7 (12GB RAM + 256GB),Mid-range,35990,85,True,True,False,snapdragon 870,snapdragon,8,3,25,4400,290400,664,Medium,True,66,12,3072,High RAM,256,High,6,Large,47706,120,1080,2400,397,Ultra HD,3,1,48,16,64,144,android,False,0,iQOO 7 (12GB RAM + 256GB),66.0
546,realme,Realme 8,Budget,15999,78,False,False,False,helio g95,helio,8,2,16,5000,150000,781,Large,True,30,4,512,Low RAM,128,Medium,6,Medium,24673,60,1080,2400,411,Ultra HD,4,1,64,16,80,256,android,True,256,Realme 8,30.0
547,samsung,Samsung Galaxy S20,Premium,41999,88,False,True,False,exynos 990,exynos,8,2,21,4000,100000,645,Medium,True,25,8,1024,Standard,128,Medium,6,Medium,67917,120,1440,3200,565,Ultra HD,3,1,64,10,74,192,android,True,1024,Samsung Galaxy S20,25.0
548,xiaomi,Xiaomi Redmi K60E,Mid-range,25999,83,True,True,True,dimensity 8200,dimensity,8,3,24,5500,368500,824,Large,True,67,8,1024,Standard,128,Medium,6,Large,63131,120,1440,3200,526,Ultra HD,3,1,48,20,68,144,android,False,0,Xiaomi Redmi K60E,67.0
549,motorola,Motorola Moto E32s,Budget,7990,65,False,False,False,helio g37,helio,8,1,14,5000,90000,769,Large,True,18,3,96,Low RAM,32,Low,6,Large,24293,90,720,1600,269,Full HD,3,1,16,8,24,48,android,True,1024,Motorola Moto E32s,18.0
550,oneplus,OnePlus Nord 3T 5G,Mid-range,29990,84,True,True,False,dimensity 1300,dimensity,8,3,24,4500,360000,699,Medium,True,80,8,1024,Standard,128,Medium,6,Medium,36837,90,1080,2400,409,Ultra HD,3,1,50,32,82,150,android,False,0,OnePlus Nord 3T 5G,80.0
551,oppo,OPPO F23 Pro Plus 5G,Mid-range,27990,83,True,False,False,snapdragon 7 gen1,snapdragon,8,2,18,4500,292500,699,Medium,True,65,8,1024,Standard,128,Medium,6,Medium,37604,90,1080,2460,417,Ultra HD,4,1,50,16,66,200,android,True,256,OPPO F23 Pro Plus 5G,65.0
552,poco,Poco F5 Pro,Mid-range,29999,84,True,True,True,snapdragon 8+ gen1,snapdragon,8,3,25,5500,368500,824,Large,True,67,8,1024,Standard,128,Medium,6,Large,63131,120,1440,3200,526,Ultra HD,3,1,64,16,80,192,android,False,0,Poco F5 Pro,67.0
553,oppo,OPPO A16e (4GB RAM + 64GB),Budget,8999,68,False,False,False,helio p22,helio,8,2,16,4230,-4230,648,Medium,False,-1,4,256,Low RAM,64,Low,6,Large,16146,60,720,1600,269,Full HD,1,1,13,5,18,13,android,True,1024,OPPO A16e (4GB RAM + 64GB),
554,poco,POCO M4 Pro 4G (8GB RAM + 128GB),Budget,13999,81,False,False,True,helio g96,helio,8,2,16,5000,165000,777,Large,True,33,8,1024,Standard,128,Medium,6,Medium,36837,90,1080,2400,409,Ultra HD,3,1,64,16,80,192,android,True,1024,POCO M4 Pro 4G (8GB RAM + 128GB),33.0
555,realme,Realme Narzo 50A,Budget,11499,71,False,False,False,helio g85,helio,8,2,16,6000,108000,923,Large,True,18,4,256,Low RAM,64,Low,6,Large,16195,60,720,1600,269,Full HD,3,1,50,8,58,150,android,True,256,Realme Narzo 50A,18.0
556,asus,Asus ROG Phone 5s 5G,Mid-range,39999,87,True,True,False,snapdragon 888+,snapdragon,8,2,23,6000,390000,884,Large,True,65,8,1024,Standard,128,Medium,6,Large,56827,144,1080,2448,394,Ultra HD,3,1,64,24,88,192,android,False,0,Asus ROG Phone 5s 5G,65.0
557,realme,Realme GT Master Edition 5G,Mid-range,27999,84,True,True,False,snapdragon 778g,snapdragon,8,2,19,4300,279500,668,Medium,True,65,8,1024,Standard,128,Medium,6,Medium,49116,120,1080,2400,409,Ultra HD,3,1,64,32,96,192,android,False,0,Realme GT Master Edition 5G,65.0
558,samsung,Samsung Galaxy A32 5G,Mid-range,24499,79,True,True,False,dimensity 720,dimensity,8,2,16,5000,75000,769,Large,True,15,6,768,Standard,128,Medium,6,Large,24293,90,720,1600,269,Full HD,4,1,48,13,61,192,android,True,1024,Samsung Galaxy A32 5G,15.0
559,nubia,Nubia Red Magic 8 Pro Plus,Premium,60999,86,True,True,False,snapdragon 8 gen2,snapdragon,8,3,25,5000,825000,735,Large,True,165,12,3072,High RAM,256,High,6,Large,47991,120,1116,2480,399,Ultra HD,3,1,50,16,66,150,android,False,0,Nubia Red Magic 8 Pro Plus,165.0
560,samsung,Samsung Galaxy Z Fold 3,Premium,110999,89,True,True,False,snapdragon 888,snapdragon,8,2,22,4400,110000,578,Medium,True,25,12,3072,High RAM,256,High,7,Large,44662,120,1768,2208,372,Ultra HD,3,2,12,10,22,36,android,False,0,Samsung Galaxy Z Fold 3,25.0
561,lg,LG Wing 5G,Premium,54999,89,True,True,False,snapdragon 765g,snapdragon,8,2,19,4000,0,588,Medium,True,0,8,1024,Standard,128,Medium,6,Large,23705,60,1080,2460,395,Ultra HD,3,1,64,32,96,192,android,False,0,LG Wing 5G,
562,xiaomi,Xiaomi Redmi Note 9 Pro Max,Budget,16490,80,False,False,True,snapdragon 720g,snapdragon,8,2,18,5020,165660,752,Large,True,33,6,384,Standard,64,Low,6,Large,23674,60,1080,2400,394,Ultra HD,4,1,64,32,96,256,android,True,512,Xiaomi Redmi Note 9 Pro Max,33.0
563,samsung,Samsung Galaxy A52,Mid-range,24990,83,False,False,False,snapdragon 720g,snapdragon,8,2,18,4500,112500,692,Medium,True,25,6,768,Standard,128,Medium,6,Large,36440,90,1080,2400,404,Ultra HD,4,1,64,32,96,256,android,True,1024,Samsung Galaxy A52,25.0
564,vivo,Vivo Y71,Mid-range,25000,79,False,False,False,snapdragon 425,snapdragon,4,1,5,3360,-3360,560,Small,False,-1,3,48,Low RAM,16,Low,6,Medium,16099,60,720,1440,268,Full HD,1,1,13,5,18,13,android,True,256,Vivo Y71,
565,samsung,Samsung Galaxy A04e (3GB RAM + 64GB),Budget,9950,66,False,False,False,helio p35,helio,8,2,18,5000,-5000,769,Large,False,-1,3,192,Low RAM,64,Low,6,Large,16195,60,720,1600,269,Full HD,2,1,13,5,18,26,android,True,1024,Samsung Galaxy A04e (3GB RAM + 64GB),
566,oppo,Oppo A56s,Budget,12999,75,True,False,False,dimensity 810,dimensity,8,2,19,5000,-5000,762,Large,False,-1,8,1024,Standard,128,Medium,6,Large,16147,60,720,1612,269,Full HD,2,1,13,8,21,26,android,True,256,Oppo A56s,
567,oppo,Oppo Reno 8T 4G,Budget,19999,83,False,True,False,helio g99,helio,8,2,17,5000,330000,749,Large,True,66,8,2048,Standard,256,High,6,Large,47348,120,1080,2400,394,Ultra HD,3,1,50,16,66,150,android,True,1024,Oppo Reno 8T 4G,66.0
568,oppo,OPPO Reno 10,Mid-range,32999,84,True,True,False,snapdragon 778g plus,snapdragon,8,2,20,5000,600000,742,Large,True,120,8,2048,Standard,256,High,6,Large,47121,120,1080,2412,392,Ultra HD,3,1,50,32,82,150,android,False,0,OPPO Reno 10,120.0
569,nokia,Nokia G60,Mid-range,28498,81,True,True,False,snapdragon 695,snapdragon,8,2,17,4500,90000,683,Medium,True,20,6,768,Standard,128,Medium,6,Large,47996,120,1080,2400,399,Ultra HD,3,1,50,8,58,150,android,True,256,Nokia G60,20.0
570,oppo,OPPO A77 (4GB RAM + 128 GB),Budget,15998,71,False,False,False,helio g35,helio,8,2,18,5000,165000,762,Large,True,33,4,512,Low RAM,128,Medium,6,Large,16047,60,720,1600,267,Full HD,2,1,50,8,58,100,android,True,256,OPPO A77 (4GB RAM + 128 GB),33.0
571,motorola,Motorola Edge 40 Pro 5G,Premium,59990,89,True,True,False,snapdragon 8 gen2,snapdragon,8,3,25,4800,600000,716,Medium,True,125,8,1024,Standard,128,Medium,6,Large,66163,165,1080,2460,400,Ultra HD,3,1,50,60,110,150,android,False,0,Motorola Edge 40 Pro 5G,125.0
572,oppo,Oppo K10x 5G,Budget,16990,78,True,False,False,snapdragon 695,snapdragon,8,2,17,5000,335000,758,Large,True,67,6,768,Standard,128,Medium,6,Large,48122,120,1080,2412,401,Ultra HD,3,1,64,16,80,192,android,False,0,Oppo K10x 5G,67.0
573,iqoo,iQOO Z6 Pro 5G (12GB RAM + 256GB),Mid-range,27999,82,True,False,False,snapdragon 778g,snapdragon,8,2,19,4700,310200,729,Medium,True,66,12,3072,High RAM,256,High,6,Medium,36830,90,1080,2404,409,Ultra HD,3,1,64,16,80,192,android,False,0,iQOO Z6 Pro 5G (12GB RAM + 256GB),66.0
574,nokia,Nokia G21 (6GB RAM + 128GB),Budget,13499,75,False,False,False,unisoc t606,unisoc,8,1,12,5050,90900,776,Large,True,18,6,768,Standard,128,Medium,6,Large,24293,90,720,1600,269,Full HD,3,1,50,8,58,150,android,True,512,Nokia G21 (6GB RAM + 128GB),18.0
575,samsung,Samsung Galaxy A13 (6GB RAM + 128GB),Budget,16499,78,False,False,False,snapdragon,snapdragon,8,2,16,5000,125000,757,Large,True,25,6,768,Standard,128,Medium,6,Large,23991,60,1080,2408,399,Ultra HD,4,1,50,8,58,200,android,True,1024,Samsung Galaxy A13 (6GB RAM + 128GB),25.0
576,oppo,OPPO A16K (4GB RAM + 64GB),Budget,10999,66,False,False,False,helio g35,helio,8,2,18,4230,-4230,648,Medium,False,-1,4,256,Low RAM,64,Low,6,Large,16146,60,720,1600,269,Full HD,1,1,13,5,18,13,android,True,256,OPPO A16K (4GB RAM + 64GB),
577,xiaomi,Xiaomi Redmi 10C,Budget,13990,71,False,False,False,snapdragon 680,snapdragon,8,2,19,6000,108000,895,Large,True,18,4,256,Low RAM,64,Low,6,Large,15712,60,720,1600,261,Full HD,2,1,50,5,55,100,android,True,512,Xiaomi Redmi 10C,18.0
578,tecno,Tecno Spark 9 Pro,Budget,9999,74,False,False,False,helio g85,helio,8,2,16,5000,90000,757,Large,True,18,4,256,Low RAM,64,Low,6,Large,36635,90,1080,2460,407,Ultra HD,3,1,48,32,80,144,android,True,256,Tecno Spark 9 Pro,18.0
579,realme,Realme GT Neo 3 5G,Mid-range,31994,83,True,True,False,dimensity 8100,dimensity,8,2,22,5000,400000,746,Large,True,80,8,1024,Standard,128,Medium,6,Large,47332,120,1080,2412,394,Ultra HD,3,1,50,16,66,150,android,False,0,Realme GT Neo 3 5G,80.0
580,xiaomi,Xiaomi 11i HyperCharge 5G,Mid-range,24820,83,True,False,True,dimensity 920 5g,dimensity,8,2,20,4500,540000,674,Medium,True,120,6,768,Standard,128,Medium,6,Large,47348,120,2400,1080,394,Full HD,3,1,108,16,124,324,android,True,1024,Xiaomi 11i HyperCharge 5G,120.0
581,iqoo,iQOO Neo 6 SE 5G,Mid-range,22990,83,True,False,False,snapdragon 870,snapdragon,8,3,25,4700,376000,709,Medium,True,80,8,1024,Standard,128,Medium,6,Large,47706,120,1080,2400,397,Ultra HD,3,1,64,16,80,192,android,False,0,iQOO Neo 6 SE 5G,80.0
582,iqoo,iQOO 9 Pro 5G,Premium,59990,88,True,True,False,snapdragon 8 gen1,snapdragon,8,3,24,4700,564000,693,Medium,True,120,8,2048,Standard,256,High,6,Large,62107,120,1440,3200,517,Ultra HD,3,1,50,16,66,150,android,False,0,iQOO 9 Pro 5G,120.0
583,realme,Realme Narzo 50i (4GB RAM + 64GB),Budget,8999,62,False,False,False,unisoc sc9863a,unisoc,8,1,12,5000,-5000,769,Large,False,-1,4,256,Low RAM,64,Low,6,Large,16195,60,720,1600,269,Full HD,1,1,8,5,13,8,android,True,256,Realme Narzo 50i (4GB RAM + 64GB),
584,xiaomi,Xiaomi Redmi 9 Activ (6GB RAM + 128GB),Budget,10499,72,False,False,False,helio g35,helio,8,2,18,5000,-5000,765,Large,False,-1,6,768,Standard,128,Medium,6,Large,16121,60,720,1600,268,Full HD,2,1,13,5,18,26,android,True,512,Xiaomi Redmi 9 Activ (6GB RAM + 128GB),
585,jio,Jio JioPhone Next (3GB RAM + 32GB),Budget,7499,64,False,False,False,qualcomm 215,snapdragon,4,1,5,3000,-3000,545,Small,False,-1,3,96,Low RAM,32,Low,5,Compact,17563,60,720,1440,292,Full HD,1,1,13,8,21,13,android,True,256,Jio JioPhone Next (3GB RAM + 32GB),
586,xiaomi,Xiaomi Redmi Note 8 2021,Budget,9990,75,False,False,True,helio g85,helio,8,2,16,4000,72000,634,Medium,True,18,4,256,Low RAM,64,Low,6,Medium,24544,60,1080,2340,409,Ultra HD,4,1,48,13,61,192,android,True,256,Xiaomi Redmi Note 8 2021,18.0
587,xiaomi,Xiaomi Redmi Note 10 5G,Budget,12490,76,True,False,True,dimensity 700 5g,dimensity,8,2,17,5000,90000,769,Large,True,18,4,512,Low RAM,128,Medium,6,Large,36440,90,1080,2400,404,Ultra HD,3,1,48,8,56,144,android,True,512,Xiaomi Redmi Note 10 5G,18.0
588,vivo,Vivo Y20G,Budget,13990,69,False,False,False,helio g80,helio,8,2,16,5000,90000,768,Large,True,18,4,256,Low RAM,64,Low,6,Large,16170,60,720,1600,269,Full HD,3,1,13,8,21,39,android,True,256,Vivo Y20G,18.0
589,samsung,Samsung Galaxy A22 5G,Budget,17990,79,True,False,False,dimensity 700 5g,dimensity,8,2,17,5000,75000,757,Large,True,15,6,768,Standard,128,Medium,6,Large,35987,90,1080,2408,399,Ultra HD,3,1,48,8,56,144,android,True,1024,Samsung Galaxy A22 5G,15.0
590,vivo,Vivo V21,Mid-range,24999,83,False,False,False,dimensity 800u,dimensity,8,2,19,4000,132000,621,Medium,True,33,8,1024,Standard,128,Medium,6,Medium,36779,90,1080,2400,408,Ultra HD,3,1,64,44,108,192,android,True,256,Vivo V21,33.0
591,realme,Realme 7 Pro (8GB RAM + 128GB),Mid-range,21999,85,False,False,False,snapdragon 720g,snapdragon,8,2,18,4500,292500,703,Medium,True,65,8,1024,Standard,128,Medium,6,Medium,24673,60,1080,2400,411,Ultra HD,4,1,64,32,96,256,android,True,256,Realme 7 Pro (8GB RAM + 128GB),65.0
592,oneplus,OnePlus Nord Lite,Budget,19999,77,False,False,False,snapdragon 690,snapdragon,8,2,16,4300,129000,656,Medium,True,30,8,1024,Standard,128,Medium,6,Large,36162,90,1080,2400,401,Ultra HD,3,1,48,16,64,144,android,False,0,OnePlus Nord Lite,30.0
593,samsung,Samsung Galaxy S20 Ultra 5G,Premium,99999,79,True,True,False,exynos 990,exynos,8,2,21,5000,225000,724,Large,True,45,12,1536,High RAM,128,Medium,6,Large,30513,60,1440,3200,508,Ultra HD,4,1,108,40,148,432,android,True,1024,Samsung Galaxy S20 Ultra 5G,45.0
594,apple,Apple iPhone 11 Pro Max,Premium,109900,77,False,True,False,a13 bionic,bionic,6,2,15,3500,63000,538,Small,True,18,4,256,Low RAM,64,Low,6,Large,27332,60,1242,2688,455,Ultra HD,3,1,12,12,24,36,ios,False,0,Apple iPhone 11 Pro Max,18.0
595,apple,Apple iPhone 7s,Premium,52990,77,False,False,False,fusion apl1024,fusion,4,2,9,2230,-2230,474,Small,False,-1,3,96,Low RAM,32,Low,4,Compact,19536,60,750,1334,325,Full HD,1,1,13,7,20,13,ios,False,0,Apple iPhone 7s,
596,sony,Sony Xperia Ace IV,Budget,19990,80,False,True,False,snapdragon 4 gen 1,snapdragon,8,2,16,5000,165000,769,Large,True,33,8,1024,Standard,128,Medium,6,Large,48587,120,1080,2400,404,Ultra HD,2,1,50,16,66,100,android,True,1024,Sony Xperia Ace IV,33.0
597,samsung,Samsung Galaxy A04e (4GB RAM + 128GB),Budget,11499,69,False,False,False,helio p35,helio,8,2,18,5000,-5000,769,Large,False,-1,4,512,Low RAM,128,Medium,6,Large,16195,60,720,1600,269,Full HD,2,1,13,5,18,26,android,True,1024,Samsung Galaxy A04e (4GB RAM + 128GB),
598,xiaomi,Xiaomi Redmi Note 12 4G,Budget,13999,75,False,False,True,helio g99,helio,8,2,17,5000,165000,749,Large,True,33,4,256,Low RAM,64,Low,6,Large,47348,120,1080,2400,394,Ultra HD,3,1,48,13,61,144,android,True,1024,Xiaomi Redmi Note 12 4G,33.0
599,oukitel,Oukitel WP21,Mid-range,22990,82,False,False,False,helio g99,helio,8,2,17,9800,646800,1445,Large,True,66,12,3072,High RAM,256,High,6,Large,46580,120,1080,2400,388,Ultra HD,3,1,64,16,80,192,android,False,0,Oukitel WP21,66.0
600,vivo,Vivo V28,Mid-range,28990,84,True,False,False,snapdragon 6 gen 1,snapdragon,8,2,17,5000,400000,746,Large,True,80,8,2048,Standard,256,High,6,Large,47136,120,1080,2400,392,Ultra HD,3,1,108,32,140,324,android,True,256,Vivo V28,80.0
601,poco,Poco F4 5G (8GB RAM + 128GB),Mid-range,27999,85,True,True,False,snapdragon 870,snapdragon,8,3,25,4500,301500,674,Medium,True,67,8,1024,Standard,128,Medium,6,Large,47348,120,1080,2400,394,Ultra HD,3,1,64,20,84,192,android,False,0,Poco F4 5G (8GB RAM + 128GB),67.0
602,xiaomi,Xiaomi Redmi Note 11T Pro 5G,Budget,19990,82,True,True,True,dimensity 8100,dimensity,8,2,22,5080,340360,769,Large,True,67,6,768,Standard,128,Medium,6,Large,58617,144,1080,2460,407,Ultra HD,3,1,64,16,80,192,android,True,1024,Xiaomi Redmi Note 11T Pro 5G,67.0
603,realme,Realme Narzo 50 Pro 5G (8GB RAM + 128GB),Mid-range,22999,83,True,False,False,dimensity 920 5g,dimensity,8,2,20,5000,165000,781,Large,True,33,8,1024,Standard,128,Medium,6,Medium,37009,90,1080,2400,411,Ultra HD,3,1,48,16,64,144,android,True,1024,Realme Narzo 50 Pro 5G (8GB RAM + 128GB),33.0
604,vivo,Vivo T1 44W (8GB RAM + 128GB),Budget,17999,82,False,False,False,snapdragon 680,snapdragon,8,2,19,5000,220000,776,Large,True,44,8,1024,Standard,128,Medium,6,Medium,24587,60,1080,2408,409,Ultra HD,3,1,50,16,66,150,android,True,1024,Vivo T1 44W (8GB RAM + 128GB),44.0
605,xiaomi,Xiaomi Redmi Note 11S (6GB RAM + 128GB),Budget,15499,81,False,False,True,helio g96,helio,8,2,16,5000,165000,777,Large,True,33,6,768,Standard,128,Medium,6,Medium,36837,90,1080,2400,409,Ultra HD,4,1,108,16,124,432,android,True,512,Xiaomi Redmi Note 11S (6GB RAM + 128GB),33.0
606,lava,Lava Agni 5G,Budget,17990,84,True,False,False,dimensity 810 5g,dimensity,8,2,19,5000,150000,737,Large,True,30,8,1024,Standard,128,Medium,6,Large,35663,90,1080,2460,396,Ultra HD,4,1,64,16,80,256,android,True,1024,Lava Agni 5G,30.0
607,realme,Realme 8i (6GB RAM + 128GB),Budget,13999,77,False,False,False,helio g96,helio,8,2,16,5000,90000,757,Large,True,18,6,768,Standard,128,Medium,6,Large,48050,120,1080,2412,400,Ultra HD,3,1,50,16,66,150,android,True,256,Realme 8i (6GB RAM + 128GB),18.0
608,oppo,OPPO A55 4G,Budget,13499,73,False,False,False,helio g35,helio,8,2,18,5000,90000,768,Large,True,18,4,256,Low RAM,64,Low,6,Large,16170,60,720,1600,269,Full HD,3,1,50,16,66,150,android,True,256,OPPO A55 4G,18.0
609,poco,POCO M3 Pro 5G (6GB RAM + 128GB),Budget,14799,79,True,False,True,dimensity 700 5g,dimensity,8,2,17,5000,90000,769,Large,True,18,6,768,Standard,128,Medium,6,Large,36440,90,1080,2400,404,Ultra HD,3,1,48,8,56,144,android,True,1024,POCO M3 Pro 5G (6GB RAM + 128GB),18.0
610,realme,Realme C21Y,Budget,6999,62,False,False,False,unisoc t610,unisoc,8,1,14,5000,-5000,769,Large,False,-1,3,96,Low RAM,32,Low,6,Large,16195,60,720,1600,269,Full HD,3,1,13,5,18,39,android,True,256,Realme C21Y,
611,oppo,OPPO A16,Budget,11999,69,False,False,False,helio g35,helio,8,2,18,5000,-5000,766,Large,False,-1,4,256,Low RAM,64,Low,6,Large,16146,60,720,1600,269,Full HD,3,1,13,8,21,39,android,True,256,OPPO A16,
612,vivo,Vivo V21 5G,Mid-range,23994,85,True,False,False,dimensity 800u,dimensity,8,2,19,4000,132000,621,Medium,True,33,8,1024,Standard,128,Medium,6,Medium,36779,90,1080,2400,408,Ultra HD,3,1,64,44,108,192,android,True,256,Vivo V21 5G,33.0
613,apple,Apple iPhone 12 Pro (512GB),Premium,139900,80,True,True,False,bionic a14,bionic,6,3,18,5000,-5000,819,Large,False,-1,6,3072,Standard,512,High,6,Medium,27435,60,1170,2532,457,Ultra HD,3,1,12,12,24,36,ios,False,0,Apple iPhone 12 Pro (512GB),
614,sony,Sony Xperia 1 II,Premium,69999,89,True,True,False,snapdragon 865,snapdragon,8,2,22,4000,84000,615,Medium,True,21,8,2048,Standard,256,High,6,Large,38558,60,1644,3840,642,Ultra HD,4,1,12,8,20,48,android,True,256,Sony Xperia 1 II,21.0
615,motorola,Motorola Edge Plus,Premium,57999,89,True,True,False,snapdragon 865,snapdragon,8,2,22,5000,90000,746,Large,True,18,12,3072,High RAM,256,High,6,Large,34619,90,1080,2340,384,Ultra HD,3,1,108,25,133,324,android,False,0,Motorola Edge Plus,18.0
616,samsung,Samsung Galaxy Note 20,Premium,86000,87,False,True,False,exynos 990,exynos,8,2,21,4300,107500,641,Medium,True,25,8,2048,Standard,256,High,6,Large,23568,60,1080,2400,392,Ultra HD,3,1,64,10,74,192,android,False,0,Samsung Galaxy Note 20,25.0
617,samsung,Samsung Galaxy A12,Budget,11999,71,False,False,False,helio p35,helio,8,2,18,5000,75000,769,Large,True,15,4,256,Low RAM,64,Low,6,Large,15859,60,720,1560,264,Full HD,4,1,48,8,56,192,android,True,256,Samsung Galaxy A12,15.0
618,xiaomi,Xiaomi Redmi Note 12 Pro 4G,Budget,14999,77,False,True,True,snapdragon 732g,snapdragon,8,2,18,5000,335000,749,Large,True,67,6,768,Standard,128,Medium,6,Large,47348,120,1080,2400,394,Ultra HD,3,1,50,16,66,150,android,False,0,Xiaomi Redmi Note 12 Pro 4G,67.0
619,realme,Realme GT Neo 3T (8GB RAM + 128GB),Mid-range,26499,81,True,False,False,snapdragon 870,snapdragon,8,3,25,5000,400000,755,Large,True,80,8,1024,Standard,128,Medium,6,Large,47706,120,1080,2400,397,Ultra HD,3,1,64,16,80,192,android,False,0,Realme GT Neo 3T (8GB RAM + 128GB),80.0
620,realme,Realme C30s (4GB RAM + 64GB),Budget,8990,62,False,False,False,unisoc sc9863a,unisoc,8,1,12,5000,50000,769,Large,True,10,4,256,Low RAM,64,Low,6,Large,16195,60,720,1600,269,Full HD,1,1,8,5,13,8,android,True,1024,Realme C30s (4GB RAM + 64GB),10.0
621,apple,Apple iPhone 14 (512GB),Premium,95999,82,True,True,False,bionic a15,bionic,6,3,19,3279,0,537,Small,True,0,6,3072,Standard,512,High,6,Medium,27435,60,1170,2532,457,Ultra HD,2,1,12,12,24,24,ios,False,0,Apple iPhone 14 (512GB),
622,iqoo,iQOO 9T 5G,Premium,47990,85,True,True,True,snapdragon 8+ gen1,snapdragon,8,3,25,4700,564000,693,Medium,True,120,8,1024,Standard,128,Medium,6,Large,46580,120,1080,2400,388,Ultra HD,3,1,50,16,66,150,android,False,0,iQOO 9T 5G,120.0
623,tecno,Tecno Camon 19 Pro,Budget,17990,81,False,False,False,helio g96,helio,8,2,16,5000,165000,735,Large,True,33,8,1024,Standard,128,Medium,6,Large,47411,120,1080,2460,395,Ultra HD,3,1,64,32,96,192,android,False,0,Tecno Camon 19 Pro,33.0
624,oneplus,OnePlus Nord 2 Lite 5G,Mid-range,22999,83,True,True,False,snapdragon 695,snapdragon,8,2,17,5000,165000,758,Large,True,33,8,1024,Standard,128,Medium,6,Large,48122,120,1080,2412,401,Ultra HD,3,1,64,16,80,192,android,True,256,OnePlus Nord 2 Lite 5G,33.0
625,samsung,Samsung Galaxy S22 Ultra 5G (8GB RAM + 128GB),Premium,99990,79,True,True,False,snapdragon 8 gen1,snapdragon,8,3,24,5000,225000,735,Large,True,45,8,1024,Standard,128,Medium,6,Large,60000,120,1440,3080,500,Ultra HD,4,1,108,40,148,432,android,False,0,Samsung Galaxy S22 Ultra 5G (8GB RAM + 128GB),45.0
626,poco,POCO F4 GT 5G,Mid-range,39999,86,True,True,True,snapdragon 8 gen1,snapdragon,8,3,24,4700,564000,704,Medium,True,120,8,1024,Standard,128,Medium,6,Large,47348,120,1080,2400,394,Ultra HD,3,1,64,20,84,192,android,False,0,POCO F4 GT 5G,120.0
627,xiaomi,Xiaomi 11T Pro 5G (12GB RAM + 256GB),Mid-range,38999,88,True,True,True,snapdragon 888,snapdragon,8,2,22,5000,600000,749,Large,True,120,12,3072,High RAM,256,High,6,Large,47348,120,1080,2400,394,Ultra HD,3,1,108,16,124,324,android,False,0,Xiaomi 11T Pro 5G (12GB RAM + 256GB),120.0
628,vivo,Vivo Y10,Budget,12490,63,False,False,False,helio p35,helio,8,2,18,5000,-5000,768,Large,False,-1,4,512,Low RAM,128,Medium,6,Large,16170,60,720,1600,269,Full HD,2,1,13,8,21,26,android,False,0,Vivo Y10,
629,samsung,Samsung Galaxy A83 5G,Mid-range,39990,86,True,True,False,snapdragon 870,snapdragon,8,3,25,4500,112500,670,Medium,True,25,6,768,Standard,128,Medium,6,Large,62755,120,1440,3200,522,Ultra HD,3,1,64,10,74,192,android,True,1024,Samsung Galaxy A83 5G,25.0
630,vivo,Vivo Y33s,Budget,16685,80,False,False,False,helio g80,helio,8,2,16,5000,90000,759,Large,True,18,8,1024,Standard,128,Medium,6,Large,24064,60,1080,2408,401,Ultra HD,3,1,50,16,66,150,android,True,1024,Vivo Y33s,18.0
631,huawei,Huawei Mate 40 Pro 4G,Premium,69990,82,False,True,True,kirin 9000,kirin,8,3,25,4400,290400,650,Medium,True,66,8,1024,Standard,128,Medium,6,Large,41014,90,1344,2772,455,Ultra HD,3,2,50,13,63,150,other,True,256,Huawei Mate 40 Pro 4G,66.0
632,micromax,Micromax IN 2B,Budget,6999,66,False,False,False,unisoc t610,unisoc,8,1,14,5000,-5000,766,Large,False,-1,4,256,Low RAM,64,Low,6,Large,16146,60,720,1600,269,Full HD,2,1,13,5,18,26,android,True,256,Micromax IN 2B,
633,asus,Asus ROG Phone 6,Premium,71999,86,True,True,False,snapdragon 8+ gen1,snapdragon,8,3,25,6000,390000,884,Large,True,65,12,3072,High RAM,256,High,6,Large,65115,165,1080,2448,394,Ultra HD,3,1,50,12,62,150,android,False,0,Asus ROG Phone 6,65.0
634,realme,Realme X7 Max,Mid-range,26999,84,True,True,False,dimensity 1200,dimensity,8,3,24,4500,225000,699,Medium,True,50,8,1024,Standard,128,Medium,6,Medium,49116,120,1080,2400,409,Ultra HD,3,1,64,16,80,192,android,False,0,Realme X7 Max,50.0
635,realme,Realme 8 5G,Budget,16499,75,True,False,False,dimensity 700 5g,dimensity,8,2,17,5000,90000,769,Large,True,18,4,512,Low RAM,128,Medium,6,Large,36440,90,1080,2400,404,Ultra HD,3,1,48,16,64,144,android,True,1024,Realme 8 5G,18.0
636,oppo,OPPO A55 5G,Budget,17990,74,True,False,False,dimensity 700,dimensity,8,2,17,5000,-5000,769,Large,False,-1,6,768,Standard,128,Medium,6,Large,16195,60,720,1600,269,Full HD,3,1,13,8,21,39,android,True,256,OPPO A55 5G,
637,xiaomi,Xiaomi Redmi 9,Budget,8999,68,False,False,False,helio g35,helio,8,2,18,5000,-5000,765,Large,False,-1,4,256,Low RAM,64,Low,6,Large,16121,60,720,1600,268,Full HD,2,1,13,5,18,26,android,True,512,Xiaomi Redmi 9,
638,apple,Apple iPhone SE 2020,Mid-range,39900,63,False,True,False,a13 bionic,bionic,6,2,15,1821,32778,387,Small,True,18,3,192,Low RAM,64,Low,4,Compact,19536,60,750,1334,325,Full HD,1,1,12,7,19,12,ios,False,0,Apple iPhone SE 2020,18.0
639,letv,Letv Y1 Pro Plus,Budget,5999,60,False,False,False,tiger t610,tiger,4,1,7,4000,40000,615,Medium,True,10,6,384,Standard,64,Low,6,Large,15859,60,720,1560,264,Full HD,2,1,8,5,13,16,android,False,0,Letv Y1 Pro Plus,10.0
640,oneplus,OnePlus Nord 5,Mid-range,34999,76,True,True,False,dimensity 9200,dimensity,8,2,18,5000,600000,761,Large,True,120,8,1024,Standard,128,Medium,6,Large,48069,120,1080,2400,400,Ultra HD,3,1,64,32,96,192,android,False,0,OnePlus Nord 5,120.0
641,vivo,Vivo Y73T,Budget,16990,77,True,False,False,dimensity 700,dimensity,8,2,16,6000,264000,911,Large,True,44,8,1024,Standard,128,Medium,6,Large,24064,60,1080,2408,401,Ultra HD,2,1,50,8,58,100,android,False,0,Vivo Y73T,44.0
642,oppo,OPPO Reno 9 Z,Mid-range,22990,84,True,True,False,snapdragon 6 gen 1,snapdragon,8,2,17,4800,158400,729,Medium,True,33,8,1024,Standard,128,Medium,6,Large,47996,120,1080,2400,399,Ultra HD,3,1,50,32,82,150,android,True,256,OPPO Reno 9 Z,33.0
643,vivo,Vivo V25e,Budget,19990,84,False,False,False,helio g99,helio,8,2,17,4500,198000,698,Medium,True,44,8,2048,Standard,256,High,6,Medium,36779,90,1080,2400,408,Ultra HD,3,1,64,32,96,192,android,True,256,Vivo V25e,44.0
644,infinix,Infinix Hot 12 Pro,Budget,10850,74,False,False,False,tiger t616,tiger,8,2,16,5000,90000,757,Large,True,18,6,384,Standard,64,Low,6,Large,24074,90,720,1612,267,Full HD,2,1,50,8,58,100,android,True,256,Infinix Hot 12 Pro,18.0
645,realme,Realme Narzo 50 5G (4GB RAM + 64GB),Budget,13499,75,True,False,False,dimensity 810 5g,dimensity,8,2,19,5000,165000,757,Large,True,33,4,256,Low RAM,64,Low,6,Large,35888,90,1080,2400,398,Ultra HD,3,1,48,16,64,144,android,True,1024,Realme Narzo 50 5G (4GB RAM + 64GB),33.0
646,itel,itel Vision 3,Budget,6699,61,False,False,False,unisoc sc9863a,unisoc,8,1,12,5000,90000,757,Large,True,18,3,192,Low RAM,64,Low,6,Large,16049,60,1612,720,267,HD,2,1,8,5,13,16,android,True,128,itel Vision 3,18.0
647,oppo,OPPO A96 4G,Budget,17999,80,False,False,False,snapdragon 680,snapdragon,8,2,19,5000,165000,758,Large,True,33,8,1024,Standard,128,Medium,6,Large,36092,90,1080,2412,401,Ultra HD,2,1,50,16,66,100,android,True,256,OPPO A96 4G,33.0
648,xiaomi,Xiaomi Redmi Note 11E 5G,Budget,13990,69,True,False,True,dimensity 700 5g,dimensity,8,2,17,5000,90000,759,Large,True,18,4,512,Low RAM,128,Medium,6,Large,36097,90,1080,2408,401,Ultra HD,2,1,50,5,55,100,android,False,0,Xiaomi Redmi Note 11E 5G,18.0
649,honor,Honor Magic 4 Pro Plus 5G,Premium,94990,76,True,True,False,snapdragon 8 gen1,snapdragon,8,3,24,4600,552000,680,Medium,True,120,12,6144,High RAM,512,High,6,Large,54685,120,1344,2772,455,Ultra HD,4,2,50,13,63,200,android,False,0,Honor Magic 4 Pro Plus 5G,120.0
650,tecno,Tecno Spark 9T,Budget,8968,72,False,False,False,helio g35,helio,8,2,18,5000,90000,757,Large,True,18,4,256,Low RAM,64,Low,6,Large,23991,60,1080,2408,399,Ultra HD,3,1,50,8,58,150,android,True,256,Tecno Spark 9T,18.0
651,infinix,Infinix Smart 6,Budget,7320,60,False,False,False,helio a22,helio,4,2,8,5000,-5000,757,Large,False,-1,2,128,Low RAM,64,Low,6,Large,15950,60,720,1600,265,Full HD,2,1,8,5,13,16,android,True,512,Infinix Smart 6,
652,realme,Realme C25Y (4GB RAM + 64GB),Budget,8999,69,False,False,False,tiger t610,tiger,8,1,14,5000,90000,769,Large,True,18,4,256,Low RAM,64,Low,6,Large,16195,60,1600,720,269,HD,3,1,50,8,58,150,android,True,256,Realme C25Y (4GB RAM + 64GB),18.0
653,samsung,Samsung Galaxy A12 (6GB RAM + 128GB),Budget,13999,75,False,False,False,helio p35,helio,8,2,18,5000,75000,769,Large,True,15,6,768,Standard,128,Medium,6,Large,15859,60,720,1560,264,Full HD,4,1,48,8,56,192,android,True,256,Samsung Galaxy A12 (6GB RAM + 128GB),15.0
654,tecno,Tecno Camon 19,Budget,14746,79,False,True,False,helio g85,helio,8,2,16,5000,90000,735,Large,True,18,6,768,Standard,128,Medium,6,Large,23705,60,1080,2460,395,Ultra HD,3,1,64,16,80,192,android,True,512,Tecno Camon 19,18.0
655,xiaomi,Xiaomi Redmi Note 10 Pro 5G,Budget,16999,83,True,True,True,dimensity 1100 5g,dimensity,8,2,20,5000,335000,757,Large,True,67,6,768,Standard,128,Medium,6,Large,47851,120,1080,2400,398,Ultra HD,3,1,64,16,80,192,android,True,256,Xiaomi Redmi Note 10 Pro 5G,67.0
656,xiaomi,Xiaomi Mi 11X 5G (8GB RAM + 128GB),Mid-range,25990,83,True,False,True,snapdragon 870,snapdragon,8,3,25,4520,149160,677,Medium,True,33,8,1024,Standard,128,Medium,6,Large,47348,120,1080,2400,394,Ultra HD,3,1,48,20,68,144,android,False,0,Xiaomi Mi 11X 5G (8GB RAM + 128GB),33.0
657,xiaomi,Xiaomi Redmi Note 10 (6GB RAM + 128GB),Budget,16499,78,False,False,True,snapdragon 678,snapdragon,8,2,17,5000,165000,777,Large,True,33,6,768,Standard,128,Medium,6,Medium,24558,60,1080,2400,409,Ultra HD,4,1,48,13,61,192,android,True,512,Xiaomi Redmi Note 10 (6GB RAM + 128GB),33.0
658,xiaomi,Xiaomi Redmi Note 10 Pro Max,Budget,19999,81,False,False,True,snapdragon 732g,snapdragon,8,2,18,5020,165660,752,Large,True,33,6,384,Standard,64,Low,6,Large,47348,120,1080,2400,394,Ultra HD,4,1,108,16,124,432,android,True,512,Xiaomi Redmi Note 10 Pro Max,33.0
659,xiaomi,Xiaomi Mi 10T 5G,Mid-range,23500,80,True,True,False,snapdragon 865,snapdragon,8,2,22,5000,165000,749,Large,True,33,6,768,Standard,128,Medium,6,Large,56818,144,2400,1080,394,Full HD,3,1,64,20,84,192,android,False,0,Xiaomi Mi 10T 5G,33.0
660,lg,LG Velvet 5G,Premium,54999,85,True,True,False,snapdragon 765g,snapdragon,8,2,19,4300,107500,632,Medium,True,25,6,768,Standard,128,Medium,6,Large,23705,60,1080,2460,395,Ultra HD,3,1,48,16,64,144,android,True,256,LG Velvet 5G,25.0
661,motorola,Motorola One Fusion Plus,Budget,19499,80,False,False,False,snapdragon 730g,snapdragon,8,2,17,5000,90000,769,Large,True,18,6,768,Standard,128,Medium,6,Large,23789,60,1080,2340,396,Ultra HD,4,1,64,16,80,256,android,True,1024,Motorola One Fusion Plus,18.0
662,lg,LG V60 ThinQ,Premium,79990,87,True,True,False,snapdragon 865,snapdragon,8,2,22,5000,0,735,Large,True,0,8,1024,Standard,128,Medium,6,Large,23705,60,1080,2460,395,Ultra HD,3,1,64,10,74,192,android,False,0,LG V60 ThinQ,
663,samsung,Samsung Galaxy Note 10 Lite,Mid-range,39999,83,False,True,False,exynos 9810,exynos,8,2,21,4500,112500,671,Medium,True,25,6,768,Standard,128,Medium,6,Large,23568,60,1080,2400,392,Ultra HD,3,1,12,32,44,36,android,True,1024,Samsung Galaxy Note 10 Lite,25.0
664,samsung,Samsung Galaxy Note 10 Plus 5G,Premium,92999,89,True,True,True,exynos 9825,exynos,8,2,21,4300,0,632,Medium,True,0,12,3072,High RAM,256,High,6,Large,29680,60,1440,3040,494,Ultra HD,4,1,12,10,22,48,android,True,512,Samsung Galaxy Note 10 Plus 5G,
665,iqoo,iQOO Neo 7 Racing Edition,Mid-range,32990,84,True,True,True,snapdragon 8+ gen1,snapdragon,8,3,25,5000,600000,737,Large,True,120,8,2048,Standard,256,High,6,Large,46580,120,1080,2400,388,Ultra HD,3,1,50,16,66,150,android,False,0,iQOO Neo 7 Racing Edition,120.0
666,samsung,Samsung Galaxy A04s (4GB RAM + 128GB),Budget,14499,72,False,False,False,exynos 850,exynos,8,2,16,5000,75000,769,Large,True,15,4,512,Low RAM,128,Medium,6,Large,24293,90,720,1600,269,Full HD,3,1,50,5,55,150,android,True,1024,Samsung Galaxy A04s (4GB RAM + 128GB),15.0
667,vivo,Vivo Y35 5G,Budget,13999,70,True,False,False,dimensity 700 5g,dimensity,8,2,17,5000,75000,768,Large,True,15,4,512,Low RAM,128,Medium,6,Large,16170,60,720,1600,269,Full HD,2,1,13,5,18,26,android,True,1024,Vivo Y35 5G,15.0
668,vivo,Vivo Y02 (2GB RAM + 32GB),Budget,7999,79,False,False,False,helio,helio,8,2,18,5000,50000,768,Large,True,10,2,64,Low RAM,32,Low,6,Large,16170,60,720,1600,269,Full HD,1,1,8,5,13,8,android,True,1024,Vivo Y02 (2GB RAM + 32GB),10.0
669,itel,itel Vision 3 (2GB RAM + 32GB),Budget,5785,61,False,False,False,unisoc sc9863a,unisoc,8,1,12,5000,90000,757,Large,True,18,2,64,Low RAM,32,Low,6,Large,16049,60,1612,720,267,HD,2,1,8,5,13,16,android,True,128,itel Vision 3 (2GB RAM + 32GB),18.0
670,xiaomi,Xiaomi Redmi Note 11R,Budget,12990,73,True,False,True,dimensity 700 5g,dimensity,8,2,17,5000,90000,759,Large,True,18,4,512,Low RAM,128,Medium,6,Large,35997,90,1080,2400,399,Ultra HD,2,1,13,5,18,26,android,True,512,Xiaomi Redmi Note 11R,18.0
671,poco,Poco M6 Pro,Budget,19990,84,True,False,True,dimensity 920 5g,dimensity,8,2,20,5100,612000,757,Large,True,120,8,1024,Standard,128,Medium,6,Large,46926,120,1080,2400,391,Ultra HD,3,1,108,32,140,324,android,True,1024,Poco M6 Pro,120.0
672,oppo,OPPO A97 5G,Mid-range,23990,79,True,False,False,dimensity 810 5g,dimensity,8,2,19,5000,165000,762,Large,True,33,12,3072,High RAM,256,High,6,Large,36107,90,1080,2400,401,Ultra HD,2,1,48,8,56,96,android,True,1024,OPPO A97 5G,33.0
673,samsung,Samsung Galaxy A24,Budget,17999,77,False,False,False,exynos 7904,exynos,8,1,14,4000,60000,625,Medium,True,15,6,384,Standard,64,Low,6,Medium,24741,60,1080,2408,412,Ultra HD,3,1,48,16,64,144,android,True,1024,Samsung Galaxy A24,15.0
674,infinix,Infinix Note 13 Pro,Budget,16999,80,False,False,False,helio g99,helio,8,2,17,5000,600000,723,Large,True,120,6,768,Standard,128,Medium,6,Large,23328,60,1080,2460,388,Ultra HD,4,1,108,16,124,432,android,True,256,Infinix Note 13 Pro,120.0
675,honor,Honor Play 30,Budget,9999,68,True,False,False,snapdragon 480+,snapdragon,8,2,17,5000,-5000,769,Large,False,-1,4,512,Low RAM,128,Medium,6,Large,16195,60,720,1600,269,Full HD,1,1,13,5,18,13,android,True,256,Honor Play 30,
676,infinix,Infinix Smart 6 Plus,Budget,8299,63,False,False,False,helio g25,helio,8,2,16,5000,-5000,733,Large,False,-1,3,192,Low RAM,64,Low,6,Large,15435,60,720,1600,257,Full HD,2,1,8,5,13,16,android,True,512,Infinix Smart 6 Plus,
677,sony,Sony Xperia 5 IV 5G,Premium,82199,89,True,True,False,snapdragon 8 gen1,snapdragon,8,3,24,5000,150000,819,Large,True,30,8,2048,Standard,256,High,6,Medium,53934,120,1080,2520,449,Ultra HD,3,1,12,12,24,36,android,True,256,Sony Xperia 5 IV 5G,30.0
678,nubia,Nubia Z40 Pro 5G,Premium,49990,84,True,True,False,snapdragon 8 gen1,snapdragon,8,3,24,5000,400000,749,Large,True,80,8,1024,Standard,128,Medium,6,Large,56818,144,1080,2400,394,Ultra HD,3,1,64,16,80,192,android,False,0,Nubia Z40 Pro 5G,80.0
679,nokia,Nokia G21,Budget,11999,71,False,False,False,unisoc t606,unisoc,8,1,12,5050,90900,776,Large,True,18,4,256,Low RAM,64,Low,6,Large,24293,90,720,1600,269,Full HD,3,1,50,8,58,150,android,True,512,Nokia G21,18.0
680,xiaomi,Xiaomi 12 Lite 5G,Mid-range,29990,82,True,True,False,snapdragon 778g,snapdragon,8,2,19,4300,288100,656,Medium,True,67,6,768,Standard,128,Medium,6,Large,48216,120,1080,2400,401,Ultra HD,3,1,108,32,140,324,android,False,0,Xiaomi 12 Lite 5G,67.0
681,oppo,Oppo Find N 5G,Premium,92249,80,True,True,False,snapdragon 888,snapdragon,8,2,22,4500,148500,633,Medium,True,33,8,2048,Standard,256,High,7,Large,44388,120,1792,1920,369,Full HD,3,1,50,32,82,150,android,False,0,Oppo Find N 5G,33.0
682,apple,Apple iPhone 13 Pro Max (256GB),Premium,139900,84,True,True,False,bionic a15,bionic,6,3,19,4352,0,649,Medium,True,0,6,1536,Standard,256,High,6,Large,54812,120,1284,2778,456,Ultra HD,3,1,12,12,24,36,ios,False,0,Apple iPhone 13 Pro Max (256GB),
683,vivo,Vivo Y21s,Budget,14990,74,False,False,False,helio g80,helio,8,2,16,5000,90000,768,Large,True,18,4,512,Low RAM,128,Medium,6,Large,16170,60,720,1600,269,Full HD,3,1,50,8,58,150,android,True,1024,Vivo Y21s,18.0
684,oppo,OPPO F19s,Budget,15988,79,False,False,False,snapdragon 662,snapdragon,8,2,16,5000,165000,777,Large,True,33,6,768,Standard,128,Medium,6,Medium,24558,60,1080,2400,409,Ultra HD,3,1,48,16,64,144,android,True,256,OPPO F19s,33.0
685,samsung,Samsung Galaxy M21 2021,Budget,11725,76,False,False,False,exynos 9611,exynos,8,2,18,6000,90000,937,Large,True,15,4,256,Low RAM,64,Low,6,Medium,24161,60,1080,2340,402,Ultra HD,3,1,48,20,68,144,android,True,512,Samsung Galaxy M21 2021,15.0
686,oppo,OPPO F19 Pro,Budget,17994,80,False,False,False,helio p95,helio,8,2,17,4310,129300,670,Medium,True,30,8,1024,Standard,128,Medium,6,Medium,24558,60,1080,2400,409,Ultra HD,4,1,48,16,64,192,android,True,256,OPPO F19 Pro,30.0
687,oppo,OPPO X 2021,Premium,134999,86,False,False,False,snapdragon 865,snapdragon,8,2,22,4000,180000,540,Medium,True,45,8,2048,Standard,256,High,7,Large,28451,60,1440,3200,474,Ultra HD,3,1,64,16,80,192,android,False,0,OPPO X 2021,45.0
688,oneplus,OnePlus Nord N10,Mid-range,25595,81,True,True,False,snapdragon 690,snapdragon,8,2,16,4300,129000,662,Medium,True,30,6,768,Standard,128,Medium,6,Medium,36496,90,1080,2400,405,Ultra HD,4,1,64,16,80,256,android,True,512,OnePlus Nord N10,30.0
689,gionee,Gionee M12 Pro,Budget,7499,67,False,False,False,helio p60,helio,8,1,15,4000,-4000,645,Medium,False,-1,6,768,Standard,128,Medium,6,Medium,16276,60,720,1520,271,Full HD,1,1,16,13,29,16,android,True,256,Gionee M12 Pro,
690,poco,Poco M2,Budget,10890,74,False,False,True,helio g80,helio,8,2,16,5000,90000,765,Large,True,18,6,384,Standard,64,Low,6,Large,23680,60,1080,2340,394,Ultra HD,4,1,13,8,21,52,android,True,512,Poco M2,18.0
691,oppo,OPPO F17 Pro,Budget,18990,83,False,False,False,helio p95,helio,8,2,17,4015,120450,624,Medium,True,30,8,1024,Standard,128,Medium,6,Medium,24558,60,1080,2400,409,Ultra HD,4,2,48,16,64,192,android,True,256,OPPO F17 Pro,30.0
692,motorola,Motorola Moto G 5G,Budget,19990,82,True,True,False,snapdragon 750g,snapdragon,8,2,17,5000,100000,749,Large,True,20,6,768,Standard,128,Medium,6,Large,23674,60,1080,2400,394,Ultra HD,3,1,48,16,64,144,android,True,1024,Motorola Moto G 5G,20.0
693,samsung,Samsung Galaxy A50s,Budget,15990,80,False,True,False,exynos 9611,exynos,8,2,18,4000,60000,625,Medium,True,15,4,512,Low RAM,128,Medium,6,Medium,24161,60,1080,2340,402,Ultra HD,3,1,48,32,80,144,android,True,512,Samsung Galaxy A50s,15.0
694,samsung,Samsung Galaxy Note 10 Plus,Premium,58999,89,False,True,False,exynos 9825,exynos,8,2,21,4300,193500,632,Medium,True,45,12,3072,High RAM,256,High,6,Large,29680,60,1440,3040,494,Ultra HD,4,1,12,10,22,48,android,True,1024,Samsung Galaxy Note 10 Plus,45.0
695,vivo,Vivo Y15,Budget,12500,71,False,False,False,helio p22,helio,8,2,16,5000,-5000,787,Large,False,-1,4,256,Low RAM,64,Low,6,Medium,16097,60,720,1544,268,Full HD,3,1,13,16,29,39,android,True,256,Vivo Y15,
696,vivo,Vivo S1 Pro,Mid-range,29999,82,False,False,False,snapdragon 665,snapdragon,8,2,16,4500,81000,705,Medium,True,18,8,1024,Standard,128,Medium,6,Medium,24237,60,1080,2340,403,Ultra HD,4,1,48,32,80,192,android,True,256,Vivo S1 Pro,18.0
697,vivo,Vivo T3 Pro,Mid-range,31990,86,True,False,False,snapdragon 782g,snapdragon,8,2,21,4700,376000,704,Medium,True,80,8,2048,Standard,256,High,6,Large,47480,120,1080,2408,395,Ultra HD,3,1,64,32,96,192,android,True,1024,Vivo T3 Pro,80.0
698,vivo,Vivo V21s,Mid-range,29999,86,True,True,False,dimensity 800u,dimensity,8,2,19,4000,132000,621,Medium,True,33,8,1024,Standard,128,Medium,6,Medium,36779,90,1080,2400,408,Ultra HD,3,1,64,44,108,192,android,True,256,Vivo V21s,33.0
699,asus,Asus ROG Phone 6D Ultimate,Premium,107990,87,True,True,False,dimensity 9000 plus,dimensity,8,3,25,6000,390000,884,Large,True,65,16,8192,High RAM,512,High,6,Large,65115,165,1080,2448,394,Ultra HD,3,1,50,12,62,150,android,False,0,Asus ROG Phone 6D Ultimate,65.0
700,motorola,Motorola Moto Edge 30 Neo,Mid-range,31990,84,True,True,False,snapdragon 695,snapdragon,8,2,17,4020,273360,640,Medium,True,68,8,1024,Standard,128,Medium,6,Medium,50289,120,1080,2400,419,Ultra HD,2,1,64,32,96,128,android,False,0,Motorola Moto Edge 30 Neo,68.0
701,xiaomi,Xiaomi 12T,Premium,48990,87,True,True,True,dimensity 8100 ultra,dimensity,8,2,22,5000,600000,749,Large,True,120,8,1024,Standard,128,Medium,6,Large,53501,120,1220,2712,445,Ultra HD,3,1,108,20,128,324,android,False,0,Xiaomi 12T,120.0
702,huawei,Huawei Mate 50 Pro 5G,Premium,99990,85,True,True,False,kirin 9000e,kirin,8,3,25,4500,297000,665,Medium,True,66,8,2048,Standard,256,High,6,Large,62291,120,1440,3200,519,Ultra HD,3,1,64,13,77,192,other,False,0,Huawei Mate 50 Pro 5G,66.0
703,realme,Realme C32,Budget,9499,65,False,False,False,tiger t612,tiger,8,1,14,5000,-5000,766,Large,False,-1,4,256,Low RAM,64,Low,6,Large,16146,60,720,1600,269,Full HD,3,1,13,5,18,39,android,True,1024,Realme C32,
704,huawei,Huawei Mate Xs 2,Premium,162990,89,False,True,True,snapdragon 888,snapdragon,8,2,22,4600,303600,589,Medium,True,66,8,4096,Standard,512,High,7,Large,51002,120,2200,2480,425,Ultra HD,3,1,50,7,57,150,android,False,0,Huawei Mate Xs 2,66.0
705,iqoo,iQOO Z7 Pro 5G,Mid-range,24999,80,True,False,False,snapdragon 7 gen1,snapdragon,8,2,18,5000,335000,755,Large,True,67,6,768,Standard,128,Medium,6,Large,57485,144,1080,2412,399,Ultra HD,3,1,50,16,66,150,android,True,1024,iQOO Z7 Pro 5G,67.0
706,apple,Apple iPhone 15,Premium,82990,72,False,True,False,bionic a16,bionic,8,2,18,3285,0,542,Small,True,0,6,768,Standard,128,Medium,6,Medium,27616,60,1170,2532,460,Ultra HD,2,1,50,13,63,100,ios,False,0,Apple iPhone 15,
707,infinix,Infinix Note 11S (8GB RAM + 128GB),Budget,15999,79,False,False,False,helio g96,helio,8,2,16,5000,165000,719,Large,True,33,8,1024,Standard,128,Medium,6,Large,46387,120,1080,2460,386,Ultra HD,3,1,50,16,66,150,android,True,2048,Infinix Note 11S (8GB RAM + 128GB),33.0
708,tecno,Tecno Spark 8 (4GB RAM + 64GB),Budget,8999,64,False,False,False,helio a25,helio,8,1,14,5000,-5000,766,Large,False,-1,4,256,Low RAM,64,Low,6,Large,16146,60,720,1600,269,Full HD,2,1,16,8,24,32,android,True,256,Tecno Spark 8 (4GB RAM + 64GB),
709,oppo,Oppo A56 5G,Budget,17990,73,True,False,False,dimensity 700 5g,dimensity,8,2,17,5000,-5000,769,Large,False,-1,6,768,Standard,128,Medium,6,Large,16195,60,720,1600,269,Full HD,2,1,13,8,21,26,android,True,256,Oppo A56 5G,
710,vivo,Vivo X80 Pro Plus 5G,Premium,82990,79,True,True,False,snapdragon 8+ gen1,snapdragon,8,3,25,4500,540000,663,Medium,True,120,12,3072,High RAM,256,High,6,Large,62107,120,1440,3200,517,Ultra HD,4,1,50,32,82,200,android,False,0,Vivo X80 Pro Plus 5G,120.0
711,xiaomi,Xiaomi Redmi 10 Prime (6GB RAM + 128GB),Budget,12999,77,False,False,True,helio g88,helio,8,2,16,6000,108000,923,Large,True,18,6,768,Standard,128,Medium,6,Large,36440,90,1080,2400,404,Ultra HD,4,1,50,8,58,200,android,True,512,Xiaomi Redmi 10 Prime (6GB RAM + 128GB),18.0
712,huawei,Huawei Nova 9,Mid-range,29990,83,False,True,False,snapdragon 778g,snapdragon,8,2,19,4300,283800,654,Medium,True,66,8,1024,Standard,128,Medium,6,Large,47072,120,1080,2340,392,Ultra HD,4,1,50,32,82,200,other,False,0,Huawei Nova 9,66.0
713,tecno,Tecno Pop 5 Go,Budget,6999,74,False,False,False,spreadtrum sc7731,spreadtrum,4,1,5,4000,-4000,655,Medium,False,-1,1,16,Low RAM,16,Low,6,Medium,16543,60,720,1520,275,Full HD,2,1,5,5,10,10,android,True,256,Tecno Pop 5 Go,
714,huawei,Huawei P50 Pro 4G,Premium,60999,82,False,True,True,snapdragon 888,snapdragon,8,2,22,4360,287760,660,Medium,True,66,8,2048,Standard,256,High,6,Large,54390,120,1288,2700,453,Ultra HD,4,1,50,13,63,200,other,True,256,Huawei P50 Pro 4G,66.0
715,xiaomi,Xiaomi Redmi K50 5G,Mid-range,27990,83,True,True,True,dimensity 8100,dimensity,8,2,22,5500,368500,824,Large,True,67,8,1024,Standard,128,Medium,6,Large,63131,120,1440,3200,526,Ultra HD,3,1,48,20,68,144,android,False,0,Xiaomi Redmi K50 5G,67.0
716,nokia,Nokia C01 Plus,Budget,5249,75,False,False,False,unisoc sc9863a,unisoc,8,1,12,3000,-3000,550,Small,False,-1,2,32,Low RAM,16,Low,5,Compact,17724,60,720,1440,295,Full HD,1,1,5,5,10,5,android,True,256,Nokia C01 Plus,
717,realme,Realme Q3,Budget,14999,80,True,False,False,snapdragon 750g,snapdragon,8,2,17,5000,150000,769,Large,True,30,6,768,Standard,128,Medium,6,Large,48587,120,1080,2400,404,Ultra HD,3,1,48,16,64,144,android,True,256,Realme Q3,30.0
718,oppo,OPPO Reno 6 Pro Plus 5G,Premium,44990,87,True,True,False,snapdragon 870,snapdragon,8,3,25,4500,292500,687,Medium,True,65,8,1024,Standard,128,Medium,6,Large,36162,90,1080,2400,401,Ultra HD,4,1,50,32,82,200,android,False,0,OPPO Reno 6 Pro Plus 5G,65.0
719,motorola,Motorola Edge S,Mid-range,22490,87,True,True,False,snapdragon 870,snapdragon,8,3,25,5000,100000,746,Large,True,20,6,768,Standard,128,Medium,6,Large,36828,90,1080,2520,409,Ultra HD,4,2,64,16,80,256,android,True,256,Motorola Edge S,20.0
720,oppo,Oppo Find X3 Pro,Premium,50990,80,True,True,False,snapdragon 888,snapdragon,8,2,22,4500,292500,671,Medium,True,65,12,3072,High RAM,256,High,6,Large,63110,120,1440,3216,525,Ultra HD,4,1,50,32,82,200,android,False,0,Oppo Find X3 Pro,65.0
721,poco,Poco M3,Budget,11499,75,False,False,True,snapdragon 662,snapdragon,8,2,16,6000,108000,918,Large,True,18,6,384,Standard,64,Low,6,Large,23680,60,1080,2340,394,Ultra HD,3,1,48,8,56,144,android,True,512,Poco M3,18.0
722,itel,itel S16,Budget,5990,61,False,False,False,unisoc sc7731e,unisoc,4,1,5,4000,-4000,615,Medium,False,-1,1,16,Low RAM,16,Low,6,Large,16195,60,1600,720,269,HD,3,1,8,8,16,24,android,True,32,itel S16,
723,vivo,Vivo V20 Pro,Mid-range,27000,84,True,False,False,snapdragon 765g,snapdragon,8,2,19,4000,132000,621,Medium,True,33,8,1024,Standard,128,Medium,6,Medium,24519,60,1080,2400,408,Ultra HD,3,2,64,44,108,192,android,False,0,Vivo V20 Pro,33.0
724,xiaomi,Xiaomi Mi 10T Pro 5G,Mid-range,29999,86,True,True,True,snapdragon 865,snapdragon,8,2,22,5000,165000,749,Large,True,33,8,1024,Standard,128,Medium,6,Large,56818,144,1080,2400,394,Ultra HD,3,1,108,20,128,324,android,False,0,Xiaomi Mi 10T Pro 5G,33.0
725,vivo,Vivo V19 (8GB RAM + 256GB),Mid-range,27990,84,False,False,False,snapdragon 712,snapdragon,8,2,18,4500,148500,698,Medium,True,33,8,2048,Standard,256,High,6,Medium,24519,60,1080,2400,408,Ultra HD,4,2,48,32,80,192,android,True,512,Vivo V19 (8GB RAM + 256GB),33.0
726,samsung,Samsung Galaxy S20 5G,Premium,74999,89,True,True,False,exynos 990,exynos,8,2,21,4000,100000,645,Medium,True,25,8,1024,Standard,128,Medium,6,Medium,33958,60,1440,3200,565,Ultra HD,3,1,64,10,74,192,android,True,1024,Samsung Galaxy S20 5G,25.0
727,vivo,Vivo U3,Budget,9990,72,False,False,False,snapdragon 675,snapdragon,8,2,16,5000,90000,765,Large,True,18,4,256,Low RAM,64,Low,6,Large,23680,60,1080,2340,394,Ultra HD,3,1,16,16,32,48,android,True,256,Vivo U3,18.0
728,oppo,Oppo K5 (8GB RAM + 128GB),Budget,19990,82,False,False,False,snapdragon 730g,snapdragon,8,2,17,4000,120000,625,Medium,True,30,8,1024,Standard,128,Medium,6,Medium,24161,60,1080,2340,402,Ultra HD,4,1,64,32,96,256,android,True,256,Oppo K5 (8GB RAM + 128GB),30.0
729,realme,Realme XT,Budget,13279,75,False,False,False,snapdragon 712,snapdragon,8,2,18,4000,80000,625,Medium,True,20,4,256,Low RAM,64,Low,6,Medium,24161,60,1080,2340,402,Ultra HD,4,1,64,16,80,256,android,True,256,Realme XT,20.0
730,vivo,Vivo Y12 (3GB RAM + 64GB),Budget,11000,68,False,False,False,helio p22,helio,8,2,16,5000,-5000,787,Large,False,-1,3,192,Low RAM,64,Low,6,Medium,16097,60,720,1544,268,Full HD,3,1,13,8,21,39,android,True,256,Vivo Y12 (3GB RAM + 64GB),
731,xiaomi,Xiaomi Poco F1 (6GB RAM + 128GB),Budget,12999,78,False,False,False,snapdragon 845,snapdragon,8,2,22,4000,0,647,Medium,True,0,6,768,Standard,128,Medium,6,Medium,24195,60,1080,2246,403,Ultra HD,2,1,12,20,32,24,android,True,256,Xiaomi Poco F1 (6GB RAM + 128GB),
732,poco,Poco C50 (3GB RAM + 32GB),Budget,7299,61,False,False,False,helio a22,helio,4,2,8,5000,50000,766,Large,True,10,3,96,Low RAM,32,Low,6,Large,16146,60,720,1600,269,Full HD,2,1,8,5,13,16,android,True,512,Poco C50 (3GB RAM + 32GB),10.0
733,ikall,iKall Z19,Budget,7999,61,False,False,False,snapdragon,snapdragon,4,1,6,5000,-5000,769,Large,False,-1,4,128,Low RAM,32,Low,6,Large,16195,60,720,1600,269,Full HD,1,1,20,13,33,20,android,True,128,iKall Z19,
734,xiaomi,Xiaomi Redmi K60 Gaming Edition,Premium,54990,86,True,True,True,snapdragon 8 gen2,snapdragon,8,3,25,5000,335000,742,Large,True,67,8,1024,Standard,128,Medium,6,Large,62568,120,1440,3200,521,Ultra HD,3,1,50,20,70,150,android,False,0,Xiaomi Redmi K60 Gaming Edition,67.0
735,vivo,Vivo S17 Pro,Premium,49990,77,True,True,False,dimensity 9200,dimensity,8,2,18,5000,600000,749,Large,True,120,12,3072,High RAM,256,High,6,Large,47348,120,1080,2400,394,Ultra HD,3,1,50,32,82,150,android,False,0,Vivo S17 Pro,120.0
736,honor,Honor 80 Pro Plus,Premium,54990,76,True,True,False,snapdragon 8 gen1,snapdragon,8,3,24,4500,450000,663,Medium,True,100,12,3072,High RAM,256,High,6,Large,51519,120,1200,2652,429,Ultra HD,3,1,200,50,250,600,android,False,0,Honor 80 Pro Plus,100.0
737,apple,Apple iPhone SE 4,Premium,49990,60,True,True,False,bionic a15,bionic,6,3,19,5000,-5000,819,Large,False,-1,4,256,Low RAM,64,Low,6,Medium,17202,60,750,1580,286,Full HD,1,1,12,8,20,12,ios,False,0,Apple iPhone SE 4,
738,tecno,Tecno Pova Neo 5G,Budget,15499,71,False,False,False,dimensity 810 5g,dimensity,8,2,19,6000,108000,882,Large,True,18,4,512,Low RAM,128,Medium,6,Large,46443,120,1080,2400,387,Ultra HD,2,1,50,8,58,100,android,True,1024,Tecno Pova Neo 5G,18.0
739,apple,Apple iPhone 14 Pro Max (512GB),Premium,169900,78,True,True,False,bionic a16,bionic,6,2,13,4323,0,645,Medium,True,0,6,3072,Standard,512,High,6,Large,55150,120,1290,2796,459,Ultra HD,3,1,48,12,60,144,ios,False,0,Apple iPhone 14 Pro Max (512GB),
740,google,Google Pixel 8,Premium,53990,75,True,True,False,google tensor 3,google,8,2,18,4830,323610,731,Medium,True,67,8,1024,Standard,128,Medium,6,Large,47851,120,1080,2400,398,Ultra HD,2,1,50,1,51,100,android,False,0,Google Pixel 8,67.0
741,vivo,Vivo T2x 5G,Budget,18990,80,True,False,False,dimensity 1300,dimensity,8,3,24,6000,264000,911,Large,True,44,8,1024,Standard,128,Medium,6,Large,48129,120,1080,2408,401,Ultra HD,2,1,50,16,66,100,android,False,0,Vivo T2x 5G,44.0
742,motorola,Motorola Moto G52 5G,Budget,16999,76,True,True,False,snapdragon 695,snapdragon,8,2,17,5000,165000,757,Large,True,33,4,256,Low RAM,64,Low,6,Large,36635,90,2460,1080,407,Full HD,3,1,50,16,66,150,android,True,256,Motorola Moto G52 5G,33.0
743,motorola,Motorola Edge 40 5G,Mid-range,34999,86,True,True,False,snapdragon 7 gen1,snapdragon,8,2,18,4200,281400,646,Medium,True,67,8,1024,Standard,128,Medium,6,Large,58547,144,1080,2412,406,Ultra HD,3,1,50,32,82,150,android,False,0,Motorola Edge 40 5G,67.0
744,vivo,Vivo X Note 5G (12GB RAM + 512GB),Premium,82990,79,True,True,True,snapdragon 8 gen1,snapdragon,8,3,24,5000,400000,714,Large,True,80,12,6144,High RAM,512,High,7,Large,58285,120,1440,3080,485,Ultra HD,4,1,50,16,66,200,android,False,0,Vivo X Note 5G (12GB RAM + 512GB),80.0
745,realme,Realme GT 2 Pro 5G (12GB RAM + 256GB),Premium,46999,89,True,True,False,snapdragon 8 gen1,snapdragon,8,3,24,5000,325000,746,Large,True,65,12,3072,High RAM,256,High,6,Large,63110,120,1440,3216,525,Ultra HD,3,1,50,32,82,150,android,False,0,Realme GT 2 Pro 5G (12GB RAM + 256GB),65.0
746,vivo,Vivo Y15C,Budget,8499,66,False,False,False,helio p35,helio,8,2,18,5000,-5000,768,Large,False,-1,3,96,Low RAM,32,Low,6,Large,16170,60,720,1600,269,Full HD,2,1,13,8,21,26,android,True,1024,Vivo Y15C,
747,honor,Honor X8,Budget,16999,76,False,False,False,snapdragon 680,snapdragon,8,2,19,4000,88000,597,Medium,True,22,6,768,Standard,128,Medium,6,Large,35205,90,1080,2388,391,Ultra HD,4,1,64,16,80,256,android,False,0,Honor X8,22.0
748,samsung,Samsung Galaxy A03 (4GB RAM + 64GB),Budget,11499,69,False,False,False,unisoc t606,unisoc,8,1,12,5000,75000,769,Large,True,15,4,256,Low RAM,64,Low,6,Large,15859,60,720,1560,264,Full HD,2,1,48,5,53,96,android,True,1024,Samsung Galaxy A03 (4GB RAM + 64GB),15.0
749,samsung,Samsung Galaxy S22 Plus 5G (8GB RAM + 256GB),Premium,88999,88,True,True,False,snapdragon 8 gen1,snapdragon,8,3,24,4500,202500,681,Medium,True,45,8,2048,Standard,256,High,6,Large,46858,120,1080,2340,390,Ultra HD,3,1,50,10,60,150,android,False,0,Samsung Galaxy S22 Plus 5G (8GB RAM + 256GB),45.0
750,vivo,Vivo Y33T,Budget,15990,81,False,False,False,snapdragon 680,snapdragon,8,2,19,5000,90000,759,Large,True,18,8,1024,Standard,128,Medium,6,Large,36097,90,1080,2408,401,Ultra HD,3,1,50,16,66,150,android,True,1024,Vivo Y33T,18.0
751,xiaomi,Xiaomi 11i 5G (8GB RAM + 128GB),Mid-range,24990,83,True,False,True,dimensity 920 5g,dimensity,8,2,20,5160,345720,773,Large,True,67,8,1024,Standard,128,Medium,6,Large,47348,120,2400,1080,394,Full HD,3,1,108,16,124,324,android,True,1024,Xiaomi 11i 5G (8GB RAM + 128GB),67.0
752,oppo,Oppo Find X5 Pro 5G,Premium,79990,80,True,True,False,snapdragon 8 gen1,snapdragon,8,3,24,5000,400000,746,Large,True,80,8,2048,Standard,256,High,6,Large,63110,120,1440,3216,525,Ultra HD,3,1,50,32,82,150,android,False,0,Oppo Find X5 Pro 5G,80.0
753,tecno,Tecno Spark Go 2022,Budget,6249,61,False,False,False,snapdragon,snapdragon,8,2,17,5000,-5000,768,Large,False,-1,2,64,Low RAM,32,Low,6,Large,16170,60,720,1600,269,Full HD,2,1,13,8,21,26,android,True,256,Tecno Spark Go 2022,
754,vivo,Vivo Y21e,Budget,12499,69,False,False,False,snapdragon 680,snapdragon,8,2,19,5000,90000,768,Large,True,18,3,192,Low RAM,64,Low,6,Large,16170,60,720,1600,269,Full HD,2,1,13,8,21,26,android,True,1024,Vivo Y21e,18.0
755,xiaomi,Xiaomi Redmi 9A Sport,Budget,6499,61,False,False,False,helio g25,helio,8,2,16,5000,-5000,765,Large,False,-1,2,64,Low RAM,32,Low,6,Large,16121,60,720,1600,268,Full HD,1,1,13,5,18,13,android,True,512,Xiaomi Redmi 9A Sport,
756,apple,Apple iPhone 13 Pro Max (1TB),Premium,179900,86,True,True,False,bionic a15,bionic,6,3,19,4352,0,649,Medium,True,0,6,6144,Standard,1024,High,6,Large,54812,120,1284,2778,456,Ultra HD,3,1,12,12,24,36,ios,False,0,Apple iPhone 13 Pro Max (1TB),
757,vivo,Vivo Y12G (3GB RAM + 64GB),Budget,11990,68,False,False,False,snapdragon 439,snapdragon,8,2,16,5000,-5000,768,Large,False,-1,3,192,Low RAM,64,Low,6,Large,16170,60,720,1600,269,Full HD,3,1,13,8,21,39,android,True,256,Vivo Y12G (3GB RAM + 64GB),
758,vivo,Vivo V23e,Mid-range,26990,82,False,False,False,helio g96,helio,8,2,16,4050,178200,628,Medium,True,44,8,1024,Standard,128,Medium,6,Medium,24519,60,1080,2400,408,Ultra HD,3,1,64,50,114,192,android,False,0,Vivo V23e,44.0
759,samsung,Samsung Galaxy F22 (6GB RAM + 128GB),Budget,13499,76,False,False,False,helio g80,helio,8,2,16,6000,-6000,937,Large,False,-1,6,768,Standard,128,Medium,6,Medium,24673,90,720,1600,274,Full HD,4,1,48,13,61,192,android,True,1024,Samsung Galaxy F22 (6GB RAM + 128GB),
760,xiaomi,Xiaomi 12 Ultra 5G,Premium,75999,80,True,True,True,snapdragon 8+ gen1,snapdragon,8,3,25,4800,321600,713,Medium,True,67,12,3072,High RAM,256,High,6,Large,62568,120,1440,3200,521,Ultra HD,3,1,50,20,70,150,android,False,0,Xiaomi 12 Ultra 5G,67.0
761,micromax,Micromax IN 2C,Budget,5999,60,False,False,False,tiger t610,tiger,8,1,14,5000,-5000,766,Large,False,-1,3,96,Low RAM,32,Low,6,Large,16146,60,720,1600,269,Full HD,1,1,8,5,13,8,android,True,256,Micromax IN 2C,
762,samsung,Samsung Galaxy A03s,Budget,8499,67,False,False,False,helio p35,helio,8,2,18,5000,75000,769,Large,True,15,3,96,Low RAM,32,Low,6,Large,16195,60,720,1600,269,Full HD,3,1,13,5,18,39,android,True,1024,Samsung Galaxy A03s,15.0
763,oppo,OPPO A54 (4GB RAM + 128GB),Budget,11990,71,False,False,False,helio p35,helio,8,2,18,5000,0,768,Large,True,0,4,512,Low RAM,128,Medium,6,Large,16170,60,1600,720,269,HD,3,1,13,16,29,39,android,True,256,OPPO A54 (4GB RAM + 128GB),
764,xiaomi,Xiaomi Redmi 20X,Budget,10990,77,True,False,True,dimensity 700 5g,dimensity,8,2,17,5000,90000,777,Large,True,18,4,512,Low RAM,128,Medium,6,Medium,36072,90,1080,2340,400,Ultra HD,4,1,48,13,61,192,android,True,256,Xiaomi Redmi 20X,18.0
765,xiaomi,Xiaomi Mi Mix Fold,Premium,109990,80,True,True,True,snapdragon 888,snapdragon,8,2,22,5020,336340,626,Large,True,67,12,3072,High RAM,256,High,8,Large,34831,90,1860,2480,387,Ultra HD,3,1,108,20,128,324,android,False,0,Xiaomi Mi Mix Fold,67.0
766,realme,Realme Narzo 30 5G,Budget,16999,80,True,True,False,dimensity 700 5g,dimensity,8,2,17,5000,90000,769,Large,True,18,6,768,Standard,128,Medium,6,Large,36440,90,1080,2400,404,Ultra HD,3,1,48,16,64,144,android,True,1024,Realme Narzo 30 5G,18.0
767,oppo,OPPO A54,Budget,12199,70,False,False,False,helio p35,helio,8,2,18,5000,0,768,Large,True,0,4,256,Low RAM,64,Low,6,Large,16170,60,1600,720,269,HD,3,1,13,16,29,39,android,True,256,OPPO A54,
768,oppo,Oppo A15s (4GB RAM + 128GB),Budget,11490,72,False,False,False,helio p35,helio,8,2,18,4230,-4230,648,Medium,False,-1,4,512,Low RAM,128,Medium,6,Large,16146,60,720,1600,269,Full HD,3,1,13,8,21,39,android,True,256,Oppo A15s (4GB RAM + 128GB),
769,itel,itel A56,Budget,5490,61,False,False,False,snapdragon,snapdragon,4,1,5,4000,-4000,666,Medium,False,-1,1,16,Low RAM,16,Low,6,Medium,17545,60,720,1600,292,Full HD,2,1,8,5,13,16,android,True,32,itel A56,
770,xiaomi,Xiaomi Redmi 9 Power,Budget,11499,74,False,False,True,snapdragon 662,snapdragon,8,2,16,6000,108000,918,Large,True,18,4,256,Low RAM,64,Low,6,Large,23680,60,1080,2340,394,Ultra HD,4,1,48,8,56,192,android,True,512,Xiaomi Redmi 9 Power,18.0
771,samsung,Samsung Galaxy S21 Plus,Premium,59450,88,True,True,False,exynos 2100,exynos,8,2,23,4800,120000,716,Medium,True,25,8,1024,Standard,128,Medium,6,Large,47136,120,1080,2400,392,Ultra HD,3,1,64,10,74,192,android,False,0,Samsung Galaxy S21 Plus,25.0
772,poco,POCO M2 Pro,Budget,12799,76,False,False,True,snapdragon 720g,snapdragon,8,2,18,5000,165000,749,Large,True,33,4,256,Low RAM,64,Low,6,Large,23674,60,1080,2400,394,Ultra HD,4,1,48,16,64,192,android,True,512,POCO M2 Pro,33.0
773,samsung,Samsung Galaxy S20 Plus,Premium,83000,88,False,True,False,exynos 990,exynos,8,2,21,4500,112500,671,Medium,True,25,8,1024,Standard,128,Medium,6,Large,62849,120,1440,3200,523,Ultra HD,4,1,64,10,74,256,android,True,1024,Samsung Galaxy S20 Plus,25.0
774,realme,Realme 6 Pro,Budget,14490,80,False,False,False,snapdragon 720g,snapdragon,8,2,18,4300,129000,651,Medium,True,30,6,384,Standard,64,Low,6,Large,35888,90,1080,2400,398,Ultra HD,4,2,64,16,80,256,android,True,256,Realme 6 Pro,30.0
775,huawei,Huawei P40 Pro,Premium,82990,82,True,True,False,kirin 990,kirin,8,2,22,4200,168000,638,Medium,True,40,8,2048,Standard,256,High,6,Large,39664,90,1200,2640,440,Ultra HD,4,2,50,32,82,200,android,True,256,Huawei P40 Pro,40.0
776,vivo,Vivo Y11 (2019),Budget,9490,64,False,False,False,snapdragon 439,snapdragon,8,2,16,5000,-5000,787,Large,False,-1,3,96,Low RAM,32,Low,6,Medium,16097,60,720,1544,268,Full HD,2,1,13,8,21,26,android,True,256,Vivo Y11 (2019),
777,vivo,Vivo V15 Pro (8GB RAM +128GB),Mid-range,25000,78,False,False,False,snapdragon 675,snapdragon,8,2,16,3700,0,579,Small,True,0,8,1024,Standard,128,Medium,6,Medium,23994,60,1080,2316,399,Ultra HD,3,1,48,32,80,144,android,True,256,Vivo V15 Pro (8GB RAM +128GB),
778,vivo,Vivo Y95,Budget,15000,65,False,False,False,snapdragon 439,snapdragon,8,1,15,4030,-4030,647,Medium,False,-1,4,256,Low RAM,64,Low,6,Medium,16224,60,1520,720,270,HD,2,1,13,20,33,26,android,True,256,Vivo Y95,
779,vivo,Vivo V11i,Mid-range,20990,70,False,False,False,helio p60,helio,8,2,16,3315,-3315,526,Small,False,-1,4,512,Low RAM,128,Medium,6,Medium,24027,60,1080,2280,400,Ultra HD,2,1,16,25,41,32,android,True,256,Vivo V11i,
780,samsung,Samsung Galaxy S9 Plus (128GB),Mid-range,34999,78,False,True,False,exynos 9810,exynos,8,2,22,3500,0,564,Small,True,0,6,768,Standard,128,Medium,6,Medium,31855,60,1440,2960,530,Ultra HD,2,1,12,8,20,24,android,True,512,Samsung Galaxy S9 Plus (128GB),
781,realme,Realme GT Neo 4T,Mid-range,29999,80,True,False,False,snapdragon 8 gen1,snapdragon,8,3,24,5000,600000,742,Large,True,120,8,1024,Standard,128,Medium,6,Large,56312,144,1080,2400,391,Ultra HD,3,1,50,16,66,150,android,False,0,Realme GT Neo 4T,120.0
782,vivo,Vivo Y53t,Budget,11999,67,True,False,False,dimensity 700,dimensity,8,2,16,6000,90000,921,Large,True,15,4,512,Low RAM,128,Medium,6,Large,16170,60,720,1600,269,Full HD,2,1,13,5,18,26,android,False,0,Vivo Y53t,15.0
783,samsung,Samsung Galaxy A04 (4GB RAM + 128GB),Budget,12999,72,False,False,False,helio p35,helio,8,2,18,5000,0,769,Large,True,0,4,512,Low RAM,128,Medium,6,Large,16195,60,720,1600,269,Full HD,2,1,50,5,55,100,android,True,1024,Samsung Galaxy A04 (4GB RAM + 128GB),
784,leitz,Leitz Phone 2,Premium,124990,89,True,True,False,snapdragon 8 gen1,snapdragon,8,3,24,5000,0,757,Large,True,0,12,3072,High RAM,256,High,6,Large,109336,240,1260,2730,455,Ultra HD,2,1,9,6,15,18,android,True,1024,Leitz Phone 2,
785,xiaomi,Xiaomi Redmi K60i,Mid-range,28999,85,True,False,True,dimensity 8200,dimensity,8,3,24,5080,609600,761,Large,True,120,8,1024,Standard,128,Medium,6,Large,48335,120,1080,2460,402,Ultra HD,3,1,50,32,82,150,android,False,0,Xiaomi Redmi K60i,120.0
786,infinix,Infinix Hot 20S,Budget,12999,77,False,False,False,helio g96,helio,8,2,16,5000,90000,737,Large,True,18,8,1024,Standard,128,Medium,6,Large,23775,60,1080,2460,396,Ultra HD,2,1,50,8,58,100,android,True,256,Infinix Hot 20S,18.0
787,realme,Realme GT Neo 3T (8GB RAM + 256GB),Mid-range,28499,82,True,False,False,snapdragon 870,snapdragon,8,3,25,5000,400000,755,Large,True,80,8,2048,Standard,256,High,6,Large,47706,120,1080,2400,397,Ultra HD,3,1,64,16,80,192,android,False,0,Realme GT Neo 3T (8GB RAM + 256GB),80.0
788,apple,Apple iPhone 14 Plus (512GB),Premium,104999,83,True,True,False,bionic a15,bionic,6,3,19,4325,0,645,Medium,True,0,6,3072,Standard,512,High,6,Large,27406,60,1284,2778,456,Ultra HD,2,1,12,12,24,24,ios,False,0,Apple iPhone 14 Plus (512GB),
789,apple,Apple iPhone 14 Pro (1TB),Premium,172999,77,True,True,False,bionic a16,bionic,6,2,13,3200,0,524,Small,True,0,6,6144,Standard,1024,High,6,Medium,55373,120,1179,2556,461,Ultra HD,3,1,48,12,60,144,ios,False,0,Apple iPhone 14 Pro (1TB),
790,xiaomi,Xiaomi Redmi 13 Prime 5G,Budget,17990,79,True,False,True,snapdragon 4 gen 1,snapdragon,8,2,16,5100,91800,757,Large,True,18,6,768,Standard,128,Medium,6,Large,47056,120,1080,2408,392,Ultra HD,2,1,64,16,80,128,android,True,1024,Xiaomi Redmi 13 Prime 5G,18.0
791,xiaomi,Xiaomi Redmi 11 Prime (6GB RAM + 128GB),Budget,13774,76,False,False,True,helio g99,helio,8,2,17,5000,90000,759,Large,True,18,6,768,Standard,128,Medium,6,Large,35997,90,1080,2400,399,Ultra HD,3,1,50,8,58,150,android,True,512,Xiaomi Redmi 11 Prime (6GB RAM + 128GB),18.0
792,nokia,Nokia C21 Plus (4GB RAM + 64GB),Budget,8999,64,False,False,False,unisoc sc9863a,unisoc,8,1,12,5050,-5050,774,Large,False,-1,4,256,Low RAM,64,Low,6,Large,16146,60,720,1600,269,Full HD,2,1,13,5,18,26,android,True,256,Nokia C21 Plus (4GB RAM + 64GB),
793,oneplus,OnePlus Nord N300,Budget,18990,75,True,True,False,dimensity 810 5g,dimensity,8,2,19,5000,165000,762,Large,True,33,4,256,Low RAM,64,Low,6,Large,24221,90,720,1612,269,Full HD,2,1,48,16,64,96,android,True,256,OnePlus Nord N300,33.0
794,tecno,Tecno Camon 19 Neo,Budget,14999,77,False,True,False,helio g85,helio,8,2,16,5000,90000,735,Large,True,18,6,768,Standard,128,Medium,6,Large,34832,90,1080,2400,387,Ultra HD,3,1,48,32,80,144,android,False,0,Tecno Camon 19 Neo,18.0
795,realme,Realme Narzo 50i Prime,Budget,7999,61,False,False,False,tiger t612,tiger,8,1,14,5000,50000,769,Large,True,10,3,96,Low RAM,32,Low,6,Large,16195,60,720,1600,269,Full HD,1,1,8,5,13,8,android,True,1024,Realme Narzo 50i Prime,10.0
796,xiaomi,Xiaomi Redmi K50 Ultra 5G,Mid-range,39999,85,True,True,True,snapdragon 8+ gen1,snapdragon,8,3,25,5000,600000,749,Large,True,120,8,1024,Standard,128,Medium,6,Large,64201,144,1220,2712,445,Ultra HD,3,1,108,20,128,324,android,False,0,Xiaomi Redmi K50 Ultra 5G,120.0
797,oppo,OPPO A57 4G,Budget,11990,67,False,False,False,helio g35,helio,8,2,18,5000,165000,762,Large,True,33,3,192,Low RAM,64,Low,6,Large,16147,60,720,1612,269,Full HD,2,1,13,8,21,26,android,True,256,OPPO A57 4G,33.0
798,infinix,Infinix Note 12 (6GB RAM + 128GB),Budget,12999,77,False,False,False,helio g88,helio,8,2,16,5000,165000,746,Large,True,33,6,768,Standard,128,Medium,6,Large,23568,60,2400,1080,392,Full HD,3,1,50,16,66,150,android,True,512,Infinix Note 12 (6GB RAM + 128GB),33.0
799,samsung,Samsung Galaxy S23 FE 5G,Premium,54999,77,True,True,False,snapdragon,snapdragon,8,2,18,4500,0,692,Medium,True,0,8,1024,Standard,128,Medium,6,Large,24293,60,1080,2400,404,Ultra HD,4,1,64,32,96,256,android,False,0,Samsung Galaxy S23 FE 5G,
800,samsung,Samsung Galaxy M51s 5G,Mid-range,24990,72,True,False,False,snapdragon,snapdragon,8,2,18,6000,0,895,Large,True,0,6,768,Standard,128,Medium,6,Large,23568,60,1080,2400,392,Ultra HD,3,1,64,32,96,192,android,True,1024,Samsung Galaxy M51s 5G,
801,vivo,Vivo X80 5G (12GB RAM + 256GB),Premium,59999,88,True,False,False,dimensity 9000,dimensity,8,3,24,4500,360000,663,Medium,True,80,12,3072,High RAM,256,High,6,Large,46580,120,1080,2400,388,Ultra HD,3,1,50,32,82,150,android,False,0,Vivo X80 5G (12GB RAM + 256GB),80.0
802,poco,Poco X6 Pro 5G,Budget,19999,72,True,False,False,snapdragon 778g+,snapdragon,8,2,18,5000,0,749,Large,True,0,6,768,Standard,128,Medium,6,Large,47348,120,1080,2400,394,Ultra HD,4,1,64,32,96,256,android,True,1024,Poco X6 Pro 5G,
803,infinix,Infinix Note 12 (G96),Budget,16999,79,False,False,False,helio g96,helio,8,2,16,5000,165000,746,Large,True,33,8,1024,Standard,128,Medium,6,Large,23568,60,1080,2400,392,Ultra HD,3,1,50,16,66,150,android,True,256,Infinix Note 12 (G96),33.0
804,samsung,Samsung Galaxy M14,Budget,14999,60,False,False,False,exynos 1330,exynos,8,2,18,6000,-6000,923,Large,False,-1,4,256,Low RAM,64,Low,6,Large,16195,60,720,1600,269,Full HD,3,1,48,8,56,144,android,True,512,Samsung Galaxy M14,
805,vivo,Vivo T2 Pro 5G,Mid-range,29990,76,True,False,False,snapdragon 778g+,snapdragon,8,2,18,4500,301500,698,Medium,True,67,8,1024,Standard,128,Medium,6,Medium,36881,90,1080,2408,409,Ultra HD,3,1,50,16,66,150,android,True,1024,Vivo T2 Pro 5G,67.0
806,xiaomi,Xiaomi Redmi 10 Prime Plus 5G,Budget,13990,69,True,False,True,dimensity 700 5g,dimensity,8,2,17,5000,90000,759,Large,True,18,4,512,Low RAM,128,Medium,6,Large,36097,90,1080,2408,401,Ultra HD,2,1,50,5,55,100,android,False,0,Xiaomi Redmi 10 Prime Plus 5G,18.0
807,xiaomi,Xiaomi Redmi Note 11 Pro 4G,Budget,17999,81,False,False,True,helio g96,helio,8,2,16,5000,335000,749,Large,True,67,6,768,Standard,128,Medium,6,Large,47348,120,1080,2400,394,Ultra HD,4,1,108,16,124,432,android,True,1024,Xiaomi Redmi Note 11 Pro 4G,67.0
808,realme,Realme Narzo 50A Prime,Budget,11399,73,False,False,False,tiger t612,tiger,8,1,14,5000,90000,757,Large,True,18,4,256,Low RAM,64,Low,6,Large,23991,60,1080,2408,399,Ultra HD,3,1,50,8,58,150,android,True,1024,Realme Narzo 50A Prime,18.0
809,vivo,Vivo Y55s 5G,Budget,19990,79,True,False,False,dimensity 700 5g,dimensity,8,2,17,6000,108000,911,Large,True,18,8,1024,Standard,128,Medium,6,Large,24064,60,1080,2408,401,Ultra HD,2,1,50,8,58,100,android,False,0,Vivo Y55s 5G,18.0
810,vivo,Vivo Y21T,Budget,15499,74,False,False,False,snapdragon 680,snapdragon,8,2,19,5000,90000,768,Large,True,18,4,512,Low RAM,128,Medium,6,Large,24256,90,1600,720,269,HD,3,1,50,8,58,150,android,True,1024,Vivo Y21T,18.0
811,gionee,Gionee K10,Budget,6999,67,False,False,False,tiger t310,tiger,4,2,8,4800,-4800,705,Medium,False,-1,3,96,Low RAM,32,Low,6,Large,15481,60,720,1600,258,Full HD,1,1,13,5,18,13,android,True,256,Gionee K10,
812,xiaomi,Xiaomi Redmi Note 10 Lite (4GB RAM + 128GB),Budget,12499,77,False,False,True,snapdragon 720g,snapdragon,8,2,18,5020,90360,752,Large,True,18,4,512,Low RAM,128,Medium,6,Large,23674,60,1080,2400,394,Ultra HD,4,1,48,16,64,192,android,True,512,Xiaomi Redmi Note 10 Lite (4GB RAM + 128GB),18.0
813,apple,Apple iPhone 13 (512GB),Premium,91999,80,True,True,False,bionic a15,bionic,6,3,19,3240,0,531,Small,True,0,4,2048,Low RAM,512,High,6,Medium,27435,60,1170,2532,457,Ultra HD,2,1,12,12,24,24,ios,False,0,Apple iPhone 13 (512GB),
814,infinix,Infinix Hot 11S,Budget,9690,71,False,False,False,helio g88,helio,8,2,16,5000,-5000,737,Large,False,-1,4,256,Low RAM,64,Low,6,Large,35906,90,1080,2480,398,Ultra HD,3,1,50,8,58,150,android,True,256,Infinix Hot 11S,
815,realme,Realme GT Explorer Master Edition,Mid-range,32990,85,True,True,False,snapdragon 870,snapdragon,8,3,25,4500,292500,687,Medium,True,65,8,1024,Standard,128,Medium,6,Large,48216,120,1080,2400,401,Ultra HD,3,1,50,32,82,150,android,False,0,Realme GT Explorer Master Edition,65.0
816,xiaomi,Xiaomi Mi 12 5G,Premium,42990,87,True,True,True,snapdragon 8 gen1,snapdragon,8,3,24,4500,301500,716,Medium,True,67,8,1024,Standard,128,Medium,6,Medium,50289,120,1080,2400,419,Ultra HD,3,1,50,32,82,150,android,False,0,Xiaomi Mi 12 5G,67.0
817,cat,CAT S22 Flip,Budget,14999,79,False,False,False,qualcomm 215,snapdragon,4,1,5,2000,-2000,500,Small,False,-1,2,32,Low RAM,16,Low,4,Compact,12000,60,480,640,200,HD,1,1,5,2,7,5,android,False,0,CAT S22 Flip,
818,xiaomi,Xiaomi Mi 11 Lite (8GB RAM + 128GB),Budget,18699,82,False,False,True,snapdragon 732g,snapdragon,8,2,18,4250,140250,648,Medium,True,33,8,1024,Standard,128,Medium,6,Large,36162,90,1080,2400,401,Ultra HD,3,1,64,16,80,192,android,True,512,Xiaomi Mi 11 Lite (8GB RAM + 128GB),33.0
819,realme,Realme Q3i 5G,Budget,10990,76,True,False,False,dimensity 700 5g,dimensity,8,2,17,5000,90000,769,Large,True,18,4,512,Low RAM,128,Medium,6,Large,24293,60,1080,2400,404,Ultra HD,3,1,48,16,64,144,android,True,256,Realme Q3i 5G,18.0
820,xiaomi,Xiaomi Mi 11X Pro,Mid-range,30990,85,True,False,True,snapdragon 888,snapdragon,8,2,22,4520,149160,677,Medium,True,33,8,1024,Standard,128,Medium,6,Large,47348,120,1080,2400,394,Ultra HD,3,1,108,20,128,324,android,False,0,Xiaomi Mi 11X Pro,33.0
821,lenovo,Lenovo Legion Pro 2,Premium,59999,89,True,True,False,snapdragon 888,snapdragon,8,2,22,5000,600000,769,Large,True,120,16,8192,High RAM,512,High,6,Large,58304,144,1080,2400,404,Ultra HD,2,1,64,20,84,128,android,False,0,Lenovo Legion Pro 2,120.0
822,samsung,Samsung Galaxy M62,Mid-range,23999,83,False,True,False,exynos 9825,exynos,8,2,21,7000,0,1043,Large,True,0,6,768,Standard,128,Medium,6,Large,23533,60,1080,2400,392,Ultra HD,4,1,64,32,96,256,android,True,1024,Samsung Galaxy M62,
823,realme,Realme Q2i,Budget,9999,69,True,False,False,dimensity 720,dimensity,8,2,16,5000,90000,769,Large,True,18,4,512,Low RAM,128,Medium,6,Large,16195,60,720,1600,269,Full HD,3,1,13,8,21,39,android,False,0,Realme Q2i,18.0
824,apple,Apple iPhone 12 Pro (256GB),Premium,119900,80,True,True,False,bionic a14,bionic,6,3,18,5000,-5000,819,Large,False,-1,6,1536,Standard,256,High,6,Medium,27435,60,1170,2532,457,Ultra HD,3,1,12,12,24,36,ios,False,0,Apple iPhone 12 Pro (256GB),
825,xiaomi,Xiaomi Redmi 9i (4GB RAM + 128GB),Budget,9299,67,False,False,False,helio g25,helio,8,2,16,5000,50000,765,Large,True,10,4,512,Low RAM,128,Medium,6,Large,16121,60,720,1600,268,Full HD,1,1,13,5,18,13,android,True,512,Xiaomi Redmi 9i (4GB RAM + 128GB),10.0
826,realme,Realme 6 (6GB RAM + 64GB),Budget,12989,77,False,False,False,helio g90t,helio,8,2,16,4300,129000,661,Medium,True,30,6,384,Standard,64,Low,6,Large,36440,90,1080,2400,404,Ultra HD,4,1,64,16,80,256,android,True,256,Realme 6 (6GB RAM + 64GB),30.0
827,samsung,Samsung Galaxy A01 Core,Budget,4999,79,False,False,False,mediatek mt6739,mediatek,4,1,6,3000,-3000,566,Small,False,-1,1,16,Low RAM,16,Low,5,Compact,18632,60,720,1480,310,Full HD,1,1,8,5,13,8,android,True,256,Samsung Galaxy A01 Core,
828,oppo,Oppo Reno 5,Mid-range,29990,83,True,False,False,snapdragon 765g,snapdragon,8,2,19,4300,279500,668,Medium,True,65,8,1024,Standard,128,Medium,6,Medium,24558,60,1080,2400,409,Ultra HD,4,1,64,32,96,256,android,False,0,Oppo Reno 5,65.0
829,oppo,Oppo A31 2020 (6GB RAM + 128GB),Budget,12490,72,False,False,False,helio p35,helio,8,2,18,4230,-4230,650,Medium,False,-1,6,768,Standard,128,Medium,6,Large,16195,60,720,1600,269,Full HD,3,1,12,8,20,36,android,True,256,Oppo A31 2020 (6GB RAM + 128GB),
830,sony,Sony Xperia 10 II,Mid-range,27999,75,False,True,False,snapdragon 665,snapdragon,8,2,16,3600,64800,600,Small,True,18,4,512,Low RAM,128,Medium,6,Medium,41125,90,1080,2520,456,Ultra HD,3,1,12,8,20,36,android,True,256,Sony Xperia 10 II,18.0
831,vivo,Vivo Y91c,Budget,8199,79,False,False,False,helio p22,helio,8,2,16,4030,-4030,647,Medium,False,-1,2,64,Low RAM,32,Low,6,Medium,16224,60,720,1520,270,Full HD,1,1,13,5,18,13,android,True,256,Vivo Y91c,
832,huawei,Huawei Nova 7i,Mid-range,21990,81,False,False,False,kirin 810,kirin,8,2,17,4200,168000,656,Medium,True,40,8,1024,Standard,128,Medium,6,Medium,24161,60,1080,2340,402,Ultra HD,4,1,48,16,64,192,android,True,256,Huawei Nova 7i,40.0
833,vivo,Vivo Y19,Mid-range,20000,73,False,False,False,helio p65,helio,8,2,16,5000,90000,765,Large,True,18,4,512,Low RAM,128,Medium,6,Large,23680,60,1080,2340,394,Ultra HD,3,1,16,16,32,48,android,True,256,Vivo Y19,18.0
834,vivo,Vivo U3 (6GB RAM + 64GB),Budget,11990,74,False,False,False,snapdragon 675,snapdragon,8,2,16,5000,90000,765,Large,True,18,6,384,Standard,64,Low,6,Large,23680,60,1080,2340,394,Ultra HD,3,1,16,16,32,48,android,True,256,Vivo U3 (6GB RAM + 64GB),18.0
835,xiaomi,Xiaomi Redmi Note 9,Budget,11989,75,False,False,True,helio g85,helio,8,2,16,5020,110440,768,Large,True,22,4,256,Low RAM,64,Low,6,Large,23680,60,1080,2340,394,Ultra HD,4,1,48,13,61,192,android,True,512,Xiaomi Redmi Note 9,22.0
836,xiaomi,Xiaomi Redmi 8 (4GB RAM + 64GB),Budget,11490,66,False,False,True,snapdragon 439,snapdragon,8,2,16,5000,90000,803,Large,True,18,4,256,Low RAM,64,Low,6,Medium,16224,60,720,1520,270,Full HD,2,1,12,8,20,24,android,True,512,Xiaomi Redmi 8 (4GB RAM + 64GB),18.0
837,motorola,Motorola One Macro,Budget,11490,68,False,False,False,helio p70,helio,8,2,16,4000,40000,645,Medium,True,10,4,256,Low RAM,64,Low,6,Medium,16276,60,720,1520,271,Full HD,3,1,13,8,21,39,android,True,512,Motorola One Macro,10.0
838,google,Google Pixel 3a XL,Budget,15999,67,False,True,False,qualcomm snapdragon 670,snapdragon,8,2,16,3700,66600,616,Small,True,18,4,256,Low RAM,64,Low,6,Medium,24149,60,1080,2160,402,Ultra HD,1,1,2,8,10,2,android,False,0,Google Pixel 3a XL,18.0
839,samsung,Samsung Galaxy A40,Budget,17990,69,False,False,False,samsung exynos 7885,exynos,8,2,17,3100,46500,525,Small,True,15,4,256,Low RAM,64,Low,5,Compact,26208,60,1080,2340,436,Ultra HD,2,1,16,25,41,32,android,True,512,Samsung Galaxy A40,15.0
840,samsung,Samsung Galaxy S10 5G,Premium,78990,86,True,True,False,exynos 9820,exynos,8,2,21,4500,112500,671,Medium,True,25,8,2048,Standard,256,High,6,Large,30123,60,1440,3040,502,Ultra HD,3,1,16,10,26,48,android,True,512,Samsung Galaxy S10 5G,25.0
841,huawei,Huawei Honor 9N,Budget,10949,66,False,False,False,kirin 659,kirin,8,2,18,3000,-3000,513,Small,False,-1,4,256,Low RAM,64,Low,5,Compact,25919,60,1080,2280,431,Ultra HD,2,1,13,16,29,26,android,True,256,Huawei Honor 9N,
842,xiaomi,Xiaomi Redmi Note 4,Budget,10300,65,False,False,False,qualcomm snapdragon 625,snapdragon,8,2,16,4100,-4100,745,Medium,False,-1,4,256,Low RAM,64,Low,5,Compact,24031,60,1080,1920,400,Full HD,1,1,13,5,18,13,android,True,128,Xiaomi Redmi Note 4,
843,doogee,Doogee V Max,Premium,45999,88,True,False,False,dimensity 1080,dimensity,8,2,20,22000,726000,3343,Large,True,33,12,3072,High RAM,256,High,6,Large,48129,120,1080,2408,401,Ultra HD,3,1,108,32,140,324,android,True,2048,Doogee V Max,33.0
844,huawei,Huawei Nova Y61,Mid-range,21990,63,False,False,False,snapdragon,snapdragon,8,2,18,5000,110000,766,Large,True,22,4,256,Low RAM,64,Low,6,Large,16146,60,720,1600,269,Full HD,3,1,50,5,55,150,other,True,256,Huawei Nova Y61,22.0
845,iqoo,iQOO Z9,Budget,19990,76,True,False,False,snapdragon 7 gen2,snapdragon,8,2,18,5000,225000,749,Large,True,45,8,1024,Standard,128,Medium,6,Large,47545,120,1080,2412,396,Ultra HD,3,1,64,16,80,192,android,True,1024,iQOO Z9,45.0
846,vivo,Vivo V29,Mid-range,32990,84,True,False,False,snapdragon 7 gen1,snapdragon,8,2,19,5000,400000,749,Large,True,80,8,2048,Standard,256,High,6,Large,47348,120,1080,2400,394,Ultra HD,3,1,64,32,96,192,android,True,256,Vivo V29,80.0
847,poco,Poco M5 (6GB RAM + 128GB),Budget,14499,77,False,False,True,helio g99,helio,8,2,17,5000,90000,759,Large,True,18,6,768,Standard,128,Medium,6,Large,35997,90,1080,2400,399,Ultra HD,3,1,50,8,58,150,android,True,512,Poco M5 (6GB RAM + 128GB),18.0
848,nokia,Nokia X30,Premium,41990,85,True,True,False,snapdragon 695,snapdragon,8,2,17,4200,138600,653,Medium,True,33,6,768,Standard,128,Medium,6,Medium,36837,90,1080,2400,409,Ultra HD,2,1,50,16,66,100,android,True,1024,Nokia X30,33.0
849,tecno,Tecno Pova Neo 2,Budget,13990,67,False,False,False,helio g85,helio,8,2,16,7000,-7000,1026,Large,False,-1,6,768,Standard,128,Medium,6,Large,23153,90,720,1600,257,Full HD,2,1,16,8,24,32,android,True,512,Tecno Pova Neo 2,
850,vivo,Vivo Y15C (3GB RAM + 64GB),Budget,10490,67,False,False,False,helio p35,helio,8,2,18,5000,-5000,768,Large,False,-1,3,192,Low RAM,64,Low,6,Large,16170,60,720,1600,269,Full HD,2,1,13,8,21,26,android,True,1024,Vivo Y15C (3GB RAM + 64GB),
851,huawei,Huawei Nova 10,Mid-range,29990,82,False,False,False,snapdragon 778g,snapdragon,8,2,19,4000,264000,599,Medium,True,66,8,1024,Standard,128,Medium,6,Large,47348,120,1080,2400,394,Ultra HD,3,1,50,60,110,150,other,False,0,Huawei Nova 10,66.0
852,huawei,Huawei Nova Y90,Mid-range,22990,82,False,True,False,snapdragon 680,snapdragon,8,2,19,5000,200000,746,Large,True,40,8,1024,Standard,128,Medium,6,Large,35205,90,1080,2388,391,Ultra HD,4,1,50,8,58,200,other,True,256,Huawei Nova Y90,40.0
853,samsung,Samsung Galaxy A92 5G,Premium,47990,80,True,False,False,dimensity 1300,dimensity,8,3,24,5000,0,746,Large,True,0,8,1024,Standard,128,Medium,6,Large,23568,60,1080,2400,392,Ultra HD,3,1,48,16,64,144,android,False,0,Samsung Galaxy A92 5G,
854,infinix,Infinix Note 12 VIP,Budget,19999,84,False,False,False,helio g96,helio,8,2,16,4500,540000,671,Medium,True,120,8,1024,Standard,128,Medium,6,Large,47136,120,1080,2400,392,Ultra HD,3,1,108,16,124,324,android,True,256,Infinix Note 12 VIP,120.0
855,oneplus,OnePlus Nord 4 5G,Mid-range,29999,83,True,True,False,snapdragon 7 gen1,snapdragon,8,2,18,4500,360000,699,Medium,True,80,8,1024,Standard,128,Medium,6,Medium,49320,120,1080,2412,411,Ultra HD,3,1,50,32,82,150,android,False,0,OnePlus Nord 4 5G,80.0
856,realme,Realme Narzo 50A Prime (4GB RAM + 128GB),Budget,11879,74,False,False,False,tiger t612,tiger,8,1,14,5000,90000,757,Large,True,18,4,512,Low RAM,128,Medium,6,Large,23991,60,1080,2408,399,Ultra HD,3,1,50,8,58,150,android,True,1024,Realme Narzo 50A Prime (4GB RAM + 128GB),18.0
857,oneplus,OnePlus Ace 5G,Mid-range,28990,84,True,True,False,dimensity 8100 max,dimensity,8,2,22,4500,675000,671,Medium,True,150,8,1024,Standard,128,Medium,6,Large,47332,120,1080,2412,394,Ultra HD,3,1,50,16,66,150,android,False,0,OnePlus Ace 5G,150.0
858,iqoo,iQOO 9 5G (12GB RAM + 256GB),Mid-range,39990,85,True,False,False,snapdragon 888+,snapdragon,8,2,23,4350,522000,663,Medium,True,120,12,3072,High RAM,256,High,6,Large,47742,120,1080,2376,397,Ultra HD,3,1,48,16,64,144,android,False,0,iQOO 9 5G (12GB RAM + 256GB),120.0
859,xiaomi,Xiaomi Redmi Note 12T 5G,Budget,15999,78,True,False,True,dimensity 720,dimensity,8,2,16,5000,165000,766,Large,True,33,6,384,Standard,64,Low,6,Large,36328,90,1080,2400,403,Ultra HD,3,1,64,16,80,192,android,True,512,Xiaomi Redmi Note 12T 5G,33.0
860,oppo,Oppo A96 5G,Mid-range,22990,82,True,False,False,snapdragon 695,snapdragon,8,2,17,4500,148500,699,Medium,True,33,8,2048,Standard,256,High,6,Medium,24558,60,1080,2400,409,Ultra HD,2,1,48,16,64,96,android,True,256,Oppo A96 5G,33.0
861,royole,Royole FlexPai 3 5G,Premium,149999,87,True,False,False,snapdragon 888,snapdragon,8,2,22,3360,-3360,466,Small,False,-1,8,1024,Standard,128,Medium,7,Large,20000,60,1440,1920,333,Full HD,3,1,64,32,96,192,android,False,0,Royole FlexPai 3 5G,
862,tecno,Tecno Camon 18,Budget,11499,75,False,True,False,helio g88,helio,8,2,16,5000,90000,735,Large,True,18,4,512,Low RAM,128,Medium,6,Large,35558,90,1080,2460,395,Ultra HD,3,1,48,16,64,144,android,False,0,Tecno Camon 18,18.0
863,tecno,Tecno Phantom X Pro,Mid-range,22999,84,False,False,False,helio g95,helio,8,2,16,5000,220000,746,Large,True,44,8,2048,Standard,256,High,6,Large,47136,120,1080,2400,392,Ultra HD,4,2,50,48,98,200,android,False,0,Tecno Phantom X Pro,44.0
864,tecno,Tecno Spark 8T,Budget,7999,70,False,False,False,helio g35,helio,8,2,18,5000,-5000,757,Large,False,-1,4,256,Low RAM,64,Low,6,Large,15950,60,720,1600,265,Full HD,2,1,50,8,58,100,android,True,256,Tecno Spark 8T,
865,realme,Realme GT Neo2 5G,Mid-range,31999,82,True,True,False,snapdragon 870,snapdragon,8,3,25,5000,325000,755,Large,True,65,8,1024,Standard,128,Medium,6,Large,47706,120,2400,1080,397,Full HD,3,1,64,16,80,192,android,False,0,Realme GT Neo2 5G,65.0
866,sony,Sony Xperia 10 III Lite 5G,Mid-range,30990,78,True,True,False,snapdragon 690,snapdragon,8,2,16,4500,135000,750,Medium,True,30,6,384,Standard,64,Low,6,Medium,27416,60,1080,2520,456,Ultra HD,3,1,12,8,20,36,android,True,256,Sony Xperia 10 III Lite 5G,30.0
867,realme,Realme G1,Budget,7999,64,False,False,False,helio g35,helio,8,2,18,6000,-6000,920,Large,False,-1,3,96,Low RAM,32,Low,6,Large,16146,60,720,1600,269,Full HD,3,1,13,5,18,39,android,True,256,Realme G1,
868,tecno,Tecno Pova 2,Budget,10999,74,False,False,False,helio g85,helio,8,2,16,7000,126000,1007,Large,True,18,4,256,Low RAM,64,Low,6,Large,23193,60,1080,2460,386,Ultra HD,4,1,48,8,56,192,android,True,256,Tecno Pova 2,18.0
869,poco,Poco X4,Budget,14990,79,True,False,False,dimensity 700 5g,dimensity,8,2,17,5000,335000,749,Large,True,67,6,768,Standard,128,Medium,6,Large,47348,120,1080,2400,394,Ultra HD,3,1,50,16,66,150,android,True,1024,Poco X4,67.0
870,motorola,Motorola Moto G40 Fusion,Budget,14499,77,False,False,False,snapdragon 732g,snapdragon,8,2,18,6000,120000,884,Large,True,20,4,256,Low RAM,64,Low,6,Large,47551,120,1080,2460,396,Ultra HD,3,1,64,16,80,192,android,True,256,Motorola Moto G40 Fusion,20.0
871,oneplus,OnePlus 9T,Premium,44999,86,True,True,False,snapdragon 888,snapdragon,8,2,22,4500,292500,687,Medium,True,65,8,1024,Standard,128,Medium,6,Large,48216,120,1080,2400,401,Ultra HD,4,1,108,16,124,432,android,False,0,OnePlus 9T,65.0
872,realme,Realme 8 (8GB RAM + 128GB),Budget,17999,83,False,False,False,helio g95,helio,8,2,16,5000,150000,781,Large,True,30,8,1024,Standard,128,Medium,6,Medium,24673,60,1080,2400,411,Ultra HD,4,1,64,16,80,256,android,True,256,Realme 8 (8GB RAM + 128GB),30.0
873,realme,Realme Narzo 30 Pro 5G (8GB RAM +128GB),Budget,19999,83,True,False,False,dimensity 800u,dimensity,8,2,19,5000,150000,769,Large,True,30,8,1024,Standard,128,Medium,6,Large,48587,120,1080,2400,404,Ultra HD,3,1,48,16,64,144,android,True,256,Realme Narzo 30 Pro 5G (8GB RAM +128GB),30.0
874,itel,Itel A23 Pro,Budget,3999,61,False,False,False,spreadtrum sc9832e,spreadtrum,4,1,5,2400,-2400,480,Small,False,-1,1,8,Low RAM,8,Low,5,Compact,11755,60,854,480,195,HD,1,1,5,2,7,5,android,False,0,Itel A23 Pro,
875,samsung,Samsung Galaxy S21 Ultra 5G (12GB RAM + 128GB),Premium,101999,79,True,True,False,exynos 2100,exynos,8,2,23,5000,125000,735,Large,True,25,12,1536,High RAM,128,Medium,6,Large,61924,120,1440,3200,516,Ultra HD,4,1,108,40,148,432,android,False,0,Samsung Galaxy S21 Ultra 5G (12GB RAM + 128GB),25.0
876,oppo,Oppo Reno 5 Pro 5G,Mid-range,38700,84,True,False,False,dimensity 1000+,dimensity,8,2,20,4350,282750,666,Medium,True,65,8,1024,Standard,128,Medium,6,Large,36272,90,1080,2400,403,Ultra HD,4,1,64,32,96,256,android,False,0,Oppo Reno 5 Pro 5G,65.0
877,oneplus,OnePlus Nord SE,Budget,19999,73,False,False,False,snapdragon 665,snapdragon,8,2,16,4500,292500,714,Medium,True,65,4,256,Low RAM,64,Low,6,Medium,25064,60,1080,2400,417,Ultra HD,4,1,48,13,61,192,android,True,256,OnePlus Nord SE,65.0
878,samsung,Samsung Galaxy M12,Budget,10999,72,False,False,False,exynos 850,exynos,8,2,16,6000,90000,923,Large,True,15,4,256,Low RAM,64,Low,6,Large,24293,90,720,1600,269,Full HD,4,1,48,8,56,192,android,True,1024,Samsung Galaxy M12,15.0
879,oneplus,OnePlus Nord N100,Budget,16990,68,False,False,False,snapdragon 460,snapdragon,8,1,14,5000,90000,766,Large,True,18,4,256,Low RAM,64,Low,6,Large,24219,90,720,1600,269,Full HD,3,1,13,8,21,39,android,True,256,OnePlus Nord N100,18.0
880,apple,Apple iPhone 12 Mini (256GB),Premium,55999,75,True,True,False,bionic a14,bionic,6,3,18,5000,-5000,925,Large,False,-1,4,1024,Low RAM,256,High,5,Compact,28635,60,1080,2340,477,Ultra HD,2,1,12,12,24,24,ios,False,0,Apple iPhone 12 Mini (256GB),
881,apple,Apple iPhone 12 (256GB),Premium,67999,76,True,True,False,bionic a14,bionic,6,3,18,5000,-5000,819,Large,False,-1,4,1024,Low RAM,256,High,6,Medium,27435,60,1170,2532,457,Ultra HD,2,1,12,12,24,24,ios,False,0,Apple iPhone 12 (256GB),
882,oppo,OPPO A15,Budget,9999,66,False,False,False,helio p35,helio,8,2,18,4230,-4230,648,Medium,False,-1,3,96,Low RAM,32,Low,6,Large,16146,60,720,1600,269,Full HD,3,1,13,5,18,39,android,True,256,OPPO A15,
883,xiaomi,Xiaomi Redmi Note 9 Pro (4GB RAM + 128GB),Budget,14439,77,False,False,True,snapdragon 720g,snapdragon,8,2,18,5020,90360,752,Large,True,18,4,512,Low RAM,128,Medium,6,Large,23674,60,1080,2400,394,Ultra HD,4,1,48,16,64,192,android,True,512,Xiaomi Redmi Note 9 Pro (4GB RAM + 128GB),18.0
884,oppo,Oppo A12,Budget,9990,64,False,False,False,helio p35,helio,8,1,14,4230,-4230,680,Medium,False,-1,3,96,Low RAM,32,Low,6,Medium,16224,60,1520,720,270,HD,2,1,13,5,18,26,android,True,256,Oppo A12,
885,realme,Realme X50 Pro 5G (8GB RAM + 128GB),Mid-range,24999,85,True,True,False,snapdragon 865,snapdragon,8,2,22,4200,273000,652,Medium,True,65,8,1024,Standard,128,Medium,6,Medium,36779,90,1080,2400,408,Ultra HD,4,2,64,32,96,256,android,False,0,Realme X50 Pro 5G (8GB RAM + 128GB),65.0
886,samsung,Samsung Galaxy S20 Plus 5G,Premium,85990,79,True,True,False,exynos 990,exynos,8,2,21,4500,112500,671,Medium,True,25,8,1024,Standard,128,Medium,6,Large,31424,60,1440,3200,523,Ultra HD,4,1,64,10,74,256,android,True,1024,Samsung Galaxy S20 Plus 5G,25.0
887,xiaomi,Xiaomi Redmi K20 Pro Signature Edition,Premium,480000,88,False,True,False,snapdragon 855,snapdragon,8,2,22,4000,108000,625,Medium,True,27,8,2048,Standard,256,High,6,Medium,24199,60,1080,2340,403,Ultra HD,3,1,48,20,68,144,android,False,0,Xiaomi Redmi K20 Pro Signature Edition,27.0
888,xiaomi,Xiaomi Redmi Note 8 Pro,Budget,16999,78,False,False,True,helio g90t,helio,8,2,16,4500,81000,689,Medium,True,18,6,384,Standard,64,Low,6,Large,23680,60,1080,2340,394,Ultra HD,4,1,64,20,84,256,android,True,512,Xiaomi Redmi Note 8 Pro,18.0
889,realme,Realme A1,Budget,8999,78,False,False,False,helio p70,helio,8,2,16,4000,-4000,645,Medium,False,-1,2,32,Low RAM,16,Low,6,Medium,16276,60,720,1520,271,Full HD,2,1,13,8,21,26,android,True,256,Realme A1,
890,oppo,OPPO A73,Budget,15990,62,False,False,False,helio p23,helio,8,2,20,3200,-3200,533,Small,False,-1,3,96,Low RAM,32,Low,6,Medium,24149,60,1080,2160,402,Ultra HD,1,1,13,16,29,13,android,True,256,OPPO A73,
891,lyf,Lyf Earth 2,Budget,3890,60,False,False,False,snapdragon msm8939,snapdragon,8,1,12,2500,-2500,500,Small,False,-1,3,96,Low RAM,32,Low,5,Compact,26434,60,1080,1920,440,Full HD,1,1,13,13,26,13,android,True,64,Lyf Earth 2,
892,apple,Apple iPhone 15 Plus,Premium,84990,75,True,True,False,bionic a16,bionic,6,2,13,4532,0,675,Medium,True,0,8,1024,Standard,128,Medium,6,Large,54731,120,1284,2778,456,Ultra HD,2,1,12,12,24,24,ios,False,0,Apple iPhone 15 Plus,
893,vivo,Vivo Y55s 2023,Mid-range,21999,78,True,True,False,dimensity 700 5g,dimensity,8,2,17,5000,90000,759,Large,True,18,4,512,Low RAM,128,Medium,6,Large,24064,60,1080,2408,401,Ultra HD,3,1,50,8,58,150,android,True,256,Vivo Y55s 2023,18.0
894,lava,Lava Blaze NXT,Budget,8999,66,False,False,False,helio g37,helio,8,2,18,5000,-5000,769,Large,False,-1,4,256,Low RAM,64,Low,6,Large,16195,60,720,1600,269,Full HD,3,1,13,8,21,39,android,True,256,Lava Blaze NXT,
895,tecno,Tecno Camon 20 Premier,Mid-range,20999,79,True,True,False,dimensity 700 5g,dimensity,8,2,17,5000,165000,732,Large,True,33,6,768,Standard,128,Medium,6,Large,47202,120,1080,2460,393,Ultra HD,3,1,50,16,66,150,android,False,0,Tecno Camon 20 Premier,33.0
896,oppo,OPPO Reno 8 House of Dragon Edition,Mid-range,32990,84,True,True,False,dimensity 1300,dimensity,8,3,24,4500,360000,699,Medium,True,80,8,1024,Standard,128,Medium,6,Medium,36837,90,1080,2400,409,Ultra HD,3,1,50,32,82,150,android,False,0,OPPO Reno 8 House of Dragon Edition,80.0
897,motorola,Motorola Moto E22s,Budget,9022,70,False,False,False,helio g37,helio,8,2,18,5000,50000,769,Large,True,10,4,256,Low RAM,64,Low,6,Large,24293,90,720,1600,269,Full HD,2,1,16,8,24,32,android,True,256,Motorola Moto E22s,10.0
898,xiaomi,Xiaomi Redmi A1 Plus (3GB RAM + 32GB),Budget,8399,61,False,False,False,helio a22,helio,4,2,8,5000,50000,766,Large,True,10,3,96,Low RAM,32,Low,6,Large,16146,60,720,1600,269,Full HD,2,1,8,5,13,16,android,True,512,Xiaomi Redmi A1 Plus (3GB RAM + 32GB),10.0
899,infinix,Infinix Hot 20i,Budget,9999,64,False,False,False,helio g25,helio,8,2,16,5000,-5000,757,Large,False,-1,3,192,Low RAM,64,Low,6,Large,16049,60,720,1612,267,Full HD,2,1,13,8,21,26,android,True,256,Infinix Hot 20i,
900,tecno,Tecno Spark 9 (3GB RAM + 64GB),Budget,8390,63,False,False,False,helio g37,helio,8,2,18,5000,-5000,757,Large,False,-1,3,192,Low RAM,64,Low,6,Large,23925,90,720,1600,265,Full HD,2,1,13,8,21,26,android,True,256,Tecno Spark 9 (3GB RAM + 64GB),
901,zte,ZTE Axon 30S,Budget,19999,82,True,True,False,snapdragon 870,snapdragon,8,3,25,4200,231000,608,Medium,True,55,6,768,Standard,128,Medium,6,Large,46724,120,1080,2460,389,Ultra HD,4,1,50,16,66,200,android,True,256,ZTE Axon 30S,55.0
902,honor,Honor X6,Budget,13999,71,False,False,False,helio g25,helio,8,2,16,5000,50000,769,Large,True,10,4,256,Low RAM,64,Low,6,Large,16195,60,720,1600,269,Full HD,3,1,50,5,55,150,android,True,256,Honor X6,10.0
903,xiaomi,Xiaomi Civi 2,Mid-range,29999,85,True,True,True,snapdragon 7 gen1,snapdragon,8,2,19,4500,301500,687,Medium,True,67,8,1024,Standard,128,Medium,6,Large,48216,120,1080,2400,401,Ultra HD,3,2,50,32,82,150,android,False,0,Xiaomi Civi 2,67.0
904,tcl,TCL Ion X,Budget,8990,60,False,False,False,helio g25,helio,8,2,16,3000,30000,500,Small,True,10,3,96,Low RAM,32,Low,6,Medium,16099,60,720,1440,268,Full HD,1,1,13,5,18,13,android,True,256,TCL Ion X,10.0
905,samsung,Samsung Galaxy Z Fold 4 (12GB RAM + 1TB),Premium,163980,79,True,True,False,snapdragon 8+ gen1,snapdragon,8,3,25,4400,110000,578,Medium,True,25,12,12288,High RAM,1024,High,7,Large,44710,120,1812,2176,372,Ultra HD,3,2,50,10,60,150,android,False,0,Samsung Galaxy Z Fold 4 (12GB RAM + 1TB),25.0
906,nothing,Nothing Phone 1 Lite,Mid-range,24990,80,True,True,False,snapdragon 778g plus,snapdragon,8,2,20,5000,165000,763,Large,True,33,6,768,Standard,128,Medium,6,Large,48216,120,1080,2400,401,Ultra HD,2,1,50,16,66,100,android,False,0,Nothing Phone 1 Lite,33.0
907,motorola,Motorola Moto Edge X30 Pro,Premium,59990,81,True,True,False,snapdragon 8+ gen1,snapdragon,8,3,25,4450,556250,667,Medium,True,125,8,1024,Standard,128,Medium,6,Large,55639,144,1080,2340,386,Ultra HD,3,1,200,60,260,600,android,False,0,Motorola Moto Edge X30 Pro,125.0
908,oneplus,OnePlus Ace Pro,Premium,47990,86,True,True,False,snapdragon 8+ gen1,snapdragon,8,3,25,4800,720000,716,Medium,True,150,12,3072,High RAM,256,High,6,Large,47332,120,1080,2412,394,Ultra HD,3,1,50,16,66,150,android,False,0,OnePlus Ace Pro,150.0
909,realme,Realme GT 2 Explorer Master Edition,Premium,40990,86,True,True,False,snapdragon 8+ gen1,snapdragon,8,3,25,5000,500000,746,Large,True,100,8,1024,Standard,128,Medium,6,Large,47332,120,1080,2412,394,Ultra HD,3,1,50,16,66,150,android,False,0,Realme GT 2 Explorer Master Edition,100.0
910,samsung,Samsung Galaxy M35,Mid-range,22999,74,False,True,False,snapdragon,snapdragon,8,2,18,6000,0,923,Large,True,0,8,1024,Standard,128,Medium,6,Large,24293,60,1080,2400,404,Ultra HD,3,1,64,32,96,192,android,True,1024,Samsung Galaxy M35,
911,samsung,Samsung Galaxy A05,Budget,12990,63,False,False,False,snapdragon,snapdragon,8,2,18,5000,90000,769,Large,True,18,4,256,Low RAM,64,Low,6,Large,15859,60,720,1560,264,Full HD,2,1,48,5,53,96,android,True,1024,Samsung Galaxy A05,18.0
912,infinix,Infinix Note 12 Turbo,Budget,14999,79,False,False,False,helio g96,helio,8,2,16,5000,165000,746,Large,True,33,8,1024,Standard,128,Medium,6,Large,23568,60,2400,1080,392,Full HD,3,1,50,16,66,150,android,True,512,Infinix Note 12 Turbo,33.0
913,poco,POCO F5 GT 5G,Premium,42999,86,True,True,True,dimensity 1300,dimensity,8,3,24,4500,675000,674,Medium,True,150,8,1024,Standard,128,Medium,6,Large,47545,120,1080,2412,396,Ultra HD,3,1,64,20,84,192,android,False,0,POCO F5 GT 5G,150.0
914,iqoo,iQOO Z8 5G,Budget,14999,78,True,False,False,snapdragon 695,snapdragon,8,2,17,5000,90000,759,Large,True,18,4,512,Low RAM,128,Medium,6,Large,48196,120,1080,2412,401,Ultra HD,3,1,50,16,66,150,android,True,1024,iQOO Z8 5G,18.0
915,vivo,Vivo Y55 4G,Mid-range,22990,83,False,False,False,snapdragon 680,snapdragon,8,2,19,5000,220000,776,Large,True,44,8,1024,Standard,128,Medium,6,Medium,49039,120,1080,2400,408,Ultra HD,3,1,50,16,66,150,android,True,1024,Vivo Y55 4G,44.0
916,vivo,Vivo X Fold 5G (12GB RAM + 512GB),Premium,118990,79,True,True,False,snapdragon 8 gen1,snapdragon,8,3,24,4600,303600,572,Medium,True,66,12,6144,High RAM,512,High,8,Large,43148,120,1916,2160,359,Ultra HD,4,1,50,16,66,200,android,False,0,Vivo X Fold 5G (12GB RAM + 512GB),66.0
917,oppo,Oppo K10 Pro 5G,Mid-range,29990,81,True,False,False,snapdragon 888,snapdragon,8,2,22,5000,400000,755,Large,True,80,8,1024,Standard,128,Medium,6,Large,47706,120,1080,2400,397,Ultra HD,3,1,50,16,66,150,android,False,0,Oppo K10 Pro 5G,80.0
918,tecno,Tecno Spark 8C,Budget,7399,62,False,False,False,unisoc t606,unisoc,8,2,16,5000,-5000,757,Large,False,-1,3,192,Low RAM,64,Low,6,Large,24074,90,720,1612,267,Full HD,2,1,13,8,21,26,android,True,256,Tecno Spark 8C,
919,iqoo,iQOO Z7 5G,Budget,17999,80,True,False,False,snapdragon 695,snapdragon,8,2,17,4200,231000,629,Medium,True,55,8,1024,Standard,128,Medium,6,Large,47348,120,1080,2400,394,Ultra HD,3,1,50,16,66,150,android,False,0,iQOO Z7 5G,55.0
920,infinix,Infinix Note 11 (6GB RAM + 128GB),Budget,12799,77,False,False,False,helio g88,helio,8,2,16,5000,165000,746,Large,True,33,6,768,Standard,128,Medium,6,Large,23568,60,1080,2400,392,Ultra HD,3,1,50,16,66,150,android,True,256,Infinix Note 11 (6GB RAM + 128GB),33.0
921,xiaomi,Xiaomi 11i HyperCharge 5G (8GB RAM + 128GB),Mid-range,26999,86,True,False,True,dimensity 920 5g,dimensity,8,2,20,4500,540000,674,Medium,True,120,8,1024,Standard,128,Medium,6,Large,47348,120,2400,1080,394,Full HD,3,1,108,16,124,324,android,True,1024,Xiaomi 11i HyperCharge 5G (8GB RAM + 128GB),120.0
922,samsung,Samsung Galaxy F42 5G (8GB RAM + 128GB),Mid-range,22999,82,True,False,False,dimensity 700 5g,dimensity,8,2,17,5000,75000,757,Large,True,15,8,1024,Standard,128,Medium,6,Large,35987,90,1080,2408,399,Ultra HD,3,1,64,8,72,192,android,True,1024,Samsung Galaxy F42 5G (8GB RAM + 128GB),15.0
923,apple,Apple iPhone 13 Pro (1TB),Premium,147900,84,True,True,False,bionic a15,bionic,6,3,19,3095,0,507,Small,True,0,6,6144,Standard,1024,High,6,Medium,54870,120,1170,2532,457,Ultra HD,3,1,12,12,24,36,ios,False,0,Apple iPhone 13 Pro (1TB),
924,nubia,Nubia Red Magic 6S 5G,Premium,44999,84,True,True,False,snapdragon 888+,snapdragon,8,2,23,5050,151500,742,Large,True,30,8,1024,Standard,128,Medium,6,Large,63859,165,1080,2400,387,Ultra HD,3,1,64,8,72,192,android,False,0,Nubia Red Magic 6S 5G,30.0
925,micromax,Micromax IN 2B (6GB RAM + 64GB),Budget,7790,68,False,False,False,unisoc t610,unisoc,8,1,14,5000,-5000,766,Large,False,-1,6,384,Standard,64,Low,6,Large,16146,60,720,1600,269,Full HD,2,1,13,5,18,26,android,True,256,Micromax IN 2B (6GB RAM + 64GB),
926,nokia,Nokia X60 5G,Mid-range,39990,87,True,False,False,snapdragon 870,snapdragon,8,3,25,6000,198000,921,Large,True,33,6,768,Standard,128,Medium,6,Large,58215,144,1080,2400,404,Ultra HD,4,1,200,16,216,800,other,True,256,Nokia X60 5G,33.0
927,vivo,Vivo Y12a,Budget,9999,65,False,False,False,snapdragon 439,snapdragon,8,2,16,5000,-5000,768,Large,False,-1,3,96,Low RAM,32,Low,6,Large,16170,60,720,1600,269,Full HD,2,1,13,8,21,26,android,True,256,Vivo Y12a,
928,oppo,Oppo Reno 5A,Mid-range,22990,80,True,False,False,snapdragon 765g,snapdragon,8,2,19,4000,72000,615,Medium,True,18,6,768,Standard,128,Medium,6,Large,36440,90,1080,2400,404,Ultra HD,4,1,64,16,80,256,android,True,1024,Oppo Reno 5A,18.0
929,poco,Poco F3 GT,Mid-range,32999,79,True,False,True,dimensity 1200,dimensity,8,3,24,5065,339355,759,Large,True,67,6,768,Standard,128,Medium,6,Large,47348,120,1080,2400,394,Ultra HD,3,1,64,16,80,192,android,False,0,Poco F3 GT,67.0
930,honor,Honor 50,Mid-range,32990,85,True,True,False,snapdragon 778g,snapdragon,8,2,19,4300,283800,654,Medium,True,66,6,768,Standard,128,Medium,6,Large,47072,120,1080,2340,392,Ultra HD,4,1,108,32,140,432,android,False,0,Honor 50,66.0
931,oppo,OPPO A54 (6GB RAM + 128GB),Budget,14999,74,False,False,False,helio p35,helio,8,2,18,5000,0,768,Large,True,0,6,768,Standard,128,Medium,6,Large,16170,60,1600,720,269,HD,3,1,13,16,29,39,android,True,256,OPPO A54 (6GB RAM + 128GB),
932,realme,Realme 8i,Budget,12499,74,False,False,False,helio g96,helio,8,2,16,5000,90000,757,Large,True,18,4,256,Low RAM,64,Low,6,Large,48050,120,1080,2412,400,Ultra HD,3,1,50,16,66,150,android,True,256,Realme 8i,18.0
933,iqoo,iQOO 7 Legend,Mid-range,39990,84,True,True,False,snapdragon 888,snapdragon,8,2,22,4000,264000,604,Medium,True,66,8,1024,Standard,128,Medium,6,Large,47706,120,1080,2400,397,Ultra HD,3,1,48,16,64,144,android,False,0,iQOO 7 Legend,66.0
934,realme,Realme C11 2021,Budget,6499,61,False,False,False,sc9863a,sc9863a,8,1,12,5000,-5000,766,Large,False,-1,2,64,Low RAM,32,Low,6,Large,16146,60,720,1600,269,Full HD,1,1,8,5,13,8,android,True,256,Realme C11 2021,
935,samsung,Samsung Galaxy A22,Budget,18499,76,False,False,False,helio g80,helio,8,2,16,5000,75000,781,Large,True,15,6,768,Standard,128,Medium,6,Medium,16448,60,720,1600,274,Full HD,4,1,48,13,61,192,android,True,1024,Samsung Galaxy A22,15.0
936,realme,Realme GT 5G,Mid-range,30994,85,True,True,False,snapdragon 888,snapdragon,8,2,22,4500,292500,699,Medium,True,65,8,1024,Standard,128,Medium,6,Medium,49116,120,1080,2400,409,Ultra HD,3,1,64,16,80,192,android,False,0,Realme GT 5G,65.0
937,google,Google Pixel 5A,Mid-range,32999,78,True,True,False,snapdragon 765g,snapdragon,8,2,19,4620,83160,728,Medium,True,18,6,768,Standard,128,Medium,6,Medium,24906,60,1080,2400,415,Ultra HD,2,1,16,8,24,32,android,False,0,Google Pixel 5A,18.0
938,samsung,Samsung Galaxy F12,Budget,10499,73,False,False,False,exynos 850,exynos,8,2,16,6000,90000,923,Large,True,15,4,256,Low RAM,64,Low,6,Large,24293,90,720,1600,269,Full HD,4,1,48,8,56,192,android,True,512,Samsung Galaxy F12,15.0
939,samsung,Samsung Galaxy F41 (6GB RAM + 128GB),Budget,19999,82,False,False,False,exynos 9611,exynos,8,2,18,6000,90000,937,Large,True,15,6,768,Standard,128,Medium,6,Medium,24161,60,1080,2340,402,Ultra HD,3,1,64,32,96,192,android,True,512,Samsung Galaxy F41 (6GB RAM + 128GB),15.0
940,samsung,Samsung Galaxy A21s (6GB RAM + 128GB),Budget,17499,75,False,False,False,exynos 850,exynos,8,2,16,5000,-5000,769,Large,False,-1,6,768,Standard,128,Medium,6,Large,16195,60,720,1600,269,Full HD,4,1,48,13,61,192,android,True,512,Samsung Galaxy A21s (6GB RAM + 128GB),
941,xiaomi,Xiaomi Redmi 9A (6GB RAM + 128GB),Budget,10990,69,False,False,False,helio g25,helio,8,2,16,5000,-5000,765,Large,False,-1,6,768,Standard,128,Medium,6,Large,16121,60,720,1600,268,Full HD,1,1,13,5,18,13,android,True,512,Xiaomi Redmi 9A (6GB RAM + 128GB),
942,vivo,Vivo V20 SE,Budget,19000,82,False,False,False,snapdragon 665,snapdragon,8,2,16,4100,135300,636,Medium,True,33,8,1024,Standard,128,Medium,6,Medium,24519,60,1080,2400,408,Ultra HD,3,1,48,32,80,144,android,True,256,Vivo V20 SE,33.0
943,oppo,OPPO A53 2020 (6GB RAM + 128GB),Budget,13990,70,False,False,False,snapdragon 460,snapdragon,8,1,14,5000,90000,769,Large,True,18,6,768,Standard,128,Medium,6,Large,24293,90,1600,720,269,HD,3,1,13,16,29,39,android,True,256,OPPO A53 2020 (6GB RAM + 128GB),18.0
944,realme,Realme Narzo 20,Budget,10499,72,False,False,False,helio g85,helio,8,2,16,6000,108000,923,Large,True,18,4,256,Low RAM,64,Low,6,Large,16195,60,720,1600,269,Full HD,3,1,48,8,56,144,android,True,256,Realme Narzo 20,18.0
945,itel,itel Vision 1 (3GB RAM + 32GB),Budget,5890,61,False,False,False,unisoc a55,unisoc,8,1,12,4000,-4000,656,Medium,False,-1,3,96,Low RAM,32,Low,6,Medium,16570,60,1520,720,276,HD,2,1,8,5,13,16,android,True,128,itel Vision 1 (3GB RAM + 32GB),
946,realme,Realme C11,Budget,6490,61,False,False,False,helio g35,helio,8,2,18,5000,-5000,769,Large,False,-1,2,64,Low RAM,32,Low,6,Large,16195,60,720,1600,269,Full HD,2,1,13,5,18,26,android,True,256,Realme C11,
947,xiaomi,Xiaomi Mi 10 5G (8GB RAM + 256GB),Premium,54999,88,True,True,True,snapdragon 865,snapdragon,8,2,22,4780,143400,716,Medium,True,30,8,2048,Standard,256,High,6,Large,34774,90,1080,2340,386,Ultra HD,4,1,108,20,128,432,android,False,0,Xiaomi Mi 10 5G (8GB RAM + 256GB),30.0
948,vivo,Vivo Y21 (2020),Budget,9990,65,False,False,False,snapdragon 450,snapdragon,8,1,14,5000,-5000,769,Large,False,-1,4,256,Low RAM,64,Low,6,Large,15725,60,720,1544,262,Full HD,2,1,13,13,26,26,android,True,256,Vivo Y21 (2020),
949,oneplus,OnePlus Z,Mid-range,24999,79,False,False,False,snapdragon 765g,snapdragon,8,2,19,4300,129000,656,Medium,True,30,8,1024,Standard,128,Medium,6,Large,36162,90,1080,2400,401,Ultra HD,3,1,64,16,80,192,android,False,0,OnePlus Z,30.0
950,sharp,Sharp Aquos R5G,Premium,59990,88,False,True,False,snapdragon 865,snapdragon,8,2,22,3730,0,573,Small,True,0,12,3072,High RAM,256,High,6,Large,32122,60,1440,3168,535,Ultra HD,3,1,48,16,64,144,android,True,1024,Sharp Aquos R5G,
951,huawei,Huawei Mate 30 RS Porsche Design,Premium,214990,82,True,True,True,kirin 990,kirin,8,2,22,4500,0,689,Medium,True,0,12,6144,High RAM,512,High,6,Large,24557,60,1176,2400,409,Ultra HD,4,2,40,32,72,160,android,True,256,Huawei Mate 30 RS Porsche Design,
952,samsung,Samsung Galaxy A11,Budget,9990,63,False,False,False,snapdragon,snapdragon,8,1,14,4000,60000,625,Medium,True,15,2,64,Low RAM,32,Low,6,Medium,16107,60,720,1560,268,Full HD,3,1,13,8,21,39,android,True,512,Samsung Galaxy A11,15.0
953,realme,Realme C2,Budget,6999,78,False,False,False,helio p22,helio,8,2,16,4000,-4000,655,Medium,False,-1,2,32,Low RAM,16,Low,6,Medium,16899,60,1560,720,281,HD,2,1,13,5,18,26,android,True,256,Realme C2,
954,huawei,Huawei Mate X,Premium,169000,82,True,True,True,kirin 990,kirin,8,2,22,4500,247500,562,Medium,True,55,8,4096,Standard,512,High,8,Large,24863,60,2200,2480,414,Ultra HD,4,1,48,16,64,192,android,False,0,Huawei Mate X,55.0
955,samsung,Samsung Galaxy A9 Pro (2019),Mid-range,39990,78,False,True,False,snapdragon 710,snapdragon,8,2,17,3400,0,531,Small,True,0,6,768,Standard,128,Medium,6,Medium,24161,60,1080,2340,402,Ultra HD,3,1,24,24,48,72,android,True,512,Samsung Galaxy A9 Pro (2019),
956,samsung,Samsung Galaxy A7 (2018),Mid-range,21490,70,False,False,False,exynos 7885,exynos,8,2,17,3300,-3300,550,Small,False,-1,4,256,Low RAM,64,Low,6,Medium,24687,60,2220,1080,411,Full HD,3,1,24,24,48,72,android,True,512,Samsung Galaxy A7 (2018),
957,vivo,Vivo Y55S,Budget,13490,79,False,False,False,snapdragon 425,snapdragon,4,1,4,2730,-2730,525,Small,False,-1,3,48,Low RAM,16,Low,5,Compact,16945,60,720,1280,282,Full HD,1,1,13,5,18,13,android,True,256,Vivo Y55S,
958,poco,Poco C55,Budget,7999,70,False,False,False,helio g85,helio,8,2,16,5000,-5000,745,Large,False,-1,4,256,Low RAM,64,Low,6,Large,16097,60,720,1650,268,Full HD,2,1,50,5,55,100,android,True,512,Poco C55,
959,blackview,Blackview BV5200 Pro,Budget,8990,67,True,True,False,helio g35,helio,8,2,18,5180,51800,849,Large,True,10,4,256,Low RAM,64,Low,6,Medium,16899,60,720,1560,281,Full HD,2,1,13,8,21,26,android,True,256,Blackview BV5200 Pro,10.0
960,honor,Honor X7a,Budget,13999,75,False,False,False,helio g37,helio,8,2,18,5000,110000,740,Large,True,22,6,768,Standard,128,Medium,6,Large,23393,90,720,1600,259,Full HD,4,1,50,8,58,200,android,True,256,Honor X7a,22.0
961,oppo,OPPO A58x,Budget,13990,72,True,False,False,dimensity 700 5g,dimensity,8,2,17,5000,50000,762,Large,True,10,6,768,Standard,128,Medium,6,Large,24221,90,720,1612,269,Full HD,2,1,13,8,21,26,android,True,1024,OPPO A58x,10.0
962,doogee,Doogee S99,Budget,14999,84,False,True,False,helio g96,helio,8,2,16,6000,198000,952,Large,True,33,8,1024,Standard,128,Medium,6,Medium,24544,60,1080,2340,409,Ultra HD,3,1,108,32,140,324,android,True,1024,Doogee S99,33.0
963,lava,Lava X3,Budget,6999,73,False,False,False,helio a22,helio,4,2,8,4000,-4000,615,Medium,False,-1,3,96,Low RAM,32,Low,6,Large,16195,60,1600,720,269,HD,2,1,8,5,13,16,android,True,512,Lava X3,
964,motorola,Motorola Edge 40 Fusion,Premium,42990,87,True,True,False,snapdragon 8+ gen1,snapdragon,8,3,25,4500,306000,674,Medium,True,68,8,1024,Standard,128,Medium,6,Large,56818,144,1080,2400,394,Ultra HD,3,1,50,32,82,150,android,False,0,Motorola Edge 40 Fusion,68.0
965,ikall,iKall Z18,Budget,6799,61,False,False,False,snapdragon,snapdragon,4,1,5,5000,-5000,733,Large,False,-1,4,256,Low RAM,64,Low,6,Large,15115,60,720,1560,251,Full HD,1,1,20,13,33,20,android,True,64,iKall Z18,
966,oukitel,Oukitel WP9,Mid-range,25899,72,False,True,False,helio p60,helio,8,2,16,8000,-8000,1365,Large,False,-1,6,768,Standard,128,Medium,5,Compact,17220,60,720,1520,287,Full HD,3,1,16,8,24,48,android,True,256,Oukitel WP9,
967,xiaomi,Xiaomi 14,Premium,54999,89,True,True,True,snapdragon 8 gen2,snapdragon,8,3,25,5000,335000,777,Large,True,67,12,3072,High RAM,256,High,6,Medium,65488,120,1440,3200,545,Ultra HD,3,1,50,32,82,150,android,False,0,Xiaomi 14,67.0
968,motorola,Motorola ThinkPhone,Premium,49990,89,True,True,False,snapdragon 8+ gen1,snapdragon,8,3,25,5000,340000,757,Large,True,68,8,1024,Standard,128,Medium,6,Large,57421,144,1080,2400,398,Ultra HD,3,2,50,32,82,150,android,False,0,Motorola ThinkPhone,68.0
969,xiaomi,Xiaomi Civi 3,Mid-range,32990,86,True,True,True,dimensity 8200,dimensity,8,3,24,5000,400000,746,Large,True,80,8,2048,Standard,256,High,6,Large,47136,120,1080,2400,392,Ultra HD,3,2,64,32,96,192,android,False,0,Xiaomi Civi 3,80.0
970,realme,Realme Narzo 50i Prime (4GB RAM + 64GB),Budget,8720,64,False,False,False,tiger t612,tiger,8,1,14,5000,50000,769,Large,True,10,4,256,Low RAM,64,Low,6,Large,16195,60,720,1600,269,Full HD,1,1,8,5,13,8,android,True,1024,Realme Narzo 50i Prime (4GB RAM + 64GB),10.0
971,oppo,Oppo Find X6,Premium,69990,89,True,True,False,snapdragon 8 gen2,snapdragon,8,3,25,4700,564000,698,Medium,True,120,8,2048,Standard,256,High,6,Large,46926,120,1080,2400,391,Ultra HD,3,1,50,32,82,150,android,False,0,Oppo Find X6,120.0
972,itel,itel A23s,Budget,4787,61,False,False,False,spreadtrum sc9832e,spreadtrum,4,1,5,3020,-3020,604,Small,False,-1,2,64,Low RAM,32,Low,5,Compact,11755,60,854,480,195,HD,1,1,2,16,18,2,android,False,0,itel A23s,
973,google,Google Pixel 8 Pro,Premium,70990,80,True,True,False,google tensor 3,google,8,2,18,5000,335000,742,Large,True,67,12,3072,High RAM,256,High,6,Large,61270,120,1440,3120,510,Ultra HD,3,1,50,12,62,150,android,False,0,Google Pixel 8 Pro,67.0
974,vivo,Vivo X Fold 2,Premium,119990,79,True,True,False,snapdragon 8 gen2,snapdragon,8,3,25,4800,316800,597,Medium,True,66,12,3072,High RAM,256,High,8,Large,43148,120,1916,2160,359,Ultra HD,3,1,50,32,82,150,android,False,0,Vivo X Fold 2,66.0
975,motorola,Motorola Moto Edge S30 Pro,Mid-range,34990,83,True,False,False,snapdragon 8 gen1,snapdragon,8,3,24,5000,340000,749,Large,True,68,8,1024,Standard,128,Medium,6,Large,48335,120,1080,2460,402,Ultra HD,3,1,64,16,80,192,android,False,0,Motorola Moto Edge S30 Pro,68.0
976,honor,Honor X8 5G,Budget,14990,75,True,False,False,snapdragon 480+,snapdragon,8,2,17,5000,110000,769,Large,True,22,6,768,Standard,128,Medium,6,Large,16195,60,720,1600,269,Full HD,3,1,48,8,56,144,android,True,1024,Honor X8 5G,22.0
977,poco,POCO X4 GT 5G (8GB RAM + 256GB),Mid-range,28990,85,True,True,True,dimensity 8100,dimensity,8,2,22,5080,340360,769,Large,True,67,8,2048,Standard,256,High,6,Large,58617,144,1080,2460,407,Ultra HD,3,1,64,16,80,192,android,False,0,POCO X4 GT 5G (8GB RAM + 256GB),67.0
978,motorola,Motorola Moto G91 5G,Budget,19990,80,True,True,False,snapdragon 695,snapdragon,8,2,17,5000,0,735,Large,True,0,6,768,Standard,128,Medium,6,Large,23221,60,1080,2400,387,Ultra HD,3,1,108,32,140,324,android,True,1024,Motorola Moto G91 5G,
979,samsung,Samsung Galaxy M52s 5G,Mid-range,24990,74,True,False,False,snapdragon,snapdragon,8,2,18,5000,0,769,Large,True,0,8,1024,Standard,128,Medium,6,Large,24293,60,1080,2400,404,Ultra HD,3,1,64,32,96,192,android,True,1024,Samsung Galaxy M52s 5G,
