brand_name,model,price_segment,price,rating,has_5g,has_nfc,has_ir_blaster,processor_name,processor_brand,num_cores,processor_speed,performance_score,battery_capacity,battery_score,battery_density,battery_type,fast_charging_available,fast_charging,ram_capacity,memory_power,ram_category,internal_memory,storage_category,screen_size,screen_category,display_score,refresh_rate,resolution_width,resolution_height,pixel_per_inches,resolution_type,num_rear_cameras,num_front_cameras,primary_rear_camera_mp,primary_front_camera_mp,total_camera_mp,camera_score,os,extended_memory,extended_upto
oneplus,OnePlus 11 5G,Premium,54999,89,TRUE,TRUE,FALSE,Snapdragon 8 Gen2,snapdragon,8,3,25,5000,500000,746,Large,TRUE,100,12,3072,High RAM,256,High,6,Large,63110,120,1440,3216,525,Ultra HD,3,1,50,16,66,150,android,FALSE,0
oneplus,OnePlus Nord CE 2 Lite 5G,Budget,19989,81,TRUE,FALSE,FALSE,Snapdragon 695,snapdragon,8,2,17,5000,165000,758,Large,TRUE,33,6,768,Standard,128,Medium,6,Large,48122,120,1080,2412,401,Ultra HD,3,1,64,16,80,192,android,TRUE,1024
samsung,Samsung Galaxy A14 5G,Budget,16499,75,TRUE,FALSE,FALSE,Exynos 1330,exynos,8,2,19,5000,75000,757,Large,TRUE,15,4,256,Low RAM,64,Low,6,Large,35987,90,1080,2408,399,Ultra HD,3,1,50,13,63,150,android,TRUE,1024
motorola,Motorola Moto G62 5G,Budget,14999,81,TRUE,FALSE,FALSE,Snapdragon  695,snapdragon,8,2,17,5000,0,763,Large,TRUE,0,6,768,Standard,128,Medium,6,Large,48216,120,1080,2400,401,Ultra HD,3,1,50,16,66,150,android,TRUE,1024
realme,Realme 10 Pro Plus,Mid-range,24999,82,TRUE,FALSE,FALSE,Dimensity 1080,dimensity,8,2,20,5000,335000,746,Large,TRUE,67,6,768,Standard,128,Medium,6,Large,47332,120,1080,2412,394,Ultra HD,3,1,108,16,124,324,android,FALSE,0
samsung,Samsung Galaxy F23 5G (6GB RAM + 128GB),Budget,16999,80,TRUE,TRUE,FALSE,Snapdragon  750G,snapdragon,8,2,17,5000,125000,757,Large,TRUE,25,6,768,Standard,128,Medium,6,Large,47983,120,1080,2408,399,Ultra HD,3,1,50,8,58,150,android,TRUE,1024
apple,Apple iPhone 14,Premium,65999,81,TRUE,TRUE,FALSE,Bionic A15,bionic,6,3,19,3279,0,537,Small,TRUE,0,6,768,Standard,128,Medium,6,Medium,27435,60,1170,2532,457,Ultra HD,2,1,12,12,24,24,ios,FALSE,0
xiaomi,Xiaomi Redmi Note 12 Pro Plus,Mid-range,29999,86,TRUE,FALSE,TRUE,Dimensity 1080,dimensity,8,2,20,4980,597600,746,Medium,TRUE,120,8,2048,Standard,256,High,6,Large,47348,120,1080,2400,394,Ultra HD,3,1,200,16,216,600,android,FALSE,0
nothing,Nothing Phone 1,Mid-range,26749,85,TRUE,TRUE,FALSE,Snapdragon 778G Plus,snapdragon,8,2,20,4500,148500,687,Medium,TRUE,33,8,1024,Standard,128,Medium,6,Large,48216,120,1080,2400,401,Ultra HD,2,1,50,16,66,100,android,FALSE,0
oneplus,OnePlus Nord 2T 5G,Mid-range,28999,84,TRUE,TRUE,FALSE,Dimensity  1300,dimensity,8,3,24,4500,360000,699,Medium,TRUE,80,8,1024,Standard,128,Medium,6,Medium,36837,90,1080,2400,409,Ultra HD,3,1,50,32,82,150,android,FALSE,0
realme,Realme 10 Pro,Budget,18999,82,TRUE,FALSE,FALSE,Snapdragon 695,snapdragon,8,2,17,5000,165000,744,Large,TRUE,33,6,768,Standard,128,Medium,6,Large,46996,120,1080,2400,391,Ultra HD,2,1,108,16,124,216,android,TRUE,1024
oppo,Oppo A78,Budget,18999,79,TRUE,TRUE,FALSE,Dimensity 700 5G,dimensity,8,2,17,5000,165000,762,Large,TRUE,33,8,1024,Standard,128,Medium,6,Large,24221,90,720,1612,269,Full HD,2,1,50,8,58,100,android,TRUE,256
xiaomi,Xiaomi Redmi Note 12 Pro 5G,Mid-range,24762,79,TRUE,FALSE,TRUE,Dimensity 1080,dimensity,8,2,20,5000,335000,749,Large,TRUE,67,6,768,Standard,128,Medium,6,Large,47348,120,1080,2400,394,Ultra HD,3,1,50,16,66,150,android,FALSE,0
vivo,Vivo T1 5G (6GB RAM + 128GB),Budget,16990,80,TRUE,FALSE,FALSE,Snapdragon  695,snapdragon,8,2,17,5000,90000,759,Large,TRUE,18,6,768,Standard,128,Medium,6,Large,48129,120,1080,2408,401,Ultra HD,3,1,50,16,66,150,android,TRUE,1024
samsung,Samsung Galaxy S23 Ultra 5G,Premium,114990,79,TRUE,TRUE,FALSE,Snapdragon 8 Gen2,snapdragon,8,3,25,5000,225000,735,Large,TRUE,45,8,2048,Standard,256,High,6,Large,60127,120,1440,3088,501,Ultra HD,4,1,200,12,212,800,android,FALSE,0
apple,Apple iPhone 13,Premium,62999,79,TRUE,TRUE,FALSE,Bionic A15,bionic,6,3,19,3240,0,531,Small,TRUE,0,4,512,Low RAM,128,Medium,6,Medium,27435,60,1170,2532,457,Ultra HD,2,1,12,12,24,24,ios,FALSE,0
vivo,Vivo Y16,Budget,9999,65,FALSE,FALSE,FALSE,Helio P35,helio,8,2,18,5000,50000,768,Large,TRUE,10,3,96,Low RAM,32,Low,6,Large,16170,60,720,1600,269,Full HD,2,1,13,5,18,26,android,TRUE,256
oppo,OPPO Reno 9 Pro Plus,Premium,45999,86,TRUE,TRUE,FALSE,Snapdragon 8+ Gen1,snapdragon,8,3,25,4700,376000,701,Medium,TRUE,80,16,4096,High RAM,256,High,6,Large,47332,120,1080,2412,394,Ultra HD,3,1,50,32,82,150,android,FALSE,0
oneplus,OnePlus 10R 5G,Mid-range,32999,86,TRUE,TRUE,FALSE,Dimensity 8100 Max,dimensity,8,2,22,5000,400000,746,Large,TRUE,80,8,1024,Standard,128,Medium,6,Large,47332,120,1080,2412,394,Ultra HD,3,1,50,16,66,150,android,FALSE,0
vivo,Vivo Y22,Budget,14499,72,FALSE,FALSE,FALSE,Helio G70,helio,8,2,16,5000,90000,763,Large,TRUE,18,4,256,Low RAM,64,Low,6,Large,16172,60,720,1612,269,Full HD,2,1,50,8,58,100,android,TRUE,1024
oneplus,OnePlus 11R,Mid-range,39999,85,TRUE,TRUE,FALSE,Snapdragon  8+ Gen1,snapdragon,8,3,25,5000,500000,746,Large,TRUE,100,8,1024,Standard,128,Medium,6,Large,47332,120,1080,2412,394,Ultra HD,3,1,50,16,66,150,android,FALSE,0
vivo,Vivo V25 Pro 5G,Mid-range,35999,85,TRUE,FALSE,FALSE,Dimensity 1300,dimensity,8,3,24,4830,318780,736,Medium,TRUE,66,8,1024,Standard,128,Medium,6,Large,47742,120,1080,2376,397,Ultra HD,3,1,64,32,96,192,android,FALSE,0
poco,Poco X4 Pro 5G,Budget,14999,80,TRUE,FALSE,TRUE,Snapdragon 695,snapdragon,8,2,17,5000,335000,749,Large,TRUE,67,6,384,Standard,64,Low,6,Large,47348,120,1080,2400,394,Ultra HD,3,1,64,16,80,192,android,TRUE,1024
xiaomi,Xiaomi Redmi Note 12,Budget,17859,76,TRUE,FALSE,TRUE,Snapdragon 4 Gen 1,snapdragon,8,2,16,5000,165000,749,Large,TRUE,33,4,512,Low RAM,128,Medium,6,Large,47348,120,1080,2400,394,Ultra HD,3,1,48,13,61,144,android,TRUE,1024
vivo,Vivo V26 Pro,Premium,42990,87,TRUE,TRUE,FALSE,Dimensity 9000 Plus,dimensity,8,3,25,4800,480000,716,Medium,TRUE,100,12,3072,High RAM,256,High,6,Large,47136,120,1080,2400,392,Ultra HD,3,1,64,32,96,192,android,FALSE,0
samsung,Samsung Galaxy S20 FE 5G,Mid-range,31239,88,TRUE,TRUE,FALSE,Snapdragon 865,snapdragon,8,2,22,4500,0,692,Medium,TRUE,0,8,1024,Standard,128,Medium,6,Large,48587,120,1080,2400,404,Ultra HD,3,1,12,32,44,36,android,TRUE,256
oneplus,OnePlus Nord CE 2 Lite 5G (8GB RAM + 128GB),Mid-range,21995,84,TRUE,FALSE,FALSE,Snapdragon 695,snapdragon,8,2,17,5000,165000,758,Large,TRUE,33,8,1024,Standard,128,Medium,6,Large,48122,120,1080,2412,401,Ultra HD,3,1,64,16,80,192,android,TRUE,1024
apple,Apple iPhone 14 Pro Max,Premium,129990,76,TRUE,TRUE,FALSE,Bionic  A16,bionic,6,2,13,4323,0,645,Medium,TRUE,0,6,768,Standard,128,Medium,6,Large,55150,120,1290,2796,459,Ultra HD,3,1,48,12,60,144,ios,FALSE,0
vivo,Vivo V25 5G,Mid-range,27999,83,TRUE,FALSE,FALSE,Dimensity  900,dimensity,8,2,16,4500,198000,698,Medium,TRUE,44,8,1024,Standard,128,Medium,6,Medium,36881,90,1080,2408,409,Ultra HD,3,1,64,50,114,192,android,TRUE,1024
oneplus,OnePlus 11 Pro,Premium,69999,84,TRUE,TRUE,FALSE,Snapdragon  8 Gen2,snapdragon,8,3,25,4500,450000,671,Medium,TRUE,100,8,1024,Standard,128,Medium,6,Large,63110,120,1440,3216,525,Ultra HD,3,1,50,16,66,150,android,FALSE,0
realme,Realme 10 Pro (8GB RAM + 128GB),Budget,19999,84,TRUE,FALSE,FALSE,Snapdragon 695,snapdragon,8,2,17,5000,165000,744,Large,TRUE,33,8,1024,Standard,128,Medium,6,Large,46996,120,1080,2400,391,Ultra HD,2,1,108,16,124,216,android,TRUE,1024
poco,Poco X5 Pro,Mid-range,20999,81,TRUE,TRUE,TRUE,Snapdragon 778G,snapdragon,8,2,19,5000,335000,749,Large,TRUE,67,6,768,Standard,128,Medium,6,Large,47348,120,1080,2400,394,Ultra HD,3,1,108,16,124,324,android,FALSE,0
vivo,Vivo V27,Mid-range,27990,83,TRUE,FALSE,FALSE,Dimensity  930,dimensity,8,2,17,4700,314900,716,Medium,TRUE,67,8,2048,Standard,256,High,6,Large,48142,120,1080,2400,401,Ultra HD,3,1,64,50,114,192,android,TRUE,256
apple,Apple iPhone 11,Mid-range,38999,73,FALSE,TRUE,FALSE,A13 Bionic,bionic,6,2,15,3110,-3110,509,Small,FALSE,-1,4,256,Low RAM,64,Low,6,Medium,19416,60,828,1792,323,Full HD,2,1,12,12,24,24,ios,FALSE,0
samsung,Samsung Galaxy M53 5G,Mid-range,23790,85,TRUE,FALSE,FALSE,Dimensity  900 5G,dimensity,8,2,19,5000,125000,746,Large,TRUE,25,6,768,Standard,128,Medium,6,Large,47136,120,1080,2400,392,Ultra HD,4,1,108,32,140,432,android,TRUE,1024
samsung,Samsung Galaxy S21 FE 5G,Mid-range,39999,87,TRUE,TRUE,FALSE,Exynos  2100,exynos,8,2,23,4500,112500,703,Medium,TRUE,25,8,1024,Standard,128,Medium,6,Medium,48322,120,1080,2340,402,Ultra HD,3,1,12,32,44,36,android,FALSE,0
oppo,Oppo Reno 8T,Mid-range,29990,87,TRUE,TRUE,FALSE,Snapdragon  695,snapdragon,8,2,17,5000,330000,749,Large,TRUE,66,8,2048,Standard,256,High,6,Large,47348,120,1080,2400,394,Ultra HD,3,1,108,16,124,324,android,TRUE,1024
samsung,Samsung Galaxy S22 Ultra 5G,Premium,91999,79,TRUE,TRUE,FALSE,Snapdragon  8 Gen1,snapdragon,8,3,24,5000,225000,735,Large,TRUE,45,12,3072,High RAM,256,High,6,Large,60000,120,1440,3080,500,Ultra HD,4,1,108,40,148,432,android,FALSE,0
xiaomi,Xiaomi Redmi Note 12 Pro Max 5G,Mid-range,32999,83,TRUE,FALSE,TRUE,Snapdragon  7 Gen1,snapdragon,8,2,18,5200,1092000,779,Large,TRUE,210,6,768,Standard,128,Medium,6,Large,48335,120,1080,2460,402,Ultra HD,4,1,108,32,140,432,android,TRUE,512
oppo,OPPO Reno 9 5G,Mid-range,28499,83,TRUE,TRUE,FALSE,Snapdragon 778G,snapdragon,8,2,19,4500,301500,671,Medium,TRUE,67,8,2048,Standard,256,High,6,Large,47332,120,1080,2412,394,Ultra HD,2,1,64,32,96,128,android,FALSE,0
oneplus,OnePlus Nord CE 3 5G,Mid-range,21999,83,TRUE,TRUE,FALSE,Snapdragon  695,snapdragon,8,2,17,5000,335000,746,Large,TRUE,67,6,768,Standard,128,Medium,6,Large,47332,120,1080,2412,394,Ultra HD,3,1,108,16,124,324,android,TRUE,1024
xiaomi,Xiaomi Redmi Note 11 Pro Plus 5G,Budget,19999,83,TRUE,FALSE,TRUE,Snapdragon  695,snapdragon,8,2,17,5000,335000,749,Large,TRUE,67,6,768,Standard,128,Medium,6,Large,47348,120,1080,2400,394,Ultra HD,3,1,108,16,124,324,android,TRUE,1024
motorola,Motorola Edge 20 Fusion 5G,Budget,18999,87,TRUE,TRUE,FALSE,Dimensity 800U,dimensity,8,2,19,5000,150000,749,Large,TRUE,30,6,768,Standard,128,Medium,6,Large,35511,90,1080,2400,394,Ultra HD,3,1,108,32,140,324,android,TRUE,1024
realme,Realme 10 Pro Plus (8GB RAM + 256GB),Mid-range,27999,85,TRUE,FALSE,FALSE,Dimensity 1080,dimensity,8,2,20,5000,335000,746,Large,TRUE,67,8,2048,Standard,256,High,6,Large,47332,120,1080,2412,394,Ultra HD,3,1,108,16,124,324,android,FALSE,0
vivo,Vivo Y35,Budget,18499,80,FALSE,FALSE,FALSE,Snapdragon 680,snapdragon,8,2,19,5000,220000,759,Large,TRUE,44,8,1024,Standard,128,Medium,6,Large,36097,90,1080,2408,401,Ultra HD,3,1,50,16,66,150,android,TRUE,1024
samsung,Samsung Galaxy M33 5G,Budget,17478,81,TRUE,TRUE,FALSE,Exynos  1280,exynos,8,2,19,6000,150000,909,Large,TRUE,25,6,768,Standard,128,Medium,6,Large,47851,120,1080,2400,398,Ultra HD,4,1,50,8,58,200,android,TRUE,1024
xiaomi,Xiaomi Redmi Note 11,Budget,11936,76,FALSE,FALSE,TRUE,Snapdragon  680,snapdragon,8,2,19,5000,165000,777,Large,TRUE,33,4,256,Low RAM,64,Low,6,Medium,36837,90,1080,2400,409,Ultra HD,4,1,50,13,63,200,android,TRUE,512
realme,Realme C33,Budget,8950,64,FALSE,FALSE,FALSE,Unisoc T612,unisoc,8,1,14,5000,-5000,769,Large,FALSE,-1,3,96,Low RAM,32,Low,6,Large,16195,60,720,1600,269,Full HD,2,1,50,5,55,100,android,TRUE,1024
vivo,Vivo Y16 (4GB RAM + 64GB),Budget,12489,68,FALSE,FALSE,FALSE,Helio P35,helio,8,2,18,5000,50000,768,Large,TRUE,10,4,256,Low RAM,64,Low,6,Large,16170,60,720,1600,269,Full HD,2,1,13,5,18,26,android,TRUE,256
samsung,Samsung Galaxy A74 5G,Premium,42999,79,TRUE,TRUE,FALSE,Snapdragon 7 Gen1,snapdragon,8,2,18,5000,165000,746,Large,TRUE,33,8,1024,Standard,128,Medium,6,Large,47332,120,1080,2412,394,Ultra HD,4,1,108,32,140,432,android,TRUE,1024
samsung,Samsung Galaxy A14 5G (6GB RAM + 128GB),Budget,18999,79,TRUE,FALSE,FALSE,Exynos 1330,exynos,8,2,19,5000,75000,757,Large,TRUE,15,6,768,Standard,128,Medium,6,Large,35987,90,1080,2408,399,Ultra HD,3,1,50,13,63,150,android,TRUE,1024
iqoo,iQOO Neo 7 5G,Mid-range,29999,82,TRUE,TRUE,TRUE,Dimensity 8200,dimensity,8,3,24,5000,600000,737,Large,TRUE,120,8,1024,Standard,128,Medium,6,Large,46580,120,1080,2400,388,Ultra HD,3,1,64,16,80,192,android,FALSE,0
jio,Jio JioPhone 5G,Budget,11990,64,TRUE,FALSE,FALSE,Snapdragon 480+,snapdragon,8,2,17,5000,90000,769,Large,TRUE,18,4,128,Low RAM,32,Low,6,Large,24293,90,720,1600,269,Full HD,1,1,13,8,21,13,android,TRUE,512
motorola,Motorola Moto G82 5G,Budget,18999,83,TRUE,TRUE,FALSE,Snapdragon 695,snapdragon,8,2,17,5000,150000,757,Large,TRUE,30,6,768,Standard,128,Medium,6,Large,47851,120,1080,2400,398,Ultra HD,3,1,50,16,66,150,android,TRUE,1024
realme,Realme 10,Budget,13999,74,FALSE,FALSE,FALSE,Helio G99,helio,8,2,17,5000,165000,781,Large,TRUE,33,4,256,Low RAM,64,Low,6,Medium,37009,90,1080,2400,411,Ultra HD,2,1,50,16,66,100,android,TRUE,1024
realme,Realme 9i 5G,Budget,14965,75,TRUE,FALSE,FALSE,Dimensity 810 5G,dimensity,8,2,19,5000,90000,757,Large,TRUE,18,4,256,Low RAM,64,Low,6,Large,35987,90,1080,2408,399,Ultra HD,3,1,50,8,58,150,android,TRUE,1024
apple,Apple iPhone 14 Plus,Premium,74999,82,TRUE,TRUE,FALSE,Bionic A15,bionic,6,3,19,4325,0,645,Medium,TRUE,0,6,768,Standard,128,Medium,6,Large,27406,60,1284,2778,456,Ultra HD,2,1,12,12,24,24,ios,FALSE,0
xiaomi,Xiaomi Redmi Note 10S,Budget,10999,78,FALSE,FALSE,TRUE,Helio G95,helio,8,2,16,5000,165000,777,Large,TRUE,33,6,384,Standard,64,Low,6,Medium,24558,60,1080,2400,409,Ultra HD,4,1,64,13,77,256,android,TRUE,512
samsung,Samsung Galaxy S23 Plus,Premium,84990,89,TRUE,TRUE,FALSE,Snapdragon 8 Gen2,snapdragon,8,3,25,4700,211500,712,Medium,TRUE,45,8,2048,Standard,256,High,6,Large,46858,120,1080,2340,390,Ultra HD,3,1,50,12,62,150,android,FALSE,0
motorola,Motorola Moto G32,Budget,10499,75,FALSE,FALSE,FALSE,Snapdragon 680,snapdragon,8,2,19,5000,165000,763,Large,TRUE,33,4,256,Low RAM,64,Low,6,Large,36162,90,1080,2400,401,Ultra HD,3,1,50,16,66,150,android,TRUE,1024
xiaomi,Xiaomi Redmi Note 13 Pro 5G,Budget,17990,78,TRUE,TRUE,TRUE,Dimensity 720,dimensity,8,2,16,5000,335000,749,Large,TRUE,67,6,768,Standard,128,Medium,6,Large,48335,120,1080,2460,402,Ultra HD,3,1,108,16,124,324,android,FALSE,0
vivo,Vivo S16,Mid-range,29990,85,TRUE,TRUE,FALSE,Snapdragon 870,snapdragon,8,3,25,4600,303600,678,Medium,TRUE,66,8,1024,Standard,128,Medium,6,Large,46580,120,1080,2400,388,Ultra HD,3,1,64,50,114,192,android,FALSE,0
samsung,Samsung Galaxy A23,Budget,18499,79,FALSE,FALSE,FALSE,Snapdragon  680,snapdragon,8,2,19,5000,125000,757,Large,TRUE,25,6,768,Standard,128,Medium,6,Large,23991,60,1080,2408,399,Ultra HD,4,1,50,8,58,200,android,TRUE,1024
vivo,Vivo Y22 (6GB RAM + 128GB),Budget,16499,75,FALSE,FALSE,FALSE,Helio G70,helio,8,2,16,5000,90000,763,Large,TRUE,18,6,768,Standard,128,Medium,6,Large,16172,60,720,1612,269,Full HD,2,1,50,8,58,100,android,TRUE,1024
poco,Poco M4 Pro 5G (6GB RAM + 128GB),Budget,14999,81,TRUE,FALSE,TRUE,Dimensity  810 5G,dimensity,8,2,19,5000,165000,757,Large,TRUE,33,6,768,Standard,128,Medium,6,Large,35888,90,1080,2400,398,Ultra HD,2,1,50,16,66,100,android,TRUE,1024
vivo,Vivo S16 Pro,Mid-range,35499,86,TRUE,TRUE,FALSE,Dimensity 8200,dimensity,8,3,24,4600,303600,678,Medium,TRUE,66,8,2048,Standard,256,High,6,Large,46580,120,1080,2400,388,Ultra HD,3,1,50,50,100,150,android,FALSE,0
oneplus,OnePlus 10 Pro 5G,Premium,60999,89,TRUE,TRUE,FALSE,Snapdragon  8 Gen1,snapdragon,8,3,24,5000,400000,746,Large,TRUE,80,8,1024,Standard,128,Medium,6,Large,63110,120,1440,3216,525,Ultra HD,3,1,50,32,82,150,android,FALSE,0
xiaomi,Xiaomi Redmi Note 12 Pro Plus (12GB RAM + 256GB),Mid-range,32999,87,TRUE,FALSE,TRUE,Dimensity 1080,dimensity,8,2,20,4980,597600,746,Medium,TRUE,120,12,3072,High RAM,256,High,6,Large,47348,120,1080,2400,394,Ultra HD,3,1,200,16,216,600,android,FALSE,0
samsung,Samsung Galaxy F23 5G,Budget,15999,78,TRUE,TRUE,FALSE,Snapdragon  750G,snapdragon,8,2,17,5000,125000,757,Large,TRUE,25,4,512,Low RAM,128,Medium,6,Large,47983,120,1080,2408,399,Ultra HD,3,1,50,8,58,150,android,TRUE,1024
oppo,Oppo Find N Fold,Premium,99990,80,TRUE,TRUE,FALSE,Snapdragon  8+ Gen1,snapdragon,8,3,25,5000,335000,704,Large,TRUE,67,8,2048,Standard,256,High,7,Large,44388,120,1792,1920,369,Full HD,2,1,50,16,66,100,other,FALSE,0
oppo,OPPO A17K,Budget,9499,62,FALSE,FALSE,FALSE,Helio G35,helio,8,2,18,5000,-5000,762,Large,FALSE,-1,3,192,Low RAM,64,Low,6,Large,16147,60,720,1612,269,Full HD,1,1,8,5,13,8,android,TRUE,1024
vivo,Vivo V23 5G (12GB RAM + 256GB),Mid-range,27994,86,TRUE,FALSE,FALSE,Dimensity  920 5G,dimensity,8,2,20,4200,184800,652,Medium,TRUE,44,12,3072,High RAM,256,High,6,Medium,36779,90,1080,2400,408,Ultra HD,3,2,64,50,114,192,android,TRUE,256
iqoo,iQOO Z6 Lite 5G,Budget,13989,75,TRUE,FALSE,FALSE,Snapdragon  4 Gen 1,snapdragon,8,2,16,5000,90000,759,Large,TRUE,18,4,256,Low RAM,64,Low,6,Large,48129,120,1080,2408,401,Ultra HD,2,1,50,8,58,100,android,TRUE,1024
oneplus,OnePlus 10T,Premium,44999,85,TRUE,TRUE,FALSE,Snapdragon 8+ Gen1,snapdragon,8,3,25,4800,720000,716,Medium,TRUE,150,8,1024,Standard,128,Medium,6,Large,47332,120,1080,2412,394,Ultra HD,3,1,50,16,66,150,android,FALSE,0
xiaomi,Xiaomi Redmi Note 10T 5G (6GB RAM +128GB),Budget,13999,79,TRUE,FALSE,TRUE,Dimensity 700,dimensity,8,2,17,5000,90000,769,Large,TRUE,18,6,768,Standard,128,Medium,6,Large,36440,90,1080,2400,404,Ultra HD,3,1,48,8,56,144,android,TRUE,1024
gionee,Gionee G13 Pro,Budget,6190,67,FALSE,FALSE,FALSE,Tiger  T310,tiger,4,2,8,3500,-3500,559,Small,FALSE,-1,4,128,Low RAM,32,Low,6,Medium,16816,60,720,1600,280,Full HD,2,1,13,5,18,26,other,TRUE,256
apple,Apple iPhone 13 Pro,Premium,119900,83,TRUE,TRUE,FALSE,Bionic A15,bionic,6,3,19,3095,0,507,Small,TRUE,0,6,768,Standard,128,Medium,6,Medium,54870,120,1170,2532,457,Ultra HD,3,1,12,12,24,36,ios,FALSE,0
oppo,OPPO F22 Pro,Mid-range,27660,83,TRUE,FALSE,FALSE,Snapdragon 6 Gen 1,snapdragon,8,2,17,4800,321600,729,Medium,TRUE,67,8,1024,Standard,128,Medium,6,Large,47996,120,1080,2400,399,Ultra HD,3,1,64,32,96,192,android,TRUE,1024
samsung,Samsung Galaxy A34 5G,Mid-range,24999,75,TRUE,TRUE,FALSE,Exynos 1280,exynos,8,2,18,5000,165000,769,Large,TRUE,33,6,768,Standard,128,Medium,6,Large,36440,90,1080,2400,404,Ultra HD,4,1,48,13,61,192,android,TRUE,1024
xiaomi,Xiaomi Redmi 10A (4GB RAM + 64GB),Budget,8388,66,FALSE,FALSE,FALSE,Helio  G25,helio,8,2,16,5000,-5000,765,Large,FALSE,-1,4,256,Low RAM,64,Low,6,Large,16121,60,720,1600,268,Full HD,1,1,13,5,18,13,android,TRUE,512
motorola,Motorola Moto G72 4G,Budget,15999,83,FALSE,TRUE,FALSE,Helio  G99,helio,8,2,17,5000,165000,763,Large,TRUE,33,6,768,Standard,128,Medium,6,Large,48216,120,1080,2400,401,Ultra HD,3,1,108,16,124,324,android,TRUE,256
samsung,Samsung Galaxy A14 5G (8GB RAM + 128GB),Mid-range,20999,82,TRUE,FALSE,FALSE,Exynos 1330,exynos,8,2,19,5000,75000,757,Large,TRUE,15,8,1024,Standard,128,Medium,6,Large,35987,90,1080,2408,399,Ultra HD,3,1,50,13,63,150,android,TRUE,1024
realme,Realme 9 5G,Budget,13999,75,TRUE,FALSE,FALSE,Dimensity  810 5G,dimensity,8,2,19,5000,90000,769,Large,TRUE,18,4,256,Low RAM,64,Low,6,Large,36440,90,1080,2400,404,Ultra HD,3,1,48,16,64,144,android,TRUE,1024
vivo,Vivo T1 5G (8GB RAM + 128GB),Budget,19990,83,TRUE,FALSE,FALSE,Snapdragon  695,snapdragon,8,2,17,5000,90000,759,Large,TRUE,18,8,1024,Standard,128,Medium,6,Large,48129,120,1080,2408,401,Ultra HD,3,1,50,16,66,150,android,TRUE,1024
samsung,Samsung Galaxy M13 5G,Budget,13999,75,TRUE,FALSE,FALSE,Dimensity 700,dimensity,8,2,17,5000,75000,769,Large,TRUE,15,6,768,Standard,128,Medium,6,Large,24293,90,720,1600,269,Full HD,2,1,50,5,55,100,android,TRUE,1024
motorola,Motorola Edge 30 5G,Mid-range,22999,83,TRUE,TRUE,FALSE,Snapdragon 778G+,snapdragon,8,2,20,4020,132660,618,Medium,TRUE,33,6,768,Standard,128,Medium,6,Large,58304,144,1080,2400,404,Ultra HD,3,1,50,32,82,150,android,FALSE,0
samsung,Samsung Galaxy A23 5G,Mid-range,22999,79,TRUE,FALSE,FALSE,Snapdragon 695,snapdragon,8,2,17,5000,125000,757,Large,TRUE,25,6,768,Standard,128,Medium,6,Large,47983,120,1080,2408,399,Ultra HD,4,1,50,8,58,200,android,TRUE,1024
oppo,OPPO K10 5G,Budget,16999,79,TRUE,FALSE,FALSE,Dimensity  810 5G,dimensity,8,2,19,5000,165000,762,Large,TRUE,33,8,1024,Standard,128,Medium,6,Large,24221,90,720,1612,269,Full HD,2,1,48,8,56,96,android,TRUE,1024
xiaomi,Xiaomi Redmi Note 11 (6GB RAM + 128GB),Budget,14290,80,FALSE,FALSE,TRUE,Snapdragon  680,snapdragon,8,2,19,5000,165000,777,Large,TRUE,33,6,768,Standard,128,Medium,6,Medium,36837,90,1080,2400,409,Ultra HD,4,1,50,13,63,200,android,TRUE,512
samsung,Samsung Galaxy A73 5G,Premium,41999,79,TRUE,TRUE,FALSE,Snapdragon 778G,snapdragon,8,2,19,5000,125000,746,Large,TRUE,25,8,1024,Standard,128,Medium,6,Large,47136,120,1080,2400,392,Ultra HD,4,1,108,32,140,432,android,TRUE,1024
vivo,Vivo Y21 2021,Budget,13489,69,FALSE,FALSE,FALSE,Helio P35,helio,8,2,18,5000,90000,768,Large,TRUE,18,4,256,Low RAM,64,Low,6,Large,16170,60,720,1600,269,Full HD,2,1,13,8,21,26,android,TRUE,1024
oneplus,OnePlus Ace Racing Edition 5G,Mid-range,22990,83,TRUE,TRUE,FALSE,Dimensity 8100 Max,dimensity,8,2,22,5000,0,758,Large,TRUE,0,8,1024,Standard,128,Medium,6,Large,48122,120,1080,2412,401,Ultra HD,3,1,64,16,80,192,android,FALSE,0
motorola,Motorola Moto G62 (8GB RAM + 128GB),Budget,16499,84,TRUE,FALSE,FALSE,Snapdragon  695,snapdragon,8,2,17,5000,0,763,Large,TRUE,0,8,1024,Standard,128,Medium,6,Large,48216,120,1080,2400,401,Ultra HD,3,1,50,16,66,150,android,TRUE,1024
vivo,Vivo X90 Pro Plus 5G,Premium,73999,79,TRUE,TRUE,TRUE,Snapdragon 8 Gen2,snapdragon,8,3,25,4700,376000,693,Medium,TRUE,80,12,3072,High RAM,256,High,6,Large,62107,120,1440,3200,517,Ultra HD,4,1,3,32,35,12,android,FALSE,0
realme,Realme C33 (4GB RAM + 64GB),Budget,9999,67,FALSE,FALSE,FALSE,Unisoc T612,unisoc,8,1,14,5000,-5000,769,Large,FALSE,-1,4,256,Low RAM,64,Low,6,Large,16195,60,720,1600,269,Full HD,2,1,50,5,55,100,android,TRUE,1024
realme,Realme 9i,Budget,12499,75,FALSE,FALSE,FALSE,Snapdragon  680,snapdragon,8,2,19,5000,165000,757,Large,TRUE,33,4,256,Low RAM,64,Low,6,Large,36037,90,1080,2412,400,Ultra HD,3,1,50,16,66,150,android,TRUE,1024
oppo,OPPO A17,Budget,12499,72,FALSE,FALSE,FALSE,Helio G35,helio,8,2,18,5000,0,762,Large,TRUE,0,4,256,Low RAM,64,Low,6,Large,16147,60,720,1612,269,Full HD,2,1,50,5,55,100,android,TRUE,1024
iqoo,iQOO 11 5G,Premium,59999,88,TRUE,TRUE,FALSE,Snapdragon 8 Gen2,snapdragon,8,3,25,5000,600000,737,Large,TRUE,120,8,2048,Standard,256,High,6,Large,74529,144,1440,3200,517,Ultra HD,3,1,50,16,66,150,android,FALSE,0
vivo,Vivo X Fold 5G,Premium,106990,79,TRUE,TRUE,FALSE,Snapdragon 8 Gen1,snapdragon,8,3,24,4600,303600,572,Medium,TRUE,66,12,3072,High RAM,256,High,8,Large,43148,120,1916,2160,359,Ultra HD,4,1,50,16,66,200,android,FALSE,0
vivo,Vivo T1 5G,Budget,15990,78,TRUE,FALSE,FALSE,Snapdragon  695,snapdragon,8,2,17,5000,90000,759,Large,TRUE,18,4,512,Low RAM,128,Medium,6,Large,48129,120,1080,2408,401,Ultra HD,3,1,50,16,66,150,android,TRUE,1024
apple,Apple iPhone 14 Pro,Premium,119990,75,TRUE,TRUE,FALSE,Bionic  A16,bionic,6,2,13,3200,0,524,Small,TRUE,0,6,768,Standard,128,Medium,6,Medium,55373,120,1179,2556,461,Ultra HD,3,1,48,12,60,144,ios,FALSE,0
xiaomi,Xiaomi Redmi Note 11 Pro Max 5G,Budget,19999,83,TRUE,FALSE,TRUE,Snapdragon 778G,snapdragon,8,2,19,5200,171600,779,Large,TRUE,33,6,768,Standard,128,Medium,6,Large,47348,120,1080,2400,394,Ultra HD,4,1,108,32,140,432,android,TRUE,512
motorola,Motorola Moto S30 Pro,Mid-range,23990,83,TRUE,FALSE,FALSE,Snapdragon 888+,snapdragon,8,2,23,4400,299200,671,Medium,TRUE,68,8,1024,Standard,128,Medium,6,Large,59064,144,1080,2460,410,Ultra HD,3,1,50,32,82,150,android,FALSE,0
realme,Realme 10s,Budget,12999,80,TRUE,FALSE,FALSE,Dimensity 810 5G,dimensity,8,2,19,5000,165000,757,Large,TRUE,33,8,1024,Standard,128,Medium,6,Large,35987,90,1080,2408,399,Ultra HD,2,1,50,8,58,100,android,TRUE,1024
oppo,OPPO F19 Pro Plus 5G,Budget,19990,82,TRUE,FALSE,FALSE,Dimensity 800U,dimensity,8,2,19,4310,215500,670,Medium,TRUE,50,8,1024,Standard,128,Medium,6,Medium,24558,60,1080,2400,409,Ultra HD,4,1,48,16,64,192,android,TRUE,256
xiaomi,Xiaomi 13 Pro 5G,Premium,58990,80,TRUE,TRUE,TRUE,Snapdragon 8 Gen2,snapdragon,8,3,25,4820,578400,716,Medium,TRUE,120,8,1024,Standard,128,Medium,6,Large,62568,120,1440,3200,521,Ultra HD,3,1,50,32,82,150,android,FALSE,0
vivo,Vivo V27 Pro,Premium,43999,87,TRUE,FALSE,FALSE,Dimensity 9000 Plus,dimensity,8,3,25,5000,600000,742,Large,TRUE,120,12,3072,High RAM,256,High,6,Large,56312,144,1080,2400,391,Ultra HD,3,1,108,32,140,324,android,FALSE,0
samsung,Samsung Galaxy S22 5G,Premium,49999,86,TRUE,TRUE,FALSE,Snapdragon  8 Gen1,snapdragon,8,3,24,3700,92500,606,Small,TRUE,25,8,1024,Standard,128,Medium,6,Medium,50699,120,1080,2340,422,Ultra HD,3,1,50,10,60,150,android,FALSE,0
vivo,Vivo T1 44W (6GB RAM + 128GB),Budget,15999,79,FALSE,FALSE,FALSE,Snapdragon 680,snapdragon,8,2,19,5000,220000,776,Large,TRUE,44,6,768,Standard,128,Medium,6,Medium,24587,60,1080,2408,409,Ultra HD,3,1,50,16,66,150,android,TRUE,1024
oneplus,OnePlus 10R 5G (12GB RAM + 256GB),Mid-range,36999,87,TRUE,TRUE,FALSE,Dimensity 8100 Max,dimensity,8,2,22,5000,400000,746,Large,TRUE,80,12,3072,High RAM,256,High,6,Large,47332,120,1080,2412,394,Ultra HD,3,1,50,16,66,150,android,FALSE,0
tecno,Tecno Phantom X2,Mid-range,39999,85,TRUE,TRUE,FALSE,Dimensity 9000,dimensity,8,3,24,5160,232200,758,Large,TRUE,45,8,2048,Standard,256,High,6,Large,46443,120,1080,2400,387,Ultra HD,3,1,64,32,96,192,android,FALSE,0
apple,Apple iPhone 12,Premium,51999,74,TRUE,TRUE,FALSE,Bionic A14,bionic,6,3,18,5000,-5000,819,Large,FALSE,-1,4,256,Low RAM,64,Low,6,Medium,27435,60,1170,2532,457,Ultra HD,2,1,12,12,24,24,ios,FALSE,0
xiaomi,Xiaomi Redmi K50i 5G,Mid-range,22999,82,TRUE,FALSE,TRUE,Dimensity  8100,dimensity,8,2,22,5080,340360,769,Large,TRUE,67,6,768,Standard,128,Medium,6,Large,58617,144,1080,2460,407,Ultra HD,3,1,64,16,80,192,android,FALSE,0
samsung,Samsung Galaxy A53 5G,Mid-range,31999,87,TRUE,TRUE,FALSE,Exynos 1280,exynos,8,2,19,5000,125000,769,Large,TRUE,25,6,768,Standard,128,Medium,6,Large,48587,120,1080,2400,404,Ultra HD,4,1,64,32,96,256,android,TRUE,1024
xiaomi,Xiaomi Redmi A1,Budget,6171,80,FALSE,FALSE,FALSE,Helio A22,helio,4,2,8,5000,50000,766,Large,TRUE,10,2,64,Low RAM,32,Low,6,Large,16146,60,720,1600,269,Full HD,2,1,8,5,13,16,android,TRUE,512
oppo,OPPO Reno8 5G,Mid-range,29340,83,TRUE,TRUE,FALSE,Dimensity 1300,dimensity,8,3,24,4500,360000,699,Medium,TRUE,80,8,1024,Standard,128,Medium,6,Medium,36837,90,1080,2400,409,Ultra HD,3,1,50,32,82,150,android,FALSE,0
samsung,Samsung Galaxy M53 5G (8GB RAM + 128GB),Mid-range,25289,87,TRUE,FALSE,FALSE,Dimensity  900 5G,dimensity,8,2,19,5000,125000,746,Large,TRUE,25,8,1024,Standard,128,Medium,6,Large,47136,120,1080,2400,392,Ultra HD,4,1,108,32,140,432,android,TRUE,1024
iqoo,iQOO Z6 Pro 5G,Mid-range,21788,78,TRUE,FALSE,FALSE,Snapdragon  778G,snapdragon,8,2,19,4700,310200,729,Medium,TRUE,66,6,768,Standard,128,Medium,6,Medium,36830,90,1080,2404,409,Ultra HD,3,1,64,16,80,192,android,FALSE,0
tesla,Tesla Pi Phone,Premium,69999,83,TRUE,TRUE,FALSE,snapdragon,snapdragon,8,2,18,5000,600000,742,Large,TRUE,120,16,8192,High RAM,512,High,6,Large,65599,165,1080,2448,397,Ultra HD,3,1,50,32,82,150,android,FALSE,0
samsung,Samsung Galaxy S23,Premium,70990,88,TRUE,TRUE,FALSE,Snapdragon 8 Gen2,snapdragon,8,3,25,3900,97500,639,Small,TRUE,25,8,1024,Standard,128,Medium,6,Medium,50699,120,1080,2340,422,Ultra HD,3,1,50,12,62,150,android,FALSE,0
motorola,Motorola Edge 30 Pro 5G,Mid-range,34999,89,TRUE,TRUE,FALSE,Snapdragon 8 Gen1,snapdragon,8,3,24,4800,326400,716,Medium,TRUE,68,8,1024,Standard,128,Medium,6,Large,56564,144,1080,2400,392,Ultra HD,3,1,50,60,110,150,android,FALSE,0
oneplus,OnePlus Nord 2T (12GB RAM + 256GB),Mid-range,33900,85,TRUE,TRUE,FALSE,Dimensity  1300,dimensity,8,3,24,4500,360000,699,Medium,TRUE,80,12,3072,High RAM,256,High,6,Medium,36837,90,1080,2400,409,Ultra HD,3,1,50,32,82,150,android,FALSE,0
google,Google Pixel 6A,Mid-range,29999,71,TRUE,TRUE,FALSE,Google  Tensor,google,8,2,18,4410,0,718,Medium,TRUE,0,6,768,Standard,128,Medium,6,Medium,25717,60,1080,2400,428,Ultra HD,2,1,12,8,20,24,android,FALSE,0
infinix,Infinix Note 12 Pro 5G,Budget,18999,84,TRUE,FALSE,FALSE,Dimensity 810 5G,dimensity,8,2,19,5000,165000,746,Large,TRUE,33,8,1024,Standard,128,Medium,6,Large,23568,60,1080,2400,392,Ultra HD,3,1,108,16,124,324,android,TRUE,2048
samsung,Samsung Galaxy M33 5G (8GB RAM + 128GB),Budget,19499,84,TRUE,TRUE,FALSE,Exynos  1280,exynos,8,2,19,6000,150000,909,Large,TRUE,25,8,1024,Standard,128,Medium,6,Large,47851,120,1080,2400,398,Ultra HD,4,1,50,8,58,200,android,TRUE,1024
vivo,Vivo V23 5G,Mid-range,24994,83,TRUE,FALSE,FALSE,Dimensity  920 5G,dimensity,8,2,20,4200,184800,652,Medium,TRUE,44,8,1024,Standard,128,Medium,6,Medium,36779,90,1080,2400,408,Ultra HD,3,2,64,50,114,192,android,FALSE,0
motorola,Motorola Moto G42,Budget,10999,78,FALSE,TRUE,FALSE,Snapdragon 680,snapdragon,8,2,19,5000,100000,772,Large,TRUE,20,4,256,Low RAM,64,Low,6,Medium,24406,60,1080,2400,406,Ultra HD,3,1,50,16,66,150,android,TRUE,1024
oneplus,OnePlus Nord CE 2 Lite 5G (8GB RAM + 256GB),Mid-range,24999,85,TRUE,FALSE,FALSE,Snapdragon 695,snapdragon,8,2,17,5000,165000,758,Large,TRUE,33,8,2048,Standard,256,High,6,Large,48122,120,1080,2412,401,Ultra HD,3,1,64,16,80,192,android,TRUE,1024
samsung,Samsung Galaxy A33 5G,Mid-range,25999,82,TRUE,TRUE,FALSE,Exynos  1280,exynos,8,2,19,5000,125000,781,Large,TRUE,25,6,768,Standard,128,Medium,6,Medium,37009,90,1080,2400,411,Ultra HD,4,1,48,13,61,192,android,TRUE,1024
google,Google Pixel 7A,Mid-range,34990,69,TRUE,TRUE,FALSE,Google  Tensor,google,8,2,18,4410,0,722,Medium,TRUE,0,6,768,Standard,128,Medium,6,Medium,38829,90,1080,2400,431,Ultra HD,2,1,12,8,20,24,android,FALSE,0
xiaomi,Xiaomi Redmi 11 Prime 5G,Budget,13466,74,TRUE,FALSE,TRUE,Dimensity 700 5G,dimensity,8,2,17,5000,90000,759,Large,TRUE,18,4,256,Low RAM,64,Low,6,Large,36097,90,1080,2408,401,Ultra HD,2,1,50,5,55,100,android,TRUE,512
xiaomi,Xiaomi Redmi Note 10 Lite,Budget,9999,76,FALSE,FALSE,TRUE,Snapdragon 720G,snapdragon,8,2,18,5020,90360,752,Large,TRUE,18,4,256,Low RAM,64,Low,6,Large,23674,60,1080,2400,394,Ultra HD,4,1,48,16,64,192,android,TRUE,512
motorola,Motorola Moto E40,Budget,7999,71,FALSE,FALSE,FALSE,Tiger T700,tiger,8,1,14,5000,-5000,769,Large,FALSE,-1,4,256,Low RAM,64,Low,6,Large,24293,90,720,1600,269,Full HD,3,1,48,8,56,144,android,TRUE,1024
nothing,Nothing Phone 1 (8GB RAM + 256GB),Mid-range,28249,86,TRUE,TRUE,FALSE,Snapdragon 778G Plus,snapdragon,8,2,20,4500,148500,687,Medium,TRUE,33,8,2048,Standard,256,High,6,Large,48216,120,1080,2400,401,Ultra HD,2,1,50,16,66,100,android,FALSE,0
poco,Poco X4 Pro 5G (6GB RAM + 128GB),Budget,16499,82,TRUE,FALSE,TRUE,Snapdragon 695,snapdragon,8,2,17,5000,335000,749,Large,TRUE,67,6,768,Standard,128,Medium,6,Large,47348,120,1080,2400,394,Ultra HD,3,1,64,16,80,192,android,TRUE,1024
xiaomi,Xiaomi Redmi Note 11 Pro Plus 5G (8GB RAM + 256GB),Mid-range,22999,87,TRUE,FALSE,TRUE,Snapdragon  695,snapdragon,8,2,17,5000,335000,749,Large,TRUE,67,8,2048,Standard,256,High,6,Large,47348,120,1080,2400,394,Ultra HD,3,1,108,16,124,324,android,TRUE,1024
apple,Apple iPhone 11 (128GB),Premium,46999,75,FALSE,TRUE,FALSE,A13 Bionic,bionic,6,2,15,3110,-3110,509,Small,FALSE,-1,4,512,Low RAM,128,Medium,6,Medium,19416,60,828,1792,323,Full HD,2,1,12,12,24,24,ios,FALSE,0
realme,Realme C35 (6GB RAM + 128GB),Budget,13999,74,FALSE,FALSE,FALSE,Tiger  T616,tiger,8,1,14,5000,90000,757,Large,TRUE,18,6,768,Standard,128,Medium,6,Large,35987,90,1080,2408,399,Ultra HD,3,1,50,8,58,150,android,TRUE,1024
oppo,OPPO K10,Budget,13490,78,FALSE,FALSE,FALSE,Snapdragon 680,snapdragon,8,2,19,5000,165000,758,Large,TRUE,33,6,768,Standard,128,Medium,6,Large,36092,90,1080,2412,401,Ultra HD,3,1,50,16,66,150,android,TRUE,1024
iqoo,iQOO Neo 6 5G,Mid-range,28999,82,TRUE,FALSE,TRUE,Snapdragon 870,snapdragon,8,3,25,4700,376000,709,Medium,TRUE,80,8,1024,Standard,128,Medium,6,Large,47706,120,1080,2400,397,Ultra HD,3,1,64,16,80,192,android,FALSE,0
iqoo,iQOO Z6 5G,Budget,15499,78,TRUE,FALSE,FALSE,Snapdragon  695,snapdragon,8,2,17,5000,90000,759,Large,TRUE,18,4,512,Low RAM,128,Medium,6,Large,48129,120,1080,2408,401,Ultra HD,3,1,50,16,66,150,android,TRUE,1024
oppo,OPPO Reno 9 Pro 5G,Mid-range,39999,86,TRUE,TRUE,FALSE,Dimensity 8100 Max,dimensity,8,2,22,4500,301500,671,Medium,TRUE,67,16,4096,High RAM,256,High,6,Large,47332,120,1080,2412,394,Ultra HD,2,1,50,32,82,100,android,FALSE,0
poco,Poco M4 Pro 5G,Budget,12999,76,TRUE,FALSE,TRUE,Dimensity  810 5G,dimensity,8,2,19,5000,165000,757,Large,TRUE,33,4,256,Low RAM,64,Low,6,Large,35888,90,1080,2400,398,Ultra HD,2,1,50,16,66,100,android,TRUE,1024
jio,Jio Phone 3,Budget,4499,64,FALSE,FALSE,FALSE,snapdragon,snapdragon,4,1,5,2800,-2800,560,Small,FALSE,-1,2,128,Low RAM,64,Low,5,Compact,17623,60,720,1280,293,Full HD,1,1,5,2,7,5,android,TRUE,128
oneplus,OnePlus Clover,Budget,14999,69,FALSE,FALSE,FALSE,Snapdragon 460,snapdragon,8,1,14,6000,108000,920,Large,TRUE,18,4,256,Low RAM,64,Low,6,Large,15811,60,720,1560,263,Full HD,3,1,13,8,21,39,android,TRUE,256
samsung,Samsung Galaxy F04,Budget,8499,68,FALSE,FALSE,FALSE,Helio P35,helio,8,2,18,5000,75000,769,Large,TRUE,15,4,256,Low RAM,64,Low,6,Large,16195,60,720,1600,269,Full HD,2,1,13,5,18,26,android,TRUE,1024
iqoo,iQOO 7,Mid-range,24990,83,TRUE,TRUE,FALSE,Snapdragon 870,snapdragon,8,3,25,4400,290400,664,Medium,TRUE,66,8,1024,Standard,128,Medium,6,Large,47706,120,1080,2400,397,Ultra HD,3,1,48,16,64,144,android,FALSE,0
samsung,Samsung Galaxy M34 5G,Budget,16999,84,TRUE,TRUE,FALSE,Exynos 1200,exynos,8,2,19,6000,150000,923,Large,TRUE,25,6,768,Standard,128,Medium,6,Large,48587,120,1080,2400,404,Ultra HD,4,1,64,32,96,256,android,TRUE,256
xiaomi,Xiaomi Redmi 10,Budget,9589,71,FALSE,FALSE,FALSE,Snapdragon 680,snapdragon,8,2,19,6000,108000,895,Large,TRUE,18,4,256,Low RAM,64,Low,6,Large,15712,60,720,1600,261,Full HD,2,1,50,5,55,100,android,TRUE,512
apple,Apple iPhone 12 Mini,Premium,40999,74,TRUE,TRUE,FALSE,Bionic A14,bionic,6,3,18,5000,-5000,925,Large,FALSE,-1,4,256,Low RAM,64,Low,5,Compact,28635,60,1080,2340,477,Ultra HD,2,1,12,12,24,24,ios,FALSE,0
xiaomi,Xiaomi Redmi Note 12 (6GB RAM + 128GB),Budget,19988,79,TRUE,FALSE,TRUE,Snapdragon 4 Gen 1,snapdragon,8,2,16,5000,165000,749,Large,TRUE,33,6,768,Standard,128,Medium,6,Large,47348,120,1080,2400,394,Ultra HD,3,1,48,13,61,144,android,TRUE,1024
motorola,Motorola Moto G52,Budget,11999,75,FALSE,TRUE,FALSE,Snapdragon 680,snapdragon,8,2,19,5000,165000,757,Large,TRUE,33,4,256,Low RAM,64,Low,6,Large,36635,90,2460,1080,407,Full HD,3,1,50,16,66,150,android,TRUE,256
apple,Apple iPhone 15 Pro Max,Premium,142990,79,TRUE,TRUE,FALSE,Bionic  A16,bionic,8,2,18,4352,108800,651,Medium,TRUE,25,8,2048,Standard,256,High,6,Large,54976,120,1284,2778,458,Ultra HD,3,1,50,12,62,150,ios,FALSE,0
oppo,Oppo A98,Mid-range,30990,87,TRUE,TRUE,FALSE,Snapdragon 8 Gen1,snapdragon,8,3,24,5000,335000,746,Large,TRUE,67,8,1024,Standard,128,Medium,6,Large,47332,120,1080,2412,394,Ultra HD,2,1,108,16,124,216,android,TRUE,1024
infinix,Infinix Zero 5G 2023,Budget,19499,85,TRUE,FALSE,FALSE,Dimensity 1080,dimensity,8,2,20,5000,165000,737,Large,TRUE,33,8,2048,Standard,256,High,6,Large,47551,120,1080,2460,396,Ultra HD,3,1,50,16,66,150,android,TRUE,256
realme,Realme C30,Budget,5299,78,FALSE,FALSE,FALSE,Tiger T612,tiger,8,1,14,5000,-5000,769,Large,FALSE,-1,2,64,Low RAM,32,Low,6,Large,16195,60,720,1600,269,Full HD,1,1,8,5,13,8,android,TRUE,1024
oppo,OPPO F21 Pro 5G,Mid-range,25969,82,TRUE,FALSE,FALSE,Snapdragon 695,snapdragon,8,2,17,4500,148500,699,Medium,TRUE,33,8,1024,Standard,128,Medium,6,Medium,24558,60,1080,2400,409,Ultra HD,3,1,64,16,80,192,android,TRUE,1024
realme,Realme 11 Pro,Mid-range,28999,82,TRUE,FALSE,FALSE,Snapdragon  8 Gen1,snapdragon,8,3,24,5000,325000,781,Large,TRUE,65,6,768,Standard,128,Medium,6,Medium,49346,120,1080,2400,411,Ultra HD,3,1,64,32,96,192,android,TRUE,256
oppo,Oppo Find N2 5G,Premium,94990,80,TRUE,TRUE,FALSE,Snapdragon 8+ Gen1,snapdragon,8,3,25,4520,302840,636,Medium,TRUE,67,12,3072,High RAM,256,High,7,Large,44388,120,1792,1920,369,Full HD,3,2,50,32,82,150,android,FALSE,0
realme,Realme 9 4G,Budget,14999,81,FALSE,FALSE,FALSE,Snapdragon 680,snapdragon,8,2,19,5000,165000,781,Large,TRUE,33,6,768,Standard,128,Medium,6,Medium,37009,90,1080,2400,411,Ultra HD,3,1,108,16,124,324,android,TRUE,256
cola,Cola Phone,Budget,14999,74,FALSE,FALSE,FALSE,Helio G99,helio,8,2,17,5000,165000,781,Large,TRUE,33,4,256,Low RAM,64,Low,6,Medium,37009,90,1080,2400,411,Ultra HD,2,1,50,16,66,100,android,TRUE,1024
apple,Apple iPhone 13 Pro Max,Premium,129900,84,TRUE,TRUE,FALSE,Bionic A15,bionic,6,3,19,4352,0,649,Medium,TRUE,0,6,768,Standard,128,Medium,6,Large,54812,120,1284,2778,456,Ultra HD,3,1,12,12,24,36,ios,FALSE,0
oppo,Oppo Reno 10 Pro Plus,Premium,58990,88,TRUE,TRUE,FALSE,Snapdragon 8 Gen2,snapdragon,8,3,25,4700,376000,698,Medium,TRUE,80,12,3072,High RAM,256,High,6,Large,47121,120,1080,2412,392,Ultra HD,4,1,64,32,96,256,android,FALSE,0
vivo,Vivo X90 5G,Premium,41990,88,TRUE,TRUE,TRUE,Dimensity 9200,dimensity,8,3,24,4810,577200,709,Medium,TRUE,120,8,1024,Standard,128,Medium,6,Large,54344,120,1260,2800,452,Ultra HD,3,1,50,32,82,150,android,FALSE,0
samsung,Samsung Galaxy F13,Budget,10999,74,FALSE,TRUE,FALSE,Exynos 850,exynos,8,2,16,6000,90000,909,Large,TRUE,15,4,256,Low RAM,64,Low,6,Large,23991,60,2408,1080,399,Full HD,3,1,50,8,58,150,android,TRUE,1024
xiaomi,Xiaomi Redmi Note 10S (6GB RAM + 128GB),Budget,11999,79,FALSE,FALSE,TRUE,Helio G95,helio,8,2,16,5000,165000,777,Large,TRUE,33,6,768,Standard,128,Medium,6,Medium,24558,60,1080,2400,409,Ultra HD,4,1,64,13,77,256,android,TRUE,512
realme,Realme 10 (8GB RAM + 128GB),Budget,16999,79,FALSE,FALSE,FALSE,Helio G99,helio,8,2,17,5000,165000,781,Large,TRUE,33,8,1024,Standard,128,Medium,6,Medium,37009,90,1080,2400,411,Ultra HD,2,1,50,16,66,100,android,TRUE,1024
iqoo,iQOO 9 SE 5G,Mid-range,30990,83,TRUE,TRUE,FALSE,Snapdragon  888,snapdragon,8,2,22,4500,297000,679,Medium,TRUE,66,8,1024,Standard,128,Medium,6,Large,47706,120,1080,2400,397,Ultra HD,3,1,48,16,64,144,android,FALSE,0
infinix,Infinix Hot 20,Budget,17999,75,TRUE,FALSE,FALSE,Dimensity 810,dimensity,8,2,19,5000,90000,757,Large,TRUE,18,4,256,Low RAM,64,Low,6,Large,47983,120,1080,2408,399,Ultra HD,2,1,50,8,58,100,android,TRUE,1024
letv,Letv Y1 Pro,Budget,5499,60,FALSE,FALSE,FALSE,Tiger T310,tiger,4,2,8,4000,-4000,611,Medium,FALSE,-1,4,128,Low RAM,32,Low,6,Large,15762,60,720,1560,262,Full HD,2,1,8,5,13,16,android,FALSE,0
xiaomi,Xiaomi Redmi Note 13 Pro Max 5G,Mid-range,20499,83,TRUE,FALSE,TRUE,Snapdragon  7 Gen1,snapdragon,8,2,18,5200,348400,779,Large,TRUE,67,6,768,Standard,128,Medium,6,Large,48335,120,1080,2460,402,Ultra HD,4,1,108,32,140,432,android,TRUE,512
realme,Realme Narzo 50 Pro 5G,Mid-range,20490,81,TRUE,FALSE,FALSE,Dimensity  920 5G,dimensity,8,2,20,5000,165000,781,Large,TRUE,33,6,768,Standard,128,Medium,6,Medium,37009,90,1080,2400,411,Ultra HD,3,1,48,16,64,144,android,TRUE,256
oppo,OPPO A74 5G,Budget,15490,77,TRUE,FALSE,FALSE,Snapdragon  480,snapdragon,8,2,16,5000,90000,769,Large,TRUE,18,6,768,Standard,128,Medium,6,Large,36440,90,1080,2400,404,Ultra HD,3,1,48,8,56,144,android,TRUE,256
apple,Apple iPhone 9,Mid-range,29990,61,FALSE,TRUE,FALSE,A13 Bionic,bionic,6,2,15,2050,0,436,Small,TRUE,0,3,192,Low RAM,64,Low,4,Compact,19536,60,750,1334,325,Full HD,1,1,12,7,19,12,ios,FALSE,0
iqoo,iQOO Z6 Lite (6GB RAM + 128GB),Budget,15499,79,TRUE,FALSE,FALSE,Snapdragon  4 Gen 1,snapdragon,8,2,16,5000,90000,759,Large,TRUE,18,6,768,Standard,128,Medium,6,Large,48129,120,1080,2408,401,Ultra HD,2,1,50,8,58,100,android,TRUE,1024
xiaomi,Xiaomi Redmi Note 11SE,Budget,11999,80,FALSE,FALSE,TRUE,Helio G95,helio,8,2,16,5000,165000,777,Large,TRUE,33,6,384,Standard,64,Low,6,Medium,24558,60,1080,2400,409,Ultra HD,4,1,64,13,77,256,android,TRUE,512
realme,Realme Narzo 50,Budget,10999,74,FALSE,FALSE,FALSE,Helio G96,helio,8,2,16,5000,165000,757,Large,TRUE,33,4,256,Low RAM,64,Low,6,Large,48050,120,1080,2412,400,Ultra HD,3,1,50,16,66,150,android,TRUE,256
vivo,Vivo Y75 5G,Mid-range,21990,82,TRUE,FALSE,FALSE,Dimensity  700 5G,dimensity,8,2,17,5000,90000,759,Large,TRUE,18,8,1024,Standard,128,Medium,6,Large,24064,60,1080,2408,401,Ultra HD,3,1,50,16,66,150,android,TRUE,256
vivo,Vivo V25 (12GB RAM + 256GB),Mid-range,31999,85,TRUE,FALSE,FALSE,Dimensity  900,dimensity,8,2,16,4500,198000,698,Medium,TRUE,44,12,3072,High RAM,256,High,6,Medium,36881,90,1080,2408,409,Ultra HD,3,1,64,50,114,192,android,TRUE,1024
poco,POCO M4 Pro 4G,Budget,11999,77,FALSE,FALSE,TRUE,Helio G96,helio,8,2,16,5000,165000,777,Large,TRUE,33,6,384,Standard,64,Low,6,Medium,36837,90,1080,2400,409,Ultra HD,3,1,64,16,80,192,android,TRUE,1024
infinix,Infinix Zero Ultra,Mid-range,36999,89,TRUE,FALSE,FALSE,Dimensity 920 5G,dimensity,8,2,20,4500,810000,661,Medium,TRUE,180,8,2048,Standard,256,High,6,Large,46443,120,1080,2400,387,Ultra HD,3,1,200,32,232,600,android,TRUE,256
tecno,Tecno Spark Go 2023,Budget,6999,62,FALSE,FALSE,FALSE,Helio A22,helio,4,2,8,5000,50000,762,Large,TRUE,10,3,96,Low RAM,32,Low,6,Large,16047,60,720,1600,267,Full HD,2,1,13,5,18,26,android,TRUE,256
motorola,Motorola Moto X40,Mid-range,39999,89,TRUE,TRUE,FALSE,Snapdragon 8 Gen2,snapdragon,8,3,25,4600,575000,686,Medium,TRUE,125,8,1024,Standard,128,Medium,6,Large,64813,165,1080,2400,392,Ultra HD,3,1,50,60,110,150,android,FALSE,0
samsung,Samsung Galaxy F24 5G,Budget,14999,78,TRUE,TRUE,FALSE,Snapdragon  695,snapdragon,8,2,17,5000,125000,757,Large,TRUE,25,4,512,Low RAM,128,Medium,6,Large,47983,120,1080,2408,399,Ultra HD,3,1,50,8,58,150,android,TRUE,1024
realme,Realme 10 5G,Budget,14499,79,TRUE,FALSE,FALSE,Dimensity  700 5G,dimensity,8,2,17,5000,165000,757,Large,TRUE,33,8,1024,Standard,128,Medium,6,Large,35987,90,1080,2408,399,Ultra HD,3,1,50,8,58,150,android,TRUE,1024
oneplus,OnePlus Nord 3 5G,Mid-range,27999,84,TRUE,TRUE,FALSE,Dimensity  8200,dimensity,8,3,24,4200,504000,653,Medium,TRUE,120,8,1024,Standard,128,Medium,6,Medium,36837,90,1080,2400,409,Ultra HD,3,1,50,32,82,150,android,FALSE,0
motorola,Motorola Moto G82 (8GB RAM + 128GB),Mid-range,20499,86,TRUE,TRUE,FALSE,Snapdragon 695,snapdragon,8,2,17,5000,150000,757,Large,TRUE,30,8,1024,Standard,128,Medium,6,Large,47851,120,1080,2400,398,Ultra HD,3,1,50,16,66,150,android,TRUE,1024
ikall,iKall Z19 Pro,Budget,8099,60,FALSE,FALSE,FALSE,snapdragon,snapdragon,4,1,6,5000,-5000,769,Large,FALSE,-1,4,256,Low RAM,64,Low,6,Large,16195,60,720,1600,269,Full HD,1,1,13,8,21,13,android,TRUE,128
leeco,LeEco S1 Pro,Budget,10999,65,FALSE,FALSE,FALSE,Tiger T7150,tiger,4,1,7,5000,50000,769,Large,TRUE,10,8,1024,Standard,128,Medium,6,Large,16195,60,720,1600,269,Full HD,2,1,13,5,18,26,android,FALSE,0
realme,Realme C2s,Budget,3499,63,FALSE,FALSE,FALSE,Helio  P22,helio,8,2,16,4000,-4000,655,Medium,FALSE,-1,3,96,Low RAM,32,Low,6,Medium,16899,60,720,1560,281,Full HD,2,1,13,5,18,26,android,TRUE,128
duoqin,Duoqin F22 Pro,Budget,9990,79,FALSE,FALSE,FALSE,Helio  G85,helio,8,2,16,2150,-2150,607,Small,FALSE,-1,4,256,Low RAM,64,Low,3,Compact,19555,60,640,960,325,HD,1,1,8,2,10,8,android,TRUE,256
samsung,Samsung Galaxy M54 5G,Mid-range,34999,85,TRUE,FALSE,FALSE,Snapdragon 888,snapdragon,8,2,22,6000,150000,899,Large,TRUE,25,6,768,Standard,128,Medium,6,Large,35659,90,1080,2412,396,Ultra HD,3,1,64,32,96,192,android,TRUE,1024
nokia,Nokia N73 5G,Premium,46999,75,TRUE,FALSE,FALSE,Snapdragon  8 Gen1,snapdragon,8,3,24,6000,390000,869,Large,TRUE,65,12,3072,High RAM,256,High,6,Large,60745,120,1400,3200,506,Ultra HD,1,1,200,32,232,200,android,TRUE,256
motorola,Motorola Edge 30 Fusion 5G,Mid-range,39999,88,TRUE,TRUE,FALSE,Snapdragon 888+,snapdragon,8,2,23,4400,299200,671,Medium,TRUE,68,8,1024,Standard,128,Medium,6,Large,57859,144,1080,2400,401,Ultra HD,3,1,50,32,82,150,android,FALSE,0
realme,Realme C35,Budget,11828,70,FALSE,FALSE,FALSE,Tiger  T616,tiger,8,1,14,5000,90000,757,Large,TRUE,18,4,256,Low RAM,64,Low,6,Large,23991,60,1080,2408,399,Ultra HD,3,1,50,8,58,150,android,TRUE,1024
oppo,OPPO Reno 8 Pro House of Dragon Edition,Premium,45999,86,TRUE,TRUE,FALSE,Dimensity 8100-Max,dimensity,8,2,22,4500,360000,671,Medium,TRUE,80,12,3072,High RAM,256,High,6,Large,47332,120,1080,2412,394,Ultra HD,3,1,50,32,82,150,android,FALSE,0
oneplus,OnePlus Nord CE 3 Lite 5G,Budget,18999,81,TRUE,FALSE,FALSE,Snapdragon 695,snapdragon,8,2,17,5000,165000,758,Large,TRUE,33,6,768,Standard,128,Medium,6,Large,48122,120,1080,2412,401,Ultra HD,3,1,50,16,66,150,android,TRUE,1024
poco,Poco X4 Pro 5G (8GB RAM + 128GB),Budget,17999,84,TRUE,FALSE,TRUE,Snapdragon 695,snapdragon,8,2,17,5000,335000,749,Large,TRUE,67,8,1024,Standard,128,Medium,6,Large,47348,120,1080,2400,394,Ultra HD,3,1,64,16,80,192,android,TRUE,1024
samsung,Samsung Galaxy M04,Budget,8499,66,FALSE,FALSE,FALSE,Helio P35,helio,8,2,18,5000,75000,769,Large,TRUE,15,4,256,Low RAM,64,Low,6,Large,16195,60,720,1600,269,Full HD,2,1,13,5,18,26,android,TRUE,1024
oppo,OPPO A77s,Budget,17999,76,FALSE,FALSE,FALSE,Snapdragon 680,snapdragon,8,2,19,5000,165000,762,Large,TRUE,33,8,1024,Standard,128,Medium,6,Large,24071,90,720,1600,267,Full HD,2,1,50,8,58,100,android,TRUE,256
samsung,Samsung Galaxy A13,Budget,14450,75,FALSE,FALSE,FALSE,snapdragon,snapdragon,8,2,16,5000,125000,757,Large,TRUE,25,4,256,Low RAM,64,Low,6,Large,23991,60,1080,2408,399,Ultra HD,4,1,50,8,58,200,android,TRUE,1024
motorola,Motorola Edge 30 Ultra,Premium,54999,81,TRUE,TRUE,FALSE,Snapdragon 8+ Gen1,snapdragon,8,3,25,4610,576250,691,Medium,TRUE,125,8,1024,Standard,128,Medium,6,Large,56818,144,1080,2400,394,Ultra HD,3,1,200,60,260,600,android,FALSE,0
xiaomi,Xiaomi 13 Ultra 5G,Premium,71999,80,TRUE,TRUE,TRUE,Snapdragon 8 Gen2,snapdragon,8,3,25,5000,600000,757,Large,TRUE,120,12,3072,High RAM,256,High,6,Large,63801,120,1440,3200,531,Ultra HD,4,1,108,32,140,432,android,FALSE,0
motorola,Motorola Moto G52 (6GB RAM + 128GB),Budget,12999,79,FALSE,TRUE,FALSE,Snapdragon 680,snapdragon,8,2,19,5000,165000,757,Large,TRUE,33,6,768,Standard,128,Medium,6,Large,36635,90,2460,1080,407,Full HD,3,1,50,16,66,150,android,TRUE,256
poco,Poco M4 5G,Budget,11499,75,TRUE,FALSE,TRUE,Dimensity 700 5G,dimensity,8,2,17,5000,90000,759,Large,TRUE,18,4,256,Low RAM,64,Low,6,Large,35997,90,1080,2400,399,Ultra HD,2,1,50,8,58,100,android,TRUE,512
nothing,Nothing Phone 1 (12GB RAM + 256GB),Mid-range,35999,87,TRUE,TRUE,FALSE,Snapdragon 778G Plus,snapdragon,8,2,20,4500,148500,687,Medium,TRUE,33,12,3072,High RAM,256,High,6,Large,48216,120,1080,2400,401,Ultra HD,2,1,50,16,66,100,android,FALSE,0
samsung,Samsung Galaxy A54 5G,Mid-range,34999,76,TRUE,TRUE,FALSE,Exynos 1380,exynos,8,2,18,5000,125000,781,Large,TRUE,25,6,768,Standard,128,Medium,6,Medium,49346,120,1080,2400,411,Ultra HD,3,1,50,32,82,150,android,TRUE,1024
tecno,Tecno Pova 4,Budget,11999,73,FALSE,FALSE,FALSE,Helio G99,helio,8,2,17,6000,108000,879,Large,TRUE,18,8,1024,Standard,128,Medium,6,Large,23153,90,720,1600,257,Full HD,2,1,50,8,58,100,android,TRUE,512
xiaomi,Xiaomi Redmi Note 12 Pro (8GB RAM + 256GB),Mid-range,27994,82,TRUE,FALSE,TRUE,Dimensity 1080,dimensity,8,2,20,5000,335000,749,Large,TRUE,67,8,2048,Standard,256,High,6,Large,47348,120,1080,2400,394,Ultra HD,3,1,50,16,66,150,android,FALSE,0
apple,Apple iPhone 14 Pro Max (256GB),Premium,139990,77,TRUE,TRUE,FALSE,Bionic  A16,bionic,6,2,13,4323,0,645,Medium,TRUE,0,6,1536,Standard,256,High,6,Large,55150,120,1290,2796,459,Ultra HD,3,1,48,12,60,144,ios,FALSE,0
vivo,Vivo V25 Pro (12GB RAM + 256GB),Mid-range,39999,86,TRUE,FALSE,FALSE,Dimensity 1300,dimensity,8,3,24,4830,318780,736,Medium,TRUE,66,12,3072,High RAM,256,High,6,Large,47742,120,1080,2376,397,Ultra HD,3,1,64,32,96,192,android,FALSE,0
realme,Realme 9 5G (6GB RAM + 128GB),Budget,15499,79,TRUE,FALSE,FALSE,Dimensity  810 5G,dimensity,8,2,19,5000,90000,769,Large,TRUE,18,6,768,Standard,128,Medium,6,Large,36440,90,1080,2400,404,Ultra HD,3,1,48,16,64,144,android,TRUE,1024
realme,Realme 9 Pro 5G,Budget,18999,80,TRUE,FALSE,FALSE,Snapdragon  695,snapdragon,8,2,17,5000,165000,757,Large,TRUE,33,6,768,Standard,128,Medium,6,Large,48050,120,1080,2412,400,Ultra HD,3,1,64,16,80,192,android,TRUE,256
lava,Lava Blaze 5G,Budget,10999,73,TRUE,FALSE,FALSE,Dimensity 700 5G,dimensity,8,2,17,5000,-5000,769,Large,FALSE,-1,4,512,Low RAM,128,Medium,6,Large,24293,90,1600,720,269,HD,3,1,50,8,58,150,android,TRUE,1024
honor,Honor X9a,Mid-range,27999,81,TRUE,TRUE,TRUE,Snapdragon 695,snapdragon,8,2,17,5100,204000,764,Large,TRUE,40,8,2048,Standard,256,High,6,Large,47348,120,1080,2400,394,Ultra HD,3,1,64,16,80,192,android,FALSE,0
google,Google Pixel 7 Pro 5G,Premium,81999,78,TRUE,TRUE,FALSE,Google  Tensor G2,google,8,2,22,5000,150000,746,Large,TRUE,30,12,1536,High RAM,128,Medium,6,Large,61545,120,1440,3120,512,Ultra HD,3,1,50,8,58,150,android,FALSE,0
tecno,Tecno Pova 3,Budget,9999,74,FALSE,FALSE,FALSE,Helio G88,helio,8,2,16,7000,231000,1007,Large,TRUE,33,4,256,Low RAM,64,Low,6,Large,34790,90,1080,2460,386,Ultra HD,3,1,50,8,58,150,android,TRUE,256
vivo,Vivo V23 Pro 5G,Mid-range,31994,85,TRUE,FALSE,FALSE,Dimensity 1200,dimensity,8,3,24,4300,189200,655,Medium,TRUE,44,8,1024,Standard,128,Medium,6,Large,35807,90,1080,2376,397,Ultra HD,3,2,108,50,158,324,android,FALSE,0
samsung,Samsung Galaxy A04e,Budget,9299,65,FALSE,FALSE,FALSE,Helio P35,helio,8,2,18,5000,-5000,769,Large,FALSE,-1,3,96,Low RAM,32,Low,6,Large,16195,60,720,1600,269,Full HD,2,1,13,5,18,26,android,TRUE,1024
xiaomi,Xiaomi Redmi K60,Mid-range,29990,84,TRUE,TRUE,TRUE,Snapdragon  8+ Gen1,snapdragon,8,3,25,5500,368500,824,Large,TRUE,67,8,1024,Standard,128,Medium,6,Large,63131,120,1440,3200,526,Ultra HD,3,1,64,16,80,192,android,FALSE,0
realme,Realme 9 Pro Plus 5G,Mid-range,25900,78,TRUE,FALSE,FALSE,Dimensity  920 5G,dimensity,8,2,20,4500,270000,703,Medium,TRUE,60,6,768,Standard,128,Medium,6,Medium,37009,90,1080,2400,411,Ultra HD,3,1,50,16,66,150,android,FALSE,0
realme,Realme 9i 5G (6GB RAM + 128GB),Budget,16999,78,TRUE,FALSE,FALSE,Dimensity 810 5G,dimensity,8,2,19,5000,90000,757,Large,TRUE,18,6,768,Standard,128,Medium,6,Large,35987,90,1080,2408,399,Ultra HD,3,1,50,8,58,150,android,TRUE,1024
motorola,Motorola Edge 30 5G (8GB RAM + 128GB),Mid-range,24999,85,TRUE,TRUE,FALSE,Snapdragon 778G+,snapdragon,8,2,20,4020,132660,618,Medium,TRUE,33,8,1024,Standard,128,Medium,6,Large,58304,144,1080,2400,404,Ultra HD,3,1,50,32,82,150,android,FALSE,0
xiaomi,Xiaomi Redmi Note 11 (6GB RAM + 64GB),Budget,12188,79,FALSE,FALSE,TRUE,Snapdragon  680,snapdragon,8,2,19,5000,165000,777,Large,TRUE,33,6,384,Standard,64,Low,6,Medium,36837,90,1080,2400,409,Ultra HD,4,1,50,13,63,200,android,TRUE,512
vivo,Vivo Y02,Budget,8999,79,FALSE,FALSE,FALSE,Helio,helio,8,2,18,5000,50000,768,Large,TRUE,10,3,96,Low RAM,32,Low,6,Large,16170,60,720,1600,269,Full HD,1,1,8,5,13,8,android,TRUE,1024
poco,POCO C31 (4GB RAM + 64GB),Budget,7499,68,FALSE,FALSE,FALSE,Helio G35,helio,8,2,18,5000,-5000,765,Large,FALSE,-1,4,256,Low RAM,64,Low,6,Large,16121,60,720,1600,268,Full HD,3,1,13,5,18,39,android,TRUE,512
realme,Realme Narzo 50 5G,Budget,17999,79,TRUE,FALSE,FALSE,Dimensity 810 5G,dimensity,8,2,19,5000,165000,757,Large,TRUE,33,6,768,Standard,128,Medium,6,Large,35888,90,1080,2400,398,Ultra HD,3,1,48,16,64,144,android,TRUE,1024
realme,Realme GT Neo 3T,Mid-range,24999,79,TRUE,FALSE,FALSE,Snapdragon 870,snapdragon,8,3,25,5000,400000,755,Large,TRUE,80,6,768,Standard,128,Medium,6,Large,47706,120,1080,2400,397,Ultra HD,3,1,64,16,80,192,android,FALSE,0
oppo,OPPO Reno 8 Pro 5G,Premium,45999,86,TRUE,TRUE,FALSE,Dimensity 8100-Max,dimensity,8,2,22,4500,360000,671,Medium,TRUE,80,12,3072,High RAM,256,High,6,Large,47332,120,1080,2412,394,Ultra HD,3,1,50,32,82,150,android,FALSE,0
oneplus,OnePlus 10 Pro 5G (12GB RAM + 256GB),Premium,65499,84,TRUE,TRUE,FALSE,Snapdragon  8 Gen1,snapdragon,8,3,24,5000,400000,746,Large,TRUE,80,12,3072,High RAM,256,High,6,Large,63110,120,1440,3216,525,Ultra HD,3,1,50,32,82,150,android,FALSE,0
iqoo,iQOO 11 Pro 5G,Premium,58990,89,TRUE,TRUE,TRUE,Snapdragon 8 Gen2,snapdragon,8,3,25,4700,940000,693,Medium,TRUE,200,8,2048,Standard,256,High,6,Large,74529,144,1440,3200,517,Ultra HD,3,1,50,16,66,150,android,FALSE,0
vivo,Vivo T1x 4G,Budget,11999,74,FALSE,FALSE,FALSE,Snapdragon 680,snapdragon,8,2,19,5000,90000,759,Large,TRUE,18,4,256,Low RAM,64,Low,6,Large,36097,90,1080,2408,401,Ultra HD,2,1,50,8,58,100,android,TRUE,256
xiaomi,Xiaomi Redmi 10 Power,Budget,11999,77,FALSE,FALSE,TRUE,Snapdragon 680,snapdragon,8,2,19,6000,108000,895,Large,TRUE,18,8,1024,Standard,128,Medium,6,Large,16121,60,720,1650,268,Full HD,2,1,50,5,55,100,android,TRUE,256
oppo,OPPO A58,Budget,18990,76,TRUE,FALSE,FALSE,Dimensity 700 5G,dimensity,8,2,17,5000,165000,762,Large,TRUE,33,6,768,Standard,128,Medium,6,Large,24221,90,720,1612,269,Full HD,2,1,50,8,58,100,android,TRUE,1024
vivo,Vivo T1 44W,Budget,14499,77,FALSE,FALSE,FALSE,Snapdragon 680,snapdragon,8,2,19,5000,220000,776,Large,TRUE,44,4,512,Low RAM,128,Medium,6,Medium,24587,60,1080,2408,409,Ultra HD,3,1,50,16,66,150,android,TRUE,1024
xiaomi,Xiaomi Mix Fold 2 5G,Premium,106990,80,TRUE,TRUE,TRUE,Snapdragon  8+ Gen1,snapdragon,8,3,25,4500,301500,561,Medium,TRUE,67,12,3072,High RAM,256,High,8,Large,43182,120,1914,2160,359,Ultra HD,3,1,50,20,70,150,android,FALSE,0
vivo,Vivo Y16 (3GB RAM + 64GB),Budget,10499,66,FALSE,FALSE,FALSE,Helio P35,helio,8,2,18,5000,50000,768,Large,TRUE,10,3,192,Low RAM,64,Low,6,Large,16170,60,720,1600,269,Full HD,2,1,13,5,18,26,android,TRUE,256
oppo,OPPO Reno 8 Z,Mid-range,26990,86,TRUE,TRUE,FALSE,Snapdragon  695,snapdragon,8,2,17,4500,148500,699,Medium,TRUE,33,8,2048,Standard,256,High,6,Medium,24558,60,1080,2400,409,Ultra HD,3,1,64,16,80,192,android,TRUE,1024
vivo,Vivo Y75 4G,Budget,19990,82,FALSE,FALSE,FALSE,Helio G96,helio,8,2,16,4050,178200,628,Medium,TRUE,44,8,1024,Standard,128,Medium,6,Medium,24519,60,1080,2400,408,Ultra HD,3,1,50,44,94,150,android,TRUE,1024
xiaomi,Xiaomi Redmi Note 12 Explorer,Mid-range,24999,89,TRUE,TRUE,TRUE,Dimensity 1080,dimensity,8,2,20,4300,516000,644,Medium,TRUE,120,8,2048,Standard,256,High,6,Large,47348,120,1080,2400,394,Ultra HD,3,1,200,16,216,600,android,TRUE,512
oppo,OPPO A57 4G (4GB RAM + 64 GB),Budget,13969,69,FALSE,FALSE,FALSE,Helio G35,helio,8,2,18,5000,165000,762,Large,TRUE,33,4,256,Low RAM,64,Low,6,Large,16147,60,720,1612,269,Full HD,2,1,13,8,21,26,android,TRUE,256
samsung,Samsung Galaxy A75 5G,Premium,44999,83,TRUE,TRUE,FALSE,Snapdragon 778G+,snapdragon,8,2,18,5000,335000,746,Large,TRUE,67,8,1024,Standard,128,Medium,6,Large,47332,120,1080,2412,394,Ultra HD,4,1,108,32,140,432,android,TRUE,1024
vivo,Vivo T1 Pro 5G (8GB RAM + 128GB),Mid-range,24999,84,TRUE,FALSE,FALSE,Snapdragon 778G,snapdragon,8,2,19,4700,310200,729,Medium,TRUE,66,8,1024,Standard,128,Medium,6,Medium,36830,90,1080,2404,409,Ultra HD,3,1,64,16,80,192,android,TRUE,1024
google,Google Pixel 7 5G,Premium,53100,86,TRUE,TRUE,FALSE,Google Tensor G2,google,8,2,22,4355,130650,691,Medium,TRUE,30,8,1024,Standard,128,Medium,6,Medium,37597,90,1080,2400,417,Ultra HD,2,1,50,8,58,100,android,FALSE,0
xiaomi,Xiaomi Redmi Note 11T 5G (6GB RAM + 128GB),Budget,16999,81,TRUE,FALSE,TRUE,Dimensity  810 5G,dimensity,8,2,19,5000,165000,757,Large,TRUE,33,6,768,Standard,128,Medium,6,Large,35888,90,1080,2400,398,Ultra HD,2,1,50,16,66,100,android,TRUE,1024
oppo,OPPO F21s Pro 4G,Mid-range,21899,82,FALSE,FALSE,FALSE,Snapdragon  680,snapdragon,8,2,19,4500,148500,699,Medium,TRUE,33,8,1024,Standard,128,Medium,6,Medium,36837,90,1080,2400,409,Ultra HD,3,1,64,32,96,192,android,TRUE,512
apple,Apple iPhone 14 (256GB),Premium,75999,82,TRUE,TRUE,FALSE,Bionic A15,bionic,6,3,19,3279,0,537,Small,TRUE,0,6,1536,Standard,256,High,6,Medium,27435,60,1170,2532,457,Ultra HD,2,1,12,12,24,24,ios,FALSE,0
motorola,Motorola Moto G73,Mid-range,25999,85,TRUE,TRUE,FALSE,Dimensity 930,dimensity,8,2,17,5000,150000,769,Large,TRUE,30,8,2048,Standard,256,High,6,Large,48587,120,1080,2400,404,Ultra HD,2,1,50,16,66,100,android,TRUE,256
nubia,Nubia Red Magic 8 Pro 5G,Premium,46990,84,TRUE,TRUE,FALSE,Snapdragon 8 Gen2,snapdragon,8,3,25,6000,480000,882,Large,TRUE,80,8,1024,Standard,128,Medium,6,Large,47991,120,1116,2480,399,Ultra HD,3,1,50,16,66,150,android,FALSE,0
motorola,Motorola Moto G31,Budget,9999,75,FALSE,FALSE,FALSE,Helio  G85,helio,8,2,16,5000,100000,772,Large,TRUE,20,4,256,Low RAM,64,Low,6,Medium,24406,60,1080,2400,406,Ultra HD,3,1,50,13,63,150,android,TRUE,1024
tecno,Tecno Phantom X2 Pro,Premium,49999,89,TRUE,TRUE,FALSE,Dimensity 9000,dimensity,8,3,24,5160,232200,758,Large,TRUE,45,12,3072,High RAM,256,High,6,Large,46443,120,1080,2400,387,Ultra HD,3,1,50,32,82,150,android,FALSE,0
infinix,Infinix Zero 20,Budget,17999,87,FALSE,TRUE,FALSE,Helio G99,helio,8,2,17,4500,202500,671,Medium,TRUE,45,8,1024,Standard,128,Medium,6,Large,35352,90,1080,2400,392,Ultra HD,3,1,108,60,168,324,android,TRUE,2048
iqoo,iQOO Z6 5G (6GB RAM + 128GB),Budget,16940,80,TRUE,FALSE,FALSE,Snapdragon  695,snapdragon,8,2,17,5000,90000,759,Large,TRUE,18,6,768,Standard,128,Medium,6,Large,48129,120,1080,2408,401,Ultra HD,3,1,50,16,66,150,android,TRUE,1024
xiaomi,Xiaomi Redmi Note 11 Pro 5G,Budget,17990,81,TRUE,FALSE,TRUE,Snapdragon 695,snapdragon,8,2,17,5000,335000,749,Large,TRUE,67,6,384,Standard,64,Low,6,Large,47348,120,1080,2400,394,Ultra HD,3,1,108,16,124,324,android,TRUE,256
oppo,OPPO A1 Pro,Mid-range,20990,84,TRUE,TRUE,FALSE,Snapdragon 695,snapdragon,8,2,17,4800,321600,716,Medium,TRUE,67,8,1024,Standard,128,Medium,6,Large,47332,120,1080,2412,394,Ultra HD,2,1,108,16,124,216,android,TRUE,1024
samsung,Samsung Galaxy S22 FE 5G,Premium,51999,79,TRUE,TRUE,FALSE,Exynos  2300,exynos,8,2,18,4200,138600,656,Medium,TRUE,33,8,1024,Standard,128,Medium,6,Medium,49346,120,1080,2400,411,Ultra HD,3,1,12,32,44,36,android,FALSE,0
samsung,Samsung Galaxy S22 Plus 5G,Premium,64449,87,TRUE,TRUE,FALSE,Snapdragon  8 Gen1,snapdragon,8,3,24,4500,202500,681,Medium,TRUE,45,8,1024,Standard,128,Medium,6,Large,46858,120,1080,2340,390,Ultra HD,3,1,50,10,60,150,android,FALSE,0
vivo,Vivo U3x,Budget,8990,71,TRUE,FALSE,FALSE,Snapdragon  480,snapdragon,8,2,16,5000,90000,759,Large,TRUE,18,6,384,Standard,64,Low,6,Large,36097,90,1080,2408,401,Ultra HD,2,1,13,8,21,26,android,FALSE,0
motorola,Motorola Moto G23,Budget,19999,77,FALSE,TRUE,FALSE,Helio  G85,helio,8,2,16,5000,150000,769,Large,TRUE,30,4,512,Low RAM,128,Medium,6,Large,24293,90,720,1600,269,Full HD,3,1,50,16,66,150,android,TRUE,512
poco,Poco M4 5G (6GB RAM + 128GB),Budget,13499,79,TRUE,FALSE,TRUE,Dimensity 700 5G,dimensity,8,2,17,5000,90000,759,Large,TRUE,18,6,768,Standard,128,Medium,6,Large,35997,90,1080,2400,399,Ultra HD,2,1,50,8,58,100,android,TRUE,512
tecno,Tecno Pova 5G,Budget,15499,78,TRUE,FALSE,FALSE,Dimensity 900,dimensity,8,2,19,6000,108000,869,Large,TRUE,18,8,1024,Standard,128,Medium,6,Large,46724,120,1080,2460,389,Ultra HD,3,1,50,16,66,150,android,TRUE,512
poco,POCO C31,Budget,6499,65,FALSE,FALSE,FALSE,Helio G35,helio,8,2,18,5000,-5000,765,Large,FALSE,-1,3,96,Low RAM,32,Low,6,Large,16121,60,720,1600,268,Full HD,3,1,13,5,18,39,android,TRUE,512
apple,Apple iPhone XR2,Premium,71999,60,FALSE,TRUE,FALSE,Apple  A13,bionic,8,2,18,3060,0,501,Small,TRUE,0,4,256,Low RAM,64,Low,6,Medium,19416,60,828,1792,323,Full HD,2,1,12,7,19,24,ios,FALSE,0
samsung,Samsung Galaxy A53 (8GB RAM + 256GB),Mid-range,36499,89,TRUE,TRUE,FALSE,Exynos 1280,exynos,8,2,19,5000,125000,769,Large,TRUE,25,8,2048,Standard,256,High,6,Large,48587,120,1080,2400,404,Ultra HD,4,1,64,32,96,256,android,TRUE,1024
infinix,Infinix Note 12 5G,Budget,15999,78,TRUE,FALSE,FALSE,Dimensity 810 5G,dimensity,8,2,19,5000,165000,746,Large,TRUE,33,6,384,Standard,64,Low,6,Large,23568,60,1080,2400,392,Ultra HD,3,1,50,16,66,150,android,TRUE,2048
oppo,OPPO Reno7 Pro 5G,Mid-range,31994,87,TRUE,TRUE,FALSE,Dimensity  1200 Max,dimensity,8,3,24,4500,292500,687,Medium,TRUE,65,12,3072,High RAM,256,High,6,Large,36162,90,1080,2400,401,Ultra HD,3,1,50,32,82,150,android,TRUE,256
oneplus,OnePlus Ace 2,Mid-range,34999,84,TRUE,TRUE,FALSE,Snapdragon 8+ Gen1,snapdragon,8,3,25,5000,500000,746,Large,TRUE,100,8,1024,Standard,128,Medium,6,Large,47332,120,1080,2412,394,Ultra HD,3,1,50,16,66,150,android,FALSE,0
redmi,Redmi Note 11 Pro 2023,Budget,18999,81,FALSE,FALSE,TRUE,Snapdragon 712,snapdragon,8,2,18,5000,335000,749,Large,TRUE,67,6,768,Standard,128,Medium,6,Large,47348,120,1080,2400,394,Ultra HD,4,1,108,16,124,432,android,TRUE,1024
nothing,Nothing Phone 2,Mid-range,39990,88,TRUE,TRUE,FALSE,Snapdragon 8+ Gen1,snapdragon,8,3,25,4700,310200,704,Medium,TRUE,66,8,1024,Standard,128,Medium,6,Large,47348,120,1080,2400,394,Ultra HD,3,1,50,32,82,150,android,FALSE,0
samsung,Samsung Galaxy A32 (8GB RAM + 128GB),Budget,16499,82,FALSE,FALSE,FALSE,Helio G80,helio,8,2,16,5000,75000,781,Large,TRUE,15,8,1024,Standard,128,Medium,6,Medium,37009,90,1080,2400,411,Ultra HD,4,1,64,20,84,256,android,TRUE,1024
google,Google Pixel 6 Pro,Premium,54300,89,TRUE,TRUE,FALSE,Google  Tensor,google,8,2,22,5003,150090,745,Large,TRUE,30,12,1536,High RAM,128,Medium,6,Large,61453,120,1440,3120,512,Ultra HD,3,1,50,1,51,150,android,FALSE,0
infinix,Infinix Note 12i (2022),Budget,9999,73,FALSE,FALSE,FALSE,Helio G85,helio,8,2,16,5000,165000,746,Large,TRUE,33,4,256,Low RAM,64,Low,6,Large,23568,60,1080,2400,392,Ultra HD,3,1,50,8,58,150,android,TRUE,512
xiaomi,Xiaomi Redmi 11 Prime 5G (6GB RAM + 128GB),Budget,15990,77,TRUE,FALSE,TRUE,Dimensity 700 5G,dimensity,8,2,17,5000,90000,759,Large,TRUE,18,6,768,Standard,128,Medium,6,Large,36097,90,1080,2408,401,Ultra HD,2,1,50,5,55,100,android,TRUE,512
xiaomi,Xiaomi Redmi Note 11 Pro Plus 5G (8GB RAM + 128GB),Mid-range,22700,86,TRUE,FALSE,TRUE,Snapdragon  695,snapdragon,8,2,17,5000,335000,749,Large,TRUE,67,8,1024,Standard,128,Medium,6,Large,47348,120,1080,2400,394,Ultra HD,3,1,108,16,124,324,android,TRUE,1024
xiaomi,Xiaomi 12 Pro 5G,Premium,50990,89,TRUE,TRUE,TRUE,Snapdragon 8 Gen1,snapdragon,8,3,24,4600,552000,683,Medium,TRUE,120,8,2048,Standard,256,High,6,Large,62568,120,1440,3200,521,Ultra HD,3,1,50,32,82,150,android,FALSE,0
apple,Apple iPhone 13 Mini,Premium,64900,79,TRUE,TRUE,FALSE,Bionic A15,bionic,6,3,19,2438,0,451,Small,TRUE,0,4,512,Low RAM,128,Medium,5,Compact,28635,60,1080,2340,477,Ultra HD,2,1,12,12,24,24,ios,FALSE,0
tecno,Tecno Pova 3 (6GB RAM + 128GB),Budget,13799,77,FALSE,FALSE,FALSE,Helio G88,helio,8,2,16,7000,231000,1014,Large,TRUE,33,6,768,Standard,128,Medium,6,Large,35043,90,1080,2460,389,Ultra HD,3,1,50,8,58,150,android,TRUE,256
realme,Realme C31 (4GB RAM + 64GB),Budget,8999,65,FALSE,FALSE,FALSE,Tiger T612,tiger,8,1,14,5000,-5000,766,Large,FALSE,-1,4,256,Low RAM,64,Low,6,Large,16146,60,720,1600,269,Full HD,3,1,13,5,18,39,android,TRUE,1024
asus,Asus ROG Phone 6 Pro 5G,Premium,89999,88,TRUE,TRUE,FALSE,Snapdragon 8+ Gen1,snapdragon,8,3,25,6000,390000,884,Large,TRUE,65,18,9216,High RAM,512,High,6,Large,65115,165,1080,2448,394,Ultra HD,3,1,50,12,62,150,android,FALSE,0
vivo,Vivo V23e 5G,Mid-range,21994,84,TRUE,FALSE,FALSE,Dimensity  810 5G,dimensity,8,2,19,4050,178200,628,Medium,TRUE,44,8,1024,Standard,128,Medium,6,Medium,24519,60,1080,2400,408,Ultra HD,3,1,50,44,94,150,android,TRUE,256
apple,Apple iPhone 14 Mini,Premium,69990,70,FALSE,TRUE,FALSE,Bionic A16,bionic,8,2,18,3500,0,645,Small,TRUE,0,6,768,Standard,128,Medium,5,Compact,28529,60,1080,2340,475,Ultra HD,2,1,12,12,24,24,ios,FALSE,0
xiaomi,Xiaomi Redmi Note 10T 5G,Budget,12999,75,TRUE,FALSE,TRUE,Dimensity 700,dimensity,8,2,17,5000,90000,769,Large,TRUE,18,4,256,Low RAM,64,Low,6,Large,36440,90,1080,2400,404,Ultra HD,3,1,48,8,56,144,android,TRUE,1024
iqoo,iQOO Neo 7 SE 5G,Mid-range,24990,83,TRUE,TRUE,FALSE,Dimensity 8200,dimensity,8,3,24,5000,600000,737,Large,TRUE,120,8,1024,Standard,128,Medium,6,Large,46580,120,1080,2400,388,Ultra HD,3,1,64,16,80,192,android,FALSE,0
samsung,Samsung Galaxy A23 (8GB RAM + 128GB),Budget,19990,82,FALSE,FALSE,FALSE,Snapdragon  680,snapdragon,8,2,19,5000,125000,757,Large,TRUE,25,8,1024,Standard,128,Medium,6,Large,23991,60,1080,2408,399,Ultra HD,4,1,50,8,58,200,android,TRUE,1024
xiaomi,Xiaomi Redmi Note 12 Pro (8GB RAM + 128GB),Mid-range,26999,82,TRUE,FALSE,TRUE,Dimensity 1080,dimensity,8,2,20,5000,335000,749,Large,TRUE,67,8,1024,Standard,128,Medium,6,Large,47348,120,1080,2400,394,Ultra HD,3,1,50,16,66,150,android,FALSE,0
xiaomi,Xiaomi Redmi Note 12 Turbo,Budget,19999,81,TRUE,TRUE,TRUE,Snapdragon 778G,snapdragon,8,2,19,5000,335000,749,Large,TRUE,67,8,1024,Standard,128,Medium,6,Large,47348,120,1080,2400,394,Ultra HD,3,1,50,16,66,150,android,FALSE,0
infinix,Infinix Note 12 Pro,Budget,16900,83,FALSE,FALSE,FALSE,Helio  G99,helio,8,2,17,5000,165000,746,Large,TRUE,33,8,2048,Standard,256,High,6,Large,23568,60,1080,2400,392,Ultra HD,3,1,108,16,124,324,android,TRUE,2048
infinix,Infinix Hot 20 (6GB RAM+ 128GB),Budget,19999,78,TRUE,FALSE,FALSE,Dimensity 810,dimensity,8,2,19,5000,90000,757,Large,TRUE,18,6,768,Standard,128,Medium,6,Large,47983,120,1080,2408,399,Ultra HD,2,1,50,8,58,100,android,TRUE,1024
apple,Apple iPhone 14 Pro Max (1TB),Premium,182999,78,TRUE,TRUE,FALSE,Bionic  A16,bionic,6,2,13,4323,0,645,Medium,TRUE,0,6,6144,Standard,1024,High,6,Large,55150,120,1290,2796,459,Ultra HD,3,1,48,12,60,144,ios,FALSE,0
samsung,Samsung Galaxy M13,Budget,12999,75,FALSE,FALSE,FALSE,Exynos  850,exynos,8,2,16,6000,90000,909,Large,TRUE,15,6,768,Standard,128,Medium,6,Large,23925,60,1080,2400,398,Ultra HD,3,1,50,8,58,150,android,TRUE,1024
poco,Poco M4 Pro 5G (8GB RAM + 128GB),Budget,15999,82,TRUE,FALSE,TRUE,Dimensity  810 5G,dimensity,8,2,19,5000,165000,757,Large,TRUE,33,8,1024,Standard,128,Medium,6,Large,35888,90,1080,2400,398,Ultra HD,2,1,50,16,66,100,android,TRUE,1024
xiaomi,Xiaomi Redmi Note 10S (8GB RAM + 128GB),Budget,13999,82,FALSE,FALSE,TRUE,Helio G95,helio,8,2,16,5000,165000,777,Large,TRUE,33,8,1024,Standard,128,Medium,6,Medium,24558,60,1080,2400,409,Ultra HD,4,1,64,13,77,256,android,TRUE,512
realme,Realme C11 2021 (4GB RAM + 64GB),Budget,7749,61,FALSE,FALSE,FALSE,SC9863A,sc9863a,8,1,12,5000,-5000,766,Large,FALSE,-1,4,256,Low RAM,64,Low,6,Large,16146,60,720,1600,269,Full HD,1,1,8,5,13,8,android,TRUE,256
samsung,Samsung Galaxy A23 5G (8GB RAM + 128GB),Mid-range,24999,81,TRUE,FALSE,FALSE,Snapdragon 695,snapdragon,8,2,17,5000,125000,757,Large,TRUE,25,8,1024,Standard,128,Medium,6,Large,47983,120,1080,2408,399,Ultra HD,4,1,50,8,58,200,android,TRUE,1024
motorola,Motorola Edge 30 Ultra (12GB RAM + 256GB),Premium,59999,81,TRUE,TRUE,FALSE,Snapdragon 8+ Gen1,snapdragon,8,3,25,4610,576250,691,Medium,TRUE,125,12,3072,High RAM,256,High,6,Large,56818,144,1080,2400,394,Ultra HD,3,1,200,60,260,600,android,FALSE,0
oppo,OPPO F21s Pro,Mid-range,25895,82,TRUE,FALSE,FALSE,Snapdragon  695,snapdragon,8,2,17,4500,148500,699,Medium,TRUE,33,8,1024,Standard,128,Medium,6,Medium,24558,60,1080,2400,409,Ultra HD,3,1,64,16,80,192,android,TRUE,512
xiaomi,Xiaomi 13 5G,Premium,46990,89,TRUE,TRUE,TRUE,Snapdragon 8 Gen2,snapdragon,8,3,25,4500,301500,707,Medium,TRUE,67,8,1024,Standard,128,Medium,6,Medium,49656,120,1080,2400,413,Ultra HD,3,1,50,32,82,150,android,FALSE,0
xiaomi,Xiaomi Redmi 10A,Budget,7499,64,FALSE,FALSE,FALSE,Helio  G25,helio,8,2,16,5000,-5000,765,Large,FALSE,-1,3,96,Low RAM,32,Low,6,Large,16121,60,720,1600,268,Full HD,1,1,13,5,18,13,android,TRUE,512
vivo,Vivo Y01A,Budget,7790,60,FALSE,FALSE,FALSE,Helio P35,helio,8,2,18,5000,50000,768,Large,TRUE,10,2,64,Low RAM,32,Low,6,Large,16170,60,720,1600,269,Full HD,1,1,8,5,13,8,android,TRUE,256
xiaomi,Xiaomi Redmi K50i (8GB RAM + 256GB),Mid-range,25999,85,TRUE,FALSE,TRUE,Dimensity  8100,dimensity,8,2,22,5080,340360,769,Large,TRUE,67,8,2048,Standard,256,High,6,Large,58617,144,1080,2460,407,Ultra HD,3,1,64,16,80,192,android,FALSE,0
realme,Realme C30 (3GB RAM + 32GB),Budget,6299,60,FALSE,FALSE,FALSE,Tiger T612,tiger,8,1,14,5000,-5000,769,Large,FALSE,-1,3,96,Low RAM,32,Low,6,Large,16195,60,720,1600,269,Full HD,1,1,8,5,13,8,android,TRUE,1024
motorola,Motorola Moto G51 5G,Budget,12999,77,TRUE,TRUE,FALSE,Snapdragon  480+,snapdragon,8,2,17,5000,-5000,735,Large,FALSE,-1,4,256,Low RAM,64,Low,6,Large,46443,120,1080,2400,387,Ultra HD,3,1,50,13,63,150,android,TRUE,512
xiaomi,Xiaomi Redmi 10 (6GB RAM + 128GB),Budget,11999,75,FALSE,FALSE,FALSE,Snapdragon 680,snapdragon,8,2,19,6000,108000,895,Large,TRUE,18,6,768,Standard,128,Medium,6,Large,15712,60,720,1600,261,Full HD,2,1,50,5,55,100,android,TRUE,512
xiaomi,Xiaomi Mi 11 Lite NE 5G,Mid-range,21890,83,TRUE,TRUE,TRUE,Snapdragon  778G,snapdragon,8,2,19,4250,140250,648,Medium,TRUE,33,6,768,Standard,128,Medium,6,Large,36162,90,1080,2400,401,Ultra HD,3,1,64,20,84,192,android,TRUE,256
samsung,Samsung Galaxy Z Flip 3,Premium,69999,84,TRUE,TRUE,FALSE,Snapdragon 888,snapdragon,8,2,22,3300,49500,492,Small,TRUE,15,8,1024,Standard,128,Medium,6,Large,51087,120,1080,2640,425,Ultra HD,2,1,12,10,22,24,android,FALSE,0
apple,Apple iPhone 12 (128GB),Premium,55999,75,TRUE,TRUE,FALSE,Bionic A14,bionic,6,3,18,5000,-5000,819,Large,FALSE,-1,4,512,Low RAM,128,Medium,6,Medium,27435,60,1170,2532,457,Ultra HD,2,1,12,12,24,24,ios,FALSE,0
oneplus,OnePlus 10T (16GB RAM + 256GB),Premium,55999,87,TRUE,TRUE,FALSE,Snapdragon 8+ Gen1,snapdragon,8,3,25,4800,720000,716,Medium,TRUE,150,16,4096,High RAM,256,High,6,Large,47332,120,1080,2412,394,Ultra HD,3,1,50,16,66,150,android,FALSE,0
samsung,Samsung Galaxy A13 (4GB RAM + 128GB),Budget,14999,75,FALSE,FALSE,FALSE,snapdragon,snapdragon,8,2,16,5000,125000,757,Large,TRUE,25,4,512,Low RAM,128,Medium,6,Large,23991,60,1080,2408,399,Ultra HD,4,1,50,8,58,200,android,TRUE,1024
oppo,OPPO Reno7 5G,Mid-range,25994,85,TRUE,TRUE,FALSE,Dimensity 900,dimensity,8,2,16,4500,292500,699,Medium,TRUE,65,8,2048,Standard,256,High,6,Medium,36837,90,1080,2400,409,Ultra HD,3,1,64,32,96,192,android,TRUE,1024
oneplus,OnePlus 9RT 5G,Premium,42999,85,TRUE,TRUE,FALSE,Snapdragon  888,snapdragon,8,2,22,4500,0,679,Medium,TRUE,0,8,1024,Standard,128,Medium,6,Large,47706,120,1080,2400,397,Ultra HD,3,1,50,16,66,150,android,FALSE,0
samsung,Samsung Galaxy A53 5G (8GB RAM + 128GB),Mid-range,33499,89,TRUE,TRUE,FALSE,Exynos 1280,exynos,8,2,19,5000,125000,769,Large,TRUE,25,8,1024,Standard,128,Medium,6,Large,48587,120,1080,2400,404,Ultra HD,4,1,64,32,96,256,android,TRUE,1024
samsung,Samsung Galaxy S22 Ultra 5G (12GB RAM + 512GB),Premium,118999,79,TRUE,TRUE,FALSE,Snapdragon  8 Gen1,snapdragon,8,3,24,5000,225000,735,Large,TRUE,45,12,6144,High RAM,512,High,6,Large,60000,120,1440,3080,500,Ultra HD,4,1,108,40,148,432,android,FALSE,0
motorola,Motorola Moto G71 5G,Budget,16999,80,TRUE,TRUE,FALSE,Snapdragon 695,snapdragon,8,2,17,5000,165000,781,Large,TRUE,33,6,768,Standard,128,Medium,6,Medium,24673,60,1080,2400,411,Ultra HD,3,1,50,16,66,150,android,FALSE,0
itel,itel S16 Pro,Budget,6990,61,FALSE,FALSE,FALSE,snapdragon,snapdragon,4,1,5,4000,-4000,606,Medium,FALSE,-1,2,64,Low RAM,32,Low,6,Large,15950,60,1600,720,265,HD,3,1,8,8,16,24,android,TRUE,32
vivo,Vivo Y100,Mid-range,29990,82,TRUE,FALSE,FALSE,Dimensity  900,dimensity,8,2,19,5000,330000,833,Large,TRUE,66,8,1024,Standard,128,Medium,6,Medium,52636,120,1080,2400,438,Ultra HD,3,2,50,50,100,150,android,FALSE,0
samsung,Samsung Galaxy M13 5G (4GB RAM + 64GB),Budget,12944,71,TRUE,FALSE,FALSE,Dimensity 700,dimensity,8,2,17,5000,75000,769,Large,TRUE,15,4,256,Low RAM,64,Low,6,Large,24293,90,720,1600,269,Full HD,2,1,50,5,55,100,android,TRUE,1024
poco,POCO X5 GT,Mid-range,29990,84,TRUE,TRUE,TRUE,Dimensity 9000 Plus,dimensity,8,3,25,5000,400000,746,Large,TRUE,80,8,1024,Standard,128,Medium,6,Large,56564,144,1080,2400,392,Ultra HD,3,1,64,32,96,192,android,FALSE,0
honor,Honor X9 5G,Budget,16999,80,TRUE,TRUE,FALSE,Snapdragon 695,snapdragon,8,2,17,4800,316800,704,Medium,TRUE,66,8,1024,Standard,128,Medium,6,Large,23091,60,1080,2388,384,Ultra HD,3,1,48,16,64,144,android,FALSE,0
iqoo,iQOO 11 (16GB RAM + 256GB),Premium,64999,89,TRUE,TRUE,FALSE,Snapdragon 8 Gen2,snapdragon,8,3,25,5000,600000,737,Large,TRUE,120,16,4096,High RAM,256,High,6,Large,74529,144,1440,3200,517,Ultra HD,3,1,50,16,66,150,android,FALSE,0
samsung,Samsung Galaxy Z Fold 4,Premium,154998,79,TRUE,TRUE,FALSE,Snapdragon  8+ Gen1,snapdragon,8,3,25,4400,110000,578,Medium,TRUE,25,12,3072,High RAM,256,High,7,Large,44710,120,1812,2176,372,Ultra HD,3,2,50,10,60,150,android,FALSE,0
royole,Royole FlexPai 2,Premium,109999,87,TRUE,FALSE,FALSE,Snapdragon 865,snapdragon,8,2,22,4450,-4450,570,Medium,FALSE,-1,8,1024,Standard,128,Medium,7,Large,18461,60,1440,1920,307,Full HD,3,1,64,32,96,192,android,FALSE,0
apple,Apple iPhone 14 Plus (256GB),Premium,84999,83,TRUE,TRUE,FALSE,Bionic A15,bionic,6,3,19,4325,0,645,Medium,TRUE,0,6,1536,Standard,256,High,6,Large,27406,60,1284,2778,456,Ultra HD,2,1,12,12,24,24,ios,FALSE,0
samsung,Samsung Galaxy A33 5G (8GB RAM + 128GB),Mid-range,27499,85,TRUE,TRUE,FALSE,Exynos  1280,exynos,8,2,19,5000,125000,781,Large,TRUE,25,8,1024,Standard,128,Medium,6,Medium,37009,90,1080,2400,411,Ultra HD,4,1,48,13,61,192,android,TRUE,1024
tecno,Tecno Spark 9,Budget,8999,69,FALSE,FALSE,FALSE,Helio G37,helio,8,2,18,5000,-5000,757,Large,FALSE,-1,6,768,Standard,128,Medium,6,Large,23925,90,720,1600,265,Full HD,2,1,13,8,21,26,android,TRUE,256
google,Google Pixel 6,Premium,40480,84,TRUE,TRUE,FALSE,Google Tensor,google,8,2,22,4614,138420,720,Medium,TRUE,30,8,1024,Standard,128,Medium,6,Medium,37009,90,1080,2400,411,Ultra HD,2,1,50,8,58,100,android,FALSE,0
xiaomi,Xiaomi Redmi Note 10 Pro (6GB RAM + 128GB),Budget,17999,81,FALSE,FALSE,TRUE,Snapdragon 732G,snapdragon,8,2,18,5020,165660,752,Large,TRUE,33,6,768,Standard,128,Medium,6,Large,47348,120,1080,2400,394,Ultra HD,4,1,64,16,80,256,android,TRUE,512
samsung,Samsung Galaxy S21 Ultra,Premium,105999,79,TRUE,TRUE,FALSE,Exynos  2100,exynos,8,2,23,5000,125000,735,Large,TRUE,25,12,3072,High RAM,256,High,6,Large,61924,120,1440,3200,516,Ultra HD,4,1,108,40,148,432,android,FALSE,0
infinix,Infinix Hot 20 Play,Budget,8999,67,FALSE,FALSE,FALSE,Helio G37,helio,8,2,18,6000,108000,879,Large,TRUE,18,4,256,Low RAM,64,Low,6,Large,23636,90,720,1640,262,Full HD,2,1,13,8,21,26,android,TRUE,256
vivo,Vivo T1x (6GB RAM + 128GB),Budget,14999,77,FALSE,FALSE,FALSE,Snapdragon 680,snapdragon,8,2,19,5000,90000,759,Large,TRUE,18,6,768,Standard,128,Medium,6,Large,36097,90,1080,2408,401,Ultra HD,2,1,50,8,58,100,android,TRUE,256
oppo,OPPO F23 Pro,Budget,19990,82,TRUE,FALSE,FALSE,Snapdragon  695,snapdragon,8,2,17,4500,148500,692,Medium,TRUE,33,8,1024,Standard,128,Medium,6,Large,36440,90,1080,2400,404,Ultra HD,3,1,64,32,96,192,android,TRUE,256
iqoo,iQOO Z6 Pro 5G (8GB RAM + 128GB),Mid-range,23399,80,TRUE,FALSE,FALSE,Snapdragon  778G,snapdragon,8,2,19,4700,310200,729,Medium,TRUE,66,8,1024,Standard,128,Medium,6,Medium,36830,90,1080,2404,409,Ultra HD,3,1,64,16,80,192,android,FALSE,0
samsung,Samsung Galaxy A73 5G (8GB RAM + 256GB),Premium,41990,79,TRUE,TRUE,FALSE,Snapdragon 778G,snapdragon,8,2,19,5000,125000,746,Large,TRUE,25,8,2048,Standard,256,High,6,Large,47136,120,1080,2400,392,Ultra HD,4,1,108,32,140,432,android,TRUE,1024
realme,Realme 9 5G SE (8GB RAM + 128GB),Mid-range,22998,82,TRUE,FALSE,FALSE,Snapdragon  778G,snapdragon,8,2,19,5000,150000,757,Large,TRUE,30,8,1024,Standard,128,Medium,6,Large,57660,144,1080,2412,400,Ultra HD,3,1,48,16,64,144,android,TRUE,1024
poco,Poco F4 5G,Mid-range,25999,82,TRUE,TRUE,FALSE,Snapdragon  870,snapdragon,8,3,25,4500,301500,674,Medium,TRUE,67,6,768,Standard,128,Medium,6,Large,47348,120,1080,2400,394,Ultra HD,3,1,64,20,84,192,android,FALSE,0
infinix,Infinix Note 12,Budget,11700,74,FALSE,FALSE,FALSE,Helio G88,helio,8,2,16,5000,165000,746,Large,TRUE,33,4,256,Low RAM,64,Low,6,Large,23568,60,2400,1080,392,Full HD,3,1,50,16,66,150,android,TRUE,512
samsung,Samsung Galaxy A03 Core,Budget,6499,79,FALSE,FALSE,FALSE,Unisoc  SC9836A,unisoc,4,1,6,5000,-5000,769,Large,FALSE,-1,2,64,Low RAM,32,Low,6,Large,16195,60,720,1600,269,Full HD,1,1,8,5,13,8,android,TRUE,1024
motorola,Motorola Moto G60,Budget,15999,84,FALSE,TRUE,FALSE,Snapdragon  732G,snapdragon,8,2,18,6000,120000,884,Large,TRUE,20,6,768,Standard,128,Medium,6,Large,47551,120,1080,2460,396,Ultra HD,3,1,108,32,140,324,android,TRUE,1024
oneplus,OnePlus 9 Pro,Premium,64800,89,TRUE,TRUE,FALSE,Snapdragon 888,snapdragon,8,2,22,4500,292500,671,Medium,TRUE,65,8,1024,Standard,128,Medium,6,Large,63110,120,1440,3216,525,Ultra HD,4,1,48,16,64,192,android,FALSE,0
xiaomi,Xiaomi Redmi Note 11S,Budget,14590,80,FALSE,FALSE,TRUE,Helio  G96,helio,8,2,16,5000,165000,777,Large,TRUE,33,6,384,Standard,64,Low,6,Medium,36837,90,1080,2400,409,Ultra HD,4,1,108,16,124,432,android,TRUE,512
xiaomi,Xiaomi Redmi 9 Activ,Budget,7499,68,FALSE,FALSE,FALSE,Helio G35,helio,8,2,18,5000,-5000,765,Large,FALSE,-1,4,256,Low RAM,64,Low,6,Large,16121,60,720,1600,268,Full HD,2,1,13,5,18,26,android,TRUE,512
tecno,Tecno Camon 19 Pro 5G,Mid-range,21999,82,TRUE,TRUE,FALSE,Dimensity 810 5G,dimensity,8,2,19,5000,165000,735,Large,TRUE,33,8,1024,Standard,128,Medium,6,Large,47411,120,1080,2460,395,Ultra HD,3,1,64,16,80,192,android,FALSE,0
samsung,Samsung Galaxy A04,Budget,11999,71,FALSE,FALSE,FALSE,Helio P35,helio,8,2,18,5000,0,769,Large,TRUE,0,4,256,Low RAM,64,Low,6,Large,16195,60,720,1600,269,Full HD,2,1,50,5,55,100,android,TRUE,1024
poco,POCO M4 Pro 4G (6GB RAM + 128GB),Budget,12999,79,FALSE,FALSE,TRUE,Helio G96,helio,8,2,16,5000,165000,777,Large,TRUE,33,6,768,Standard,128,Medium,6,Medium,36837,90,1080,2400,409,Ultra HD,3,1,64,16,80,192,android,TRUE,1024
oneplus,OnePlus Nord N20 5G,Mid-range,20990,81,TRUE,TRUE,FALSE,Snapdragon 695,snapdragon,8,2,17,4500,148500,699,Medium,TRUE,33,6,768,Standard,128,Medium,6,Medium,24558,60,1080,2400,409,Ultra HD,3,1,64,16,80,192,android,TRUE,256
apple,Apple iPhone 13 (256GB),Premium,72999,79,TRUE,TRUE,FALSE,Bionic A15,bionic,6,3,19,3240,0,531,Small,TRUE,0,4,1024,Low RAM,256,High,6,Medium,27435,60,1170,2532,457,Ultra HD,2,1,12,12,24,24,ios,FALSE,0
oppo,Oppo Find X6 Pro,Premium,77990,80,TRUE,TRUE,FALSE,Snapdragon 8 Gen2,snapdragon,8,3,25,4700,564000,693,Medium,TRUE,120,12,3072,High RAM,256,High,6,Large,46580,120,1080,2400,388,Ultra HD,3,1,50,32,82,150,android,FALSE,0
vivo,Vivo X90 Pro 5G,Premium,56999,79,TRUE,TRUE,TRUE,Dimensity 9200,dimensity,8,3,24,4870,584400,718,Medium,TRUE,120,8,2048,Standard,256,High,6,Large,54344,120,1260,2800,452,Ultra HD,3,1,50,32,82,150,android,FALSE,0
motorola,Motorola Moto G53,Mid-range,21999,79,TRUE,TRUE,FALSE,Snapdragon 480+,snapdragon,8,2,17,5000,50000,769,Large,TRUE,10,4,512,Low RAM,128,Medium,6,Large,32391,120,720,1600,269,Full HD,2,1,50,16,66,100,android,TRUE,1024
motorola,Motorola Moto G22,Budget,9499,75,FALSE,FALSE,FALSE,Helio  G37,helio,8,2,18,5000,100000,765,Large,TRUE,20,4,256,Low RAM,64,Low,6,Large,24181,90,720,1600,268,Full HD,4,1,50,16,66,200,android,TRUE,1024
xiaomi,Xiaomi Redmi 9i Sport,Budget,7499,66,FALSE,FALSE,FALSE,Helio G25,helio,8,2,16,5000,50000,765,Large,TRUE,10,4,256,Low RAM,64,Low,6,Large,16121,60,720,1600,268,Full HD,1,1,13,5,18,13,android,TRUE,512
jio,Jio JioPhone Next,Budget,4649,64,FALSE,FALSE,FALSE,Qualcomm 215,snapdragon,4,1,5,3500,-3500,642,Small,FALSE,-1,2,64,Low RAM,32,Low,5,Compact,17724,60,720,1440,295,Full HD,1,1,13,8,21,13,android,TRUE,512
vivo,Vivo Y93,Budget,18000,62,FALSE,FALSE,FALSE,Helio P22,helio,8,2,16,4030,-4030,650,Medium,FALSE,-1,4,128,Low RAM,32,Low,6,Medium,16276,60,1520,720,271,HD,2,1,13,8,21,26,android,TRUE,256
xiaomi,Xiaomi Redmi K60 Pro,Mid-range,38999,85,TRUE,TRUE,TRUE,Snapdragon 8 Gen2,snapdragon,8,3,25,5000,600000,749,Large,TRUE,120,8,1024,Standard,128,Medium,6,Large,63131,120,1440,3200,526,Ultra HD,3,1,54,16,70,162,android,FALSE,0
realme,Realme C30s,Budget,7145,78,FALSE,FALSE,FALSE,Unisoc SC9863A,unisoc,8,1,12,5000,50000,769,Large,TRUE,10,2,64,Low RAM,32,Low,6,Large,16195,60,720,1600,269,Full HD,1,1,8,5,13,8,android,TRUE,1024
vivo,Vivo Y22s,Budget,14990,77,FALSE,FALSE,FALSE,Snapdragon 680,snapdragon,8,2,19,5000,90000,763,Large,TRUE,18,8,1024,Standard,128,Medium,6,Large,24258,90,1612,720,269,HD,2,1,50,8,58,100,android,TRUE,1024
oppo,OPPO A77,Budget,15499,70,FALSE,FALSE,FALSE,Helio G35,helio,8,2,18,5000,165000,762,Large,TRUE,33,4,256,Low RAM,64,Low,6,Large,16047,60,720,1600,267,Full HD,2,1,50,8,58,100,android,TRUE,256
xiaomi,Xiaomi Redmi 10A Sport,Budget,9999,69,FALSE,FALSE,TRUE,Helio G25,helio,8,2,16,5000,-5000,765,Large,FALSE,-1,6,768,Standard,128,Medium,6,Large,16121,60,720,1600,268,Full HD,1,1,13,5,18,13,android,TRUE,512
poco,Poco F4 (12GB RAM + 256GB),Mid-range,29999,86,TRUE,TRUE,FALSE,Snapdragon  870,snapdragon,8,3,25,4500,301500,674,Medium,TRUE,67,12,3072,High RAM,256,High,6,Large,47348,120,1080,2400,394,Ultra HD,3,1,64,20,84,192,android,FALSE,0
realme,Realme 9 4G (8GB RAM + 128GB),Budget,15999,84,FALSE,FALSE,FALSE,Snapdragon 680,snapdragon,8,2,19,5000,165000,781,Large,TRUE,33,8,1024,Standard,128,Medium,6,Medium,37009,90,1080,2400,411,Ultra HD,3,1,108,16,124,324,android,TRUE,256
xiaomi,Xiaomi 12T Pro 5G,Premium,59990,89,TRUE,TRUE,TRUE,Snapdragon  8+ Gen1,snapdragon,8,3,25,5000,600000,749,Large,TRUE,120,8,1024,Standard,128,Medium,6,Large,53501,120,1220,2712,445,Ultra HD,3,1,200,20,220,600,android,FALSE,0
iqoo,iQOO 9 5G,Mid-range,34990,84,TRUE,FALSE,FALSE,Snapdragon  888+,snapdragon,8,2,23,4350,522000,663,Medium,TRUE,120,8,1024,Standard,128,Medium,6,Large,47742,120,1080,2376,397,Ultra HD,3,1,48,16,64,144,android,FALSE,0
apple,Apple iPhone 12 Mini (128GB),Premium,45999,75,TRUE,TRUE,FALSE,Bionic A14,bionic,6,3,18,5000,-5000,925,Large,FALSE,-1,4,512,Low RAM,128,Medium,5,Compact,28635,60,1080,2340,477,Ultra HD,2,1,12,12,24,24,ios,FALSE,0
samsung,Samsung Galaxy S24 Ultra,Premium,119990,85,TRUE,FALSE,FALSE,Snapdragon 8+ Gen 2,snapdragon,8,2,18,5100,229500,746,Large,TRUE,45,12,3072,High RAM,256,High,6,Large,65391,144,1200,2860,454,Ultra HD,4,1,200,60,260,800,android,FALSE,0
oppo,OPPO Find N Flip,Premium,89990,88,TRUE,TRUE,FALSE,Dimensity 9000,dimensity,8,3,24,4300,189200,632,Medium,TRUE,44,8,1024,Standard,128,Medium,6,Large,47352,120,1200,2400,394,Ultra HD,2,1,50,32,82,100,android,FALSE,0
oneplus,OnePlus 10T (12GB RAM + 256GB),Premium,50999,87,TRUE,TRUE,FALSE,Snapdragon 8+ Gen1,snapdragon,8,3,25,4800,720000,716,Medium,TRUE,150,12,3072,High RAM,256,High,6,Large,47332,120,1080,2412,394,Ultra HD,3,1,50,16,66,150,android,FALSE,0
tecno,Tecno Spark 9 (4GB RAM + 64GB),Budget,7999,65,FALSE,FALSE,FALSE,Helio G37,helio,8,2,18,5000,-5000,757,Large,FALSE,-1,4,256,Low RAM,64,Low,6,Large,23925,90,720,1600,265,Full HD,2,1,13,8,21,26,android,TRUE,256
samsung,Samsung Galaxy S21 FE 5G (8GB RAM + 256GB),Premium,43999,88,TRUE,TRUE,FALSE,Exynos  2100,exynos,8,2,23,4500,112500,703,Medium,TRUE,25,8,2048,Standard,256,High,6,Medium,48322,120,1080,2340,402,Ultra HD,3,1,12,32,44,36,android,FALSE,0
xiaomi,Xiaomi Redmi Note 11T 5G (8GB RAM + 128GB),Budget,18499,83,TRUE,FALSE,TRUE,Dimensity  810 5G,dimensity,8,2,19,5000,165000,757,Large,TRUE,33,8,1024,Standard,128,Medium,6,Large,35888,90,1080,2400,398,Ultra HD,2,1,50,16,66,100,android,TRUE,1024
sony,Sony Xperia Pro-I,Premium,134999,80,TRUE,TRUE,FALSE,Snapdragon 888,snapdragon,8,2,22,4500,135000,692,Medium,TRUE,30,12,6144,High RAM,512,High,6,Large,77116,120,1644,3840,642,Ultra HD,3,1,12,8,20,36,android,TRUE,1024
vivo,Vivo V21 Pro,Mid-range,32999,85,TRUE,FALSE,FALSE,Snapdragon 765G,snapdragon,8,2,19,4300,141900,667,Medium,TRUE,33,8,1024,Standard,128,Medium,6,Medium,24519,60,1080,2400,408,Ultra HD,4,2,64,44,108,256,android,FALSE,0
poco,Poco X3,Budget,13499,80,FALSE,FALSE,TRUE,Snapdragon  732G,snapdragon,8,2,18,6000,198000,899,Large,TRUE,33,6,384,Standard,64,Low,6,Large,47348,120,1080,2400,394,Ultra HD,4,1,64,20,84,256,android,TRUE,512
samsung,Samsung Galaxy S20 FE,Mid-range,35489,86,FALSE,TRUE,FALSE,Exynos 990,exynos,8,2,21,4500,112500,692,Medium,TRUE,25,8,1024,Standard,128,Medium,6,Large,48587,120,1080,2400,404,Ultra HD,3,1,12,32,44,36,android,TRUE,1024
google,Google Pixel 4,Mid-range,20120,78,FALSE,TRUE,FALSE,Snapdragon 855,snapdragon,8,2,22,2800,0,491,Small,TRUE,0,6,384,Standard,64,Low,5,Compact,26556,60,1080,2280,442,Ultra HD,2,2,16,8,24,32,android,FALSE,0
samsung,Samsung Galaxy S10 Plus,Premium,42999,81,FALSE,TRUE,FALSE,Exynos 9820,exynos,8,2,21,4100,61500,640,Medium,TRUE,15,8,1024,Standard,128,Medium,6,Medium,31535,60,1440,3040,525,Ultra HD,3,2,16,10,26,48,android,TRUE,512
realme,Realme 11 Pro Plus,Mid-range,24999,78,TRUE,FALSE,FALSE,Dimensity  930,dimensity,8,2,17,4200,277200,656,Medium,TRUE,66,6,768,Standard,128,Medium,6,Medium,37009,90,1080,2400,411,Ultra HD,3,1,50,16,66,150,android,FALSE,0
oppo,OPPO F21 Pro 4G,Mid-range,20999,82,FALSE,FALSE,FALSE,Snapdragon  680,snapdragon,8,2,19,4500,148500,692,Medium,TRUE,33,8,1024,Standard,128,Medium,6,Large,36440,90,1080,2400,404,Ultra HD,3,1,64,32,96,192,android,TRUE,256
realme,Realme GT 2 5G,Mid-range,28994,84,TRUE,TRUE,FALSE,Snapdragon  888,snapdragon,8,2,22,5000,325000,755,Large,TRUE,65,8,1024,Standard,128,Medium,6,Large,47706,120,1080,2400,397,Ultra HD,3,1,50,16,66,150,android,FALSE,0
samsung,Samsung Galaxy S21,Premium,48900,88,TRUE,TRUE,FALSE,Exynos  2100,exynos,8,2,23,4000,100000,645,Medium,TRUE,25,8,1024,Standard,128,Medium,6,Medium,50938,120,1080,2400,424,Ultra HD,3,1,64,10,74,192,android,FALSE,0
samsung,Samsung Galaxy A71,Mid-range,22494,86,FALSE,FALSE,FALSE,Snapdragon 730,snapdragon,8,2,17,4500,112500,671,Medium,TRUE,25,8,1024,Standard,128,Medium,6,Large,23568,60,1080,2400,392,Ultra HD,4,1,64,32,96,256,android,TRUE,1024
vivo,Vivo Y02s,Budget,8990,61,FALSE,FALSE,FALSE,Helio P35,helio,8,2,18,5000,50000,768,Large,TRUE,10,3,96,Low RAM,32,Low,6,Large,16170,60,720,1600,269,Full HD,1,1,8,5,13,8,android,TRUE,256
letv,Letv Y2 Pro,Budget,6999,60,FALSE,FALSE,FALSE,Unisoc,unisoc,8,2,18,4000,-4000,615,Medium,FALSE,-1,4,128,Low RAM,32,Low,6,Large,15859,60,720,1560,264,Full HD,3,1,13,8,21,39,android,FALSE,0
tecno,Tecno Spark 8C (4GB RAM + 64GB),Budget,8890,63,FALSE,FALSE,FALSE,Unisoc  T606,unisoc,8,2,16,5000,-5000,757,Large,FALSE,-1,4,256,Low RAM,64,Low,6,Large,24074,90,720,1612,267,Full HD,2,1,13,8,21,26,android,TRUE,256
iqoo,iQOO Z6 5G (8GB RAM + 128GB),Budget,18498,82,TRUE,FALSE,FALSE,Snapdragon  695,snapdragon,8,2,17,5000,90000,759,Large,TRUE,18,8,1024,Standard,128,Medium,6,Large,48129,120,1080,2408,401,Ultra HD,3,1,50,16,66,150,android,TRUE,1024
vivo,Vivo T1 Pro,Mid-range,23999,81,TRUE,FALSE,FALSE,Snapdragon 778G,snapdragon,8,2,19,4700,310200,729,Medium,TRUE,66,6,768,Standard,128,Medium,6,Medium,36830,90,1080,2404,409,Ultra HD,3,1,64,16,80,192,android,TRUE,1024
realme,Realme 9 Pro Plus 5G (8GB RAM + 128GB),Mid-range,22994,81,TRUE,FALSE,FALSE,Dimensity  920 5G,dimensity,8,2,20,4500,270000,703,Medium,TRUE,60,8,1024,Standard,128,Medium,6,Medium,37009,90,1080,2400,411,Ultra HD,3,1,50,16,66,150,android,FALSE,0
samsung,Samsung Galaxy A04s,Budget,12990,71,FALSE,FALSE,FALSE,Exynos 850,exynos,8,2,16,5000,75000,769,Large,TRUE,15,4,256,Low RAM,64,Low,6,Large,24293,90,720,1600,269,Full HD,3,1,50,5,55,150,android,TRUE,1024
realme,Realme 9i (6GB RAM + 128GB),Budget,14999,78,FALSE,FALSE,FALSE,Snapdragon  680,snapdragon,8,2,19,5000,165000,757,Large,TRUE,33,6,768,Standard,128,Medium,6,Large,36037,90,1080,2412,400,Ultra HD,3,1,50,16,66,150,android,TRUE,1024
realme,Realme 8 5G (8GB RAM + 128GB),Budget,18499,80,TRUE,FALSE,FALSE,Dimensity 700 5G,dimensity,8,2,17,5000,90000,769,Large,TRUE,18,8,1024,Standard,128,Medium,6,Large,36440,90,1080,2400,404,Ultra HD,3,1,48,16,64,144,android,TRUE,1024
oppo,OPPO F19,Budget,14990,78,FALSE,FALSE,FALSE,Snapdragon 662,snapdragon,8,2,16,5000,165000,781,Large,TRUE,33,6,768,Standard,128,Medium,6,Medium,24673,60,1080,2400,411,Ultra HD,3,1,48,16,64,144,android,TRUE,256
oppo,OPPO Find N2 Flip,Premium,70990,88,TRUE,TRUE,FALSE,Dimensity 9000 Plus,dimensity,8,3,25,4300,189200,632,Medium,TRUE,44,8,2048,Standard,256,High,6,Large,48382,120,1080,2520,403,Ultra HD,2,1,50,32,82,100,android,FALSE,0
samsung,Samsung Galaxy M32 Prime Edition,Budget,12120,75,FALSE,FALSE,FALSE,Helio G80,helio,8,2,16,6000,90000,937,Large,TRUE,15,4,256,Low RAM,64,Low,6,Medium,37009,90,1080,2400,411,Ultra HD,4,1,64,20,84,256,android,TRUE,1024
oukitel,Oukitel WP19,Mid-range,29990,84,FALSE,TRUE,FALSE,Helio G95,helio,8,2,16,21000,693000,3097,Large,TRUE,33,8,2048,Standard,256,High,6,Large,23290,60,1080,2400,388,Ultra HD,3,1,64,16,80,192,android,TRUE,256
realme,Realme 9 Pro 5G (8GB RAM + 128GB),Mid-range,20999,82,TRUE,FALSE,FALSE,Snapdragon  695,snapdragon,8,2,17,5000,165000,757,Large,TRUE,33,8,1024,Standard,128,Medium,6,Large,48050,120,1080,2412,400,Ultra HD,3,1,64,16,80,192,android,TRUE,256
xiaomi,Xiaomi Redmi Note 10 Lite (6GB RAM + 128GB),Budget,11999,80,FALSE,FALSE,TRUE,Snapdragon 720G,snapdragon,8,2,18,5020,90360,752,Large,TRUE,18,6,768,Standard,128,Medium,6,Large,23674,60,1080,2400,394,Ultra HD,4,1,48,16,64,192,android,TRUE,512
samsung,Samsung Galaxy A13 5G,Budget,17990,73,TRUE,TRUE,FALSE,Dimensity 700 5G,dimensity,8,2,17,5000,75000,769,Large,TRUE,15,4,256,Low RAM,64,Low,6,Large,24293,90,720,1600,269,Full HD,3,1,50,5,55,150,android,TRUE,256
xiaomi,Xiaomi Redmi Note 11 5G,Budget,14990,77,TRUE,FALSE,TRUE,Dimensity  810 5G,dimensity,8,2,19,5000,165000,757,Large,TRUE,33,4,512,Low RAM,128,Medium,6,Large,35888,90,1080,2400,398,Ultra HD,2,1,50,16,66,100,android,TRUE,512
itel,itel P36,Budget,6490,61,FALSE,FALSE,FALSE,Spreadtrum  SC7731E,spreadtrum,4,1,5,5000,-5000,769,Large,FALSE,-1,1,16,Low RAM,16,Low,6,Large,16195,60,1600,720,269,HD,2,1,8,8,16,16,android,FALSE,0
realme,Realme GT Neo 5,Mid-range,34999,83,TRUE,TRUE,FALSE,Snapdragon  8+ Gen1,snapdragon,8,3,25,4600,1104000,686,Medium,TRUE,240,8,1024,Standard,128,Medium,6,Large,47332,120,1080,2412,394,Ultra HD,3,1,50,16,66,150,android,FALSE,0
apple,Apple iPhone 15 Ultra,Premium,149900,79,TRUE,TRUE,FALSE,Bionic  A17,bionic,8,2,18,4700,0,698,Medium,TRUE,0,8,1024,Standard,128,Medium,6,Large,54904,120,1290,2796,457,Ultra HD,3,1,48,12,60,144,ios,FALSE,0
poco,Poco C50,Budget,6499,79,FALSE,FALSE,FALSE,Helio A22,helio,4,2,8,5000,50000,766,Large,TRUE,10,2,64,Low RAM,32,Low,6,Large,16146,60,720,1600,269,Full HD,2,1,8,5,13,16,android,TRUE,512
samsung,Samsung Galaxy Note 30 Ultra 5G,Premium,104999,79,TRUE,TRUE,FALSE,Snapdragon  8+ Gen1,snapdragon,8,3,25,4500,301500,670,Medium,TRUE,67,12,3072,High RAM,256,High,6,Large,62983,120,1440,3214,524,Ultra HD,3,1,200,10,210,600,android,TRUE,1024
realme,Realme 9i (4GB RAM + 128GB),Budget,13999,75,FALSE,FALSE,FALSE,Snapdragon  680,snapdragon,8,2,19,5000,165000,757,Large,TRUE,33,4,512,Low RAM,128,Medium,6,Large,36037,90,1080,2412,400,Ultra HD,3,1,50,16,66,150,android,TRUE,1024
xiaomi,Xiaomi Redmi Note 11T 5G,Budget,16999,79,TRUE,FALSE,TRUE,Dimensity  810 5G,dimensity,8,2,19,5000,165000,757,Large,TRUE,33,6,384,Standard,64,Low,6,Large,35888,90,1080,2400,398,Ultra HD,2,1,50,16,66,100,android,TRUE,1024
vivo,Vivo X80 Pro 5G,Premium,79999,79,TRUE,TRUE,FALSE,Snapdragon  8 Gen1,snapdragon,8,3,24,4700,376000,693,Medium,TRUE,80,12,3072,High RAM,256,High,6,Large,62107,120,1440,3200,517,Ultra HD,4,1,50,32,82,200,android,FALSE,0
oppo,OPPO Reno 6 Pro 5G,Mid-range,36760,87,TRUE,TRUE,FALSE,Dimensity 1200,dimensity,8,3,24,4500,292500,687,Medium,TRUE,65,12,3072,High RAM,256,High,6,Large,36162,90,1080,2400,401,Ultra HD,4,1,64,32,96,256,android,FALSE,0
xiaomi,Xiaomi Mi 11i 5G,Mid-range,23499,81,TRUE,FALSE,TRUE,Dimensity  920 5G,dimensity,8,2,20,5160,345720,773,Large,TRUE,67,6,768,Standard,128,Medium,6,Large,47348,120,2400,1080,394,Full HD,3,1,108,16,124,324,android,TRUE,1024
asus,Asus ROG Phone 7,Premium,75990,87,TRUE,TRUE,FALSE,Snapdragon 8 Gen2,snapdragon,8,3,25,6000,720000,882,Large,TRUE,120,18,4608,High RAM,256,High,6,Large,64923,165,1080,2448,393,Ultra HD,3,1,64,32,96,192,android,FALSE,0
oppo,Oppo A77 5G,Mid-range,21990,76,TRUE,FALSE,FALSE,Snapdragon  810,snapdragon,8,2,19,5000,165000,762,Large,TRUE,33,6,768,Standard,128,Medium,6,Large,24071,90,720,1600,267,Full HD,2,1,48,8,56,96,android,TRUE,256
realme,Realme 9 5G SE,Budget,18999,80,TRUE,FALSE,FALSE,Snapdragon  778G,snapdragon,8,2,19,5000,150000,757,Large,TRUE,30,6,768,Standard,128,Medium,6,Large,57660,144,1080,2412,400,Ultra HD,3,1,48,16,64,144,android,TRUE,1024
samsung,Samsung Galaxy A03,Budget,7249,66,FALSE,FALSE,FALSE,Unisoc  T606,unisoc,8,1,12,5000,75000,769,Large,TRUE,15,3,96,Low RAM,32,Low,6,Large,15859,60,720,1560,264,Full HD,2,1,48,5,53,96,android,TRUE,1024
oneplus,OnePlus Nord N200,Budget,16990,75,TRUE,TRUE,FALSE,Snapdragon  480,snapdragon,8,2,16,5000,90000,770,Large,TRUE,18,4,256,Low RAM,64,Low,6,Medium,36496,90,1080,2400,405,Ultra HD,3,1,13,16,29,39,android,TRUE,256
xiaomi,Xiaomi Mi 11X,Mid-range,23890,80,TRUE,FALSE,TRUE,Snapdragon 870,snapdragon,8,3,25,4520,149160,677,Medium,TRUE,33,6,768,Standard,128,Medium,6,Large,47348,120,1080,2400,394,Ultra HD,3,1,48,20,68,144,android,FALSE,0
oppo,OPPO Reno 6,Mid-range,26380,83,TRUE,TRUE,FALSE,Dimensity 900,dimensity,8,2,16,4300,279500,668,Medium,TRUE,65,8,1024,Standard,128,Medium,6,Medium,36837,90,1080,2400,409,Ultra HD,3,1,64,32,96,192,android,FALSE,0
realme,Realme X50 Pro 5G (12GB RAM + 256GB),Mid-range,27999,87,TRUE,TRUE,FALSE,Snapdragon 865,snapdragon,8,2,22,4200,273000,652,Medium,TRUE,65,12,3072,High RAM,256,High,6,Medium,36779,90,1080,2400,408,Ultra HD,4,2,64,32,96,256,android,FALSE,0
xiaomi,Xiaomi Redmi 10A (6GB RAM + 128GB),Budget,10850,70,FALSE,FALSE,FALSE,Helio  G25,helio,8,2,16,5000,-5000,765,Large,FALSE,-1,6,768,Standard,128,Medium,6,Large,16121,60,720,1600,268,Full HD,1,1,13,5,18,13,android,TRUE,512
redmi,Redmi Note 12 Pro Speed Edition,Budget,19999,81,TRUE,TRUE,TRUE,Snapdragon 778G,snapdragon,8,2,19,5000,335000,749,Large,TRUE,67,6,768,Standard,128,Medium,6,Large,47348,120,1080,2400,394,Ultra HD,3,1,108,16,124,324,android,FALSE,0
apple,Apple iPhone 14 Pro (256GB),Premium,129990,76,TRUE,TRUE,FALSE,Bionic  A16,bionic,6,2,13,3200,0,524,Small,TRUE,0,6,1536,Standard,256,High,6,Medium,55373,120,1179,2556,461,Ultra HD,3,1,48,12,60,144,ios,FALSE,0
motorola,Motorola Moto G72,Budget,19990,81,TRUE,TRUE,FALSE,Snapdragon 695,snapdragon,8,2,17,5000,165000,769,Large,TRUE,33,6,768,Standard,128,Medium,6,Large,48587,120,1080,2400,404,Ultra HD,3,1,108,16,124,324,android,FALSE,0
motorola,Motorola Moto X30 Pro,Premium,41990,81,TRUE,TRUE,FALSE,Snapdragon 8+ Gen1,snapdragon,8,3,25,4450,556250,667,Medium,TRUE,125,8,1024,Standard,128,Medium,6,Large,56818,144,1080,2400,394,Ultra HD,3,1,200,60,260,600,android,FALSE,0
xiaomi,Xiaomi 12S Ultra,Premium,69990,80,TRUE,TRUE,TRUE,Snapdragon 8+ Gen1,snapdragon,8,3,25,4860,325620,722,Medium,TRUE,67,8,2048,Standard,256,High,6,Large,62568,120,1440,3200,521,Ultra HD,3,1,50,32,82,150,android,FALSE,0
honor,Honor 70 5G,Mid-range,39990,88,TRUE,TRUE,FALSE,Snapdragon  778G Plus,snapdragon,8,2,20,4800,316800,719,Medium,TRUE,66,12,6144,High RAM,512,High,6,Large,47348,120,1080,2400,394,Ultra HD,3,1,54,32,86,162,android,FALSE,0
oneplus,OnePlus 10 Pro 5G (12GB RAM + 512GB),Premium,74999,84,TRUE,TRUE,FALSE,Snapdragon  8 Gen1,snapdragon,8,3,24,5000,400000,746,Large,TRUE,80,12,6144,High RAM,512,High,6,Large,63110,120,1440,3216,525,Ultra HD,3,1,50,32,82,150,android,FALSE,0
vivo,Vivo V23 Pro 5G (12GB RAM + 256GB),Mid-range,36994,87,TRUE,FALSE,FALSE,Dimensity 1200,dimensity,8,3,24,4300,189200,655,Medium,TRUE,44,12,3072,High RAM,256,High,6,Large,35807,90,1080,2376,397,Ultra HD,3,2,108,50,158,324,android,FALSE,0
oppo,OPPO A55 4G (6GB RAM + 128GB),Budget,14700,76,FALSE,FALSE,FALSE,Helio G35,helio,8,2,18,5000,90000,768,Large,TRUE,18,6,768,Standard,128,Medium,6,Large,16170,60,720,1600,269,Full HD,3,1,50,16,66,150,android,TRUE,256
xiaomi,Xiaomi Mi 11T Pro 5G,Mid-range,34990,86,TRUE,TRUE,TRUE,Snapdragon  888,snapdragon,8,2,22,5000,600000,749,Large,TRUE,120,8,1024,Standard,128,Medium,6,Large,47348,120,1080,2400,394,Ultra HD,3,1,108,16,124,324,android,FALSE,0
nokia,Nokia X50 5G,Mid-range,34999,76,TRUE,FALSE,FALSE,Snapdragon 775,snapdragon,8,2,18,6000,198000,881,Large,TRUE,33,6,384,Standard,64,Low,6,Large,23187,60,1080,2400,386,Ultra HD,4,1,108,32,140,432,android,TRUE,256
xiaomi,Xiaomi Redmi Note 10,Budget,13990,75,FALSE,FALSE,TRUE,Snapdragon 678,snapdragon,8,2,17,5000,165000,777,Large,TRUE,33,4,256,Low RAM,64,Low,6,Medium,24558,60,1080,2400,409,Ultra HD,4,1,48,13,61,192,android,TRUE,512
vertu,Vertu Signature Touch,Premium,650000,62,FALSE,TRUE,FALSE,Snapdragon 801,snapdragon,8,1,12,2275,-2275,484,Small,FALSE,-1,2,128,Low RAM,64,Low,4,Compact,28122,60,1080,1920,468,Full HD,1,1,13,1,14,13,android,FALSE,0
samsung,Samsung Galaxy M32 Prime Edition (6GB RAM + 128GB),Budget,14859,79,FALSE,FALSE,FALSE,Helio G80,helio,8,2,16,6000,90000,937,Large,TRUE,15,6,768,Standard,128,Medium,6,Medium,37009,90,1080,2400,411,Ultra HD,4,1,64,20,84,256,android,TRUE,1024
tecno,Tecno Camon 19 Pro Mondrian Edition,Budget,17999,84,FALSE,TRUE,FALSE,Helio G96,helio,8,2,16,5000,165000,735,Large,TRUE,33,8,1024,Standard,128,Medium,6,Large,47411,120,1080,2460,395,Ultra HD,3,1,64,32,96,192,android,TRUE,512
poco,Poco F5,Mid-range,34990,85,TRUE,TRUE,FALSE,Snapdragon 8+ Gen1,snapdragon,8,3,25,4700,314900,701,Medium,TRUE,67,8,1024,Standard,128,Medium,6,Large,47136,120,1080,2400,392,Ultra HD,3,1,64,32,96,192,android,FALSE,0
blu,BLU F91 5G,Budget,14990,85,TRUE,TRUE,FALSE,Dimensity  810 5G,dimensity,8,2,19,5000,0,735,Large,TRUE,0,8,1024,Standard,128,Medium,6,Large,23705,60,1080,2460,395,Ultra HD,4,1,48,16,64,192,android,TRUE,256
oppo,OPPO A16e,Budget,8999,65,FALSE,FALSE,FALSE,Helio P22,helio,8,2,16,4230,-4230,648,Medium,FALSE,-1,3,96,Low RAM,32,Low,6,Large,16146,60,720,1600,269,Full HD,1,1,13,5,18,13,android,TRUE,1024
motorola,Motorola Moto E32,Budget,8999,71,FALSE,FALSE,FALSE,Helio G37,helio,8,2,18,5000,50000,769,Large,TRUE,10,4,256,Low RAM,64,Low,6,Large,24293,90,720,1600,269,Full HD,2,1,50,8,58,100,android,TRUE,1024
xiaomi,Xiaomi Redmi Note 11S (8GB RAM + 128GB),Budget,15824,84,FALSE,FALSE,TRUE,Helio  G96,helio,8,2,16,5000,165000,777,Large,TRUE,33,8,1024,Standard,128,Medium,6,Medium,36837,90,1080,2400,409,Ultra HD,4,1,108,16,124,432,android,TRUE,512
apple,Apple iPhone SE 3 2022,Premium,43900,77,TRUE,TRUE,FALSE,Bionic  A15,bionic,6,3,19,5000,-5000,1063,Large,FALSE,-1,4,256,Low RAM,64,Low,4,Compact,19536,60,750,1334,325,Full HD,1,1,12,7,19,12,ios,FALSE,0
samsung,Samsung Galaxy A52 (8GB RAM + 128GB),Mid-range,22494,86,FALSE,FALSE,FALSE,Snapdragon  720G,snapdragon,8,2,18,4500,112500,692,Medium,TRUE,25,8,1024,Standard,128,Medium,6,Large,36440,90,1080,2400,404,Ultra HD,4,1,64,32,96,256,android,TRUE,1024
poco,Poco X3 Pro,Budget,19650,82,FALSE,FALSE,TRUE,Snapdragon 860,snapdragon,8,2,23,5160,170280,773,Large,TRUE,33,6,768,Standard,128,Medium,6,Large,47348,120,1080,2400,394,Ultra HD,4,1,48,20,68,192,android,TRUE,256
xiaomi,Xiaomi Redmi 9A,Budget,6999,61,FALSE,FALSE,FALSE,Helio G25,helio,8,2,16,5000,-5000,765,Large,FALSE,-1,2,64,Low RAM,32,Low,6,Large,16121,60,720,1600,268,Full HD,1,1,13,5,18,13,android,TRUE,512
samsung,Samsung Galaxy A32,Budget,16499,80,FALSE,FALSE,FALSE,Helio G80,helio,8,2,16,5000,75000,781,Large,TRUE,15,6,768,Standard,128,Medium,6,Medium,37009,90,1080,2400,411,Ultra HD,4,1,64,20,84,256,android,TRUE,1024
motorola,Motorola Moto G13,Budget,15999,75,FALSE,TRUE,FALSE,Helio G85,helio,8,2,16,5000,50000,769,Large,TRUE,10,4,512,Low RAM,128,Medium,6,Large,24293,90,720,1600,269,Full HD,3,1,50,8,58,150,android,TRUE,512
asus,Asus ROG Phone 6 Batman Edition,Premium,72999,88,TRUE,TRUE,FALSE,Dimensity 9000 Plus,dimensity,8,3,25,6000,390000,884,Large,TRUE,65,16,4096,High RAM,256,High,6,Large,65115,165,1080,2448,394,Ultra HD,3,1,50,12,62,150,android,FALSE,0
xiaomi,Xiaomi Redmi Note 12 Pro Plus (6GB RAM + 128GB),Mid-range,26999,84,TRUE,FALSE,TRUE,Dimensity 1080,dimensity,8,2,20,4980,597600,746,Medium,TRUE,120,6,768,Standard,128,Medium,6,Large,47348,120,1080,2400,394,Ultra HD,3,1,200,16,216,600,android,FALSE,0
infinix,Infinix Smart 6 HD,Budget,6999,77,FALSE,FALSE,FALSE,Helio A22,helio,4,2,8,5000,-5000,757,Large,FALSE,-1,2,64,Low RAM,32,Low,6,Large,15950,60,720,1600,265,Full HD,2,1,8,5,13,16,android,TRUE,512
apple,Apple iPhone 15 Pro,Premium,130990,75,TRUE,TRUE,FALSE,Bionic  A16,bionic,8,2,18,5000,-5000,825,Large,FALSE,-1,8,1024,Standard,128,Medium,6,Medium,55232,120,1170,2532,460,Ultra HD,3,1,50,12,62,150,ios,FALSE,0
realme,Realme C35 (4GB RAM + 128GB),Budget,12787,71,FALSE,FALSE,FALSE,Tiger  T616,tiger,8,1,14,5000,90000,757,Large,TRUE,18,4,512,Low RAM,128,Medium,6,Large,35987,90,1080,2408,399,Ultra HD,3,1,50,8,58,150,android,TRUE,1024
infinix,Infinix Hot 12,Budget,9999,72,FALSE,FALSE,FALSE,Helio G37,helio,8,2,18,6000,108000,879,Large,TRUE,18,4,256,Low RAM,64,Low,6,Large,23636,90,720,1640,262,Full HD,3,1,50,8,58,150,android,TRUE,512
vivo,Vivo X80 5G,Premium,54999,86,TRUE,FALSE,FALSE,Dimensity  9000,dimensity,8,3,24,4500,360000,663,Medium,TRUE,80,8,1024,Standard,128,Medium,6,Large,46580,120,1080,2400,388,Ultra HD,3,1,50,32,82,150,android,FALSE,0
vivo,Vivo Y53s,Budget,15490,79,FALSE,FALSE,FALSE,Helio G80,helio,8,2,16,5000,95000,759,Large,TRUE,19,8,1024,Standard,128,Medium,6,Large,24064,60,1080,2408,401,Ultra HD,3,1,64,16,80,192,android,TRUE,1024
tecno,Tecno Phantom X,Mid-range,25999,84,FALSE,FALSE,FALSE,Helio G95,helio,8,2,16,4700,155100,701,Medium,TRUE,33,8,2048,Standard,256,High,6,Large,34619,90,1080,2340,384,Ultra HD,3,2,50,48,98,150,android,FALSE,0
samsung,Samsung Galaxy M04 (4GB RAM + 128GB),Budget,9499,68,FALSE,FALSE,FALSE,Helio P35,helio,8,2,18,5000,75000,769,Large,TRUE,15,4,512,Low RAM,128,Medium,6,Large,16195,60,720,1600,269,Full HD,2,1,13,5,18,26,android,TRUE,1024
redmi,Redmi 12C,Budget,7999,70,FALSE,FALSE,FALSE,Helio  G85,helio,8,2,16,5000,-5000,745,Large,FALSE,-1,4,256,Low RAM,64,Low,6,Large,16097,60,720,1650,268,Full HD,2,1,50,5,55,100,android,TRUE,512
asus,Asus ZenFone 9,Premium,63990,86,TRUE,TRUE,FALSE,Snapdragon 8+ Gen1,snapdragon,8,3,25,4300,129000,728,Medium,TRUE,30,8,1024,Standard,128,Medium,5,Compact,53528,120,1080,2400,446,Ultra HD,2,1,50,12,62,100,android,FALSE,0
sony,Sony Xperia L5 5G,Budget,15990,73,FALSE,TRUE,FALSE,Helio  P35,helio,8,2,18,4000,0,645,Medium,TRUE,0,4,256,Low RAM,64,Low,6,Medium,17688,60,720,1680,294,Full HD,3,1,13,8,21,39,android,TRUE,512
iqoo,iQOO 9 SE 5G (12GB RAM + 256GB),Mid-range,34949,85,TRUE,TRUE,FALSE,Snapdragon  888,snapdragon,8,2,22,4500,297000,679,Medium,TRUE,66,12,3072,High RAM,256,High,6,Large,47706,120,1080,2400,397,Ultra HD,3,1,48,16,64,144,android,FALSE,0
tecno,Tecno Spark 8 Pro,Budget,8799,72,FALSE,FALSE,FALSE,Helio G85,helio,8,2,16,5000,165000,735,Large,TRUE,33,4,256,Low RAM,64,Low,6,Large,23705,60,1080,2460,395,Ultra HD,3,1,48,8,56,144,android,TRUE,256
xiaomi,Xiaomi Redmi 10 Prime,Budget,12390,74,FALSE,FALSE,TRUE,Helio G88,helio,8,2,16,6000,108000,923,Large,TRUE,18,4,256,Low RAM,64,Low,6,Large,36440,90,1080,2400,404,Ultra HD,4,1,50,8,58,200,android,TRUE,512
samsung,Samsung Galaxy F22,Budget,11499,73,FALSE,FALSE,FALSE,Helio G80,helio,8,2,16,6000,-6000,937,Large,FALSE,-1,4,256,Low RAM,64,Low,6,Medium,24673,90,720,1600,274,Full HD,4,1,48,13,61,192,android,TRUE,1024
xiaomi,Xiaomi Mi Mix Alpha,Premium,199990,80,TRUE,FALSE,FALSE,Snapdragon 855+,snapdragon,8,2,23,4050,162000,511,Medium,TRUE,40,12,6144,High RAM,512,High,7,Large,23254,60,2088,2250,387,Ultra HD,3,1,108,16,124,324,android,FALSE,0
oppo,OPPO Reno 10 Pro,Premium,42990,86,TRUE,TRUE,FALSE,Dimensity 9000,dimensity,8,3,24,5000,600000,742,Large,TRUE,120,16,4096,High RAM,256,High,6,Large,47121,120,1080,2412,392,Ultra HD,2,1,50,32,82,100,android,FALSE,0
nubia,Nubia Z50,Mid-range,34999,82,TRUE,TRUE,FALSE,Snapdragon  8 Gen2,snapdragon,8,3,25,5000,400000,749,Large,TRUE,80,8,1024,Standard,128,Medium,6,Large,56818,144,1080,2400,394,Ultra HD,3,1,64,16,80,192,android,FALSE,0
samsung,Samsung Galaxy F13 (4GB RAM + 128GB),Budget,11999,75,FALSE,TRUE,FALSE,Exynos 850,exynos,8,2,16,6000,90000,909,Large,TRUE,15,4,512,Low RAM,128,Medium,6,Large,23991,60,2408,1080,399,Full HD,3,1,50,8,58,150,android,TRUE,1024
nokia,Nokia G11 Plus,Budget,10499,70,FALSE,FALSE,FALSE,Unisoc T606,unisoc,8,1,12,5000,50000,766,Large,TRUE,10,4,256,Low RAM,64,Low,6,Large,24219,90,720,1600,269,Full HD,2,1,50,8,58,100,android,TRUE,512
infinix,Infinix Hot 12 Play,Budget,8910,66,FALSE,FALSE,FALSE,Tiger T610,tiger,8,1,14,6000,108000,879,Large,TRUE,18,4,256,Low RAM,64,Low,6,Large,23636,90,1640,720,262,HD,2,1,13,8,21,26,android,TRUE,256
vivo,Vivo T2 5G,Mid-range,24990,85,TRUE,FALSE,FALSE,Snapdragon  870,snapdragon,8,3,25,4700,376000,709,Medium,TRUE,80,8,1024,Standard,128,Medium,6,Large,47706,120,1080,2400,397,Ultra HD,3,1,64,16,80,192,android,TRUE,1024
oppo,OPPO Reno7 Z 5G,Budget,17999,84,TRUE,TRUE,FALSE,Snapdragon  695,snapdragon,8,2,17,4500,148500,699,Medium,TRUE,33,8,1024,Standard,128,Medium,6,Medium,24558,60,1080,2400,409,Ultra HD,3,1,64,16,80,192,android,TRUE,256
xiaomi,Xiaomi Mi 11 Lite NE 5G (8GB RAM + 128GB),Mid-range,22999,86,TRUE,TRUE,TRUE,Snapdragon  778G,snapdragon,8,2,19,4250,140250,648,Medium,TRUE,33,8,1024,Standard,128,Medium,6,Large,36162,90,1080,2400,401,Ultra HD,3,1,64,20,84,192,android,TRUE,256
realme,Realme Narzo 50i,Budget,6490,78,FALSE,FALSE,FALSE,Unisoc  SC9863A,unisoc,8,1,12,5000,-5000,769,Large,FALSE,-1,2,64,Low RAM,32,Low,6,Large,16195,60,720,1600,269,Full HD,1,1,8,5,13,8,android,TRUE,256
infinix,Infinix Zero X Pro,Mid-range,21990,85,TRUE,FALSE,FALSE,Helio  G95,helio,8,2,16,4500,202500,674,Medium,TRUE,45,8,1024,Standard,128,Medium,6,Large,47348,120,1080,2400,394,Ultra HD,3,1,108,16,124,324,android,TRUE,512
samsung,Samsung Galaxy M32,Budget,12364,76,FALSE,FALSE,FALSE,Helio G80,helio,8,2,16,6000,90000,937,Large,TRUE,15,4,256,Low RAM,64,Low,6,Medium,37009,90,1080,2400,411,Ultra HD,4,1,64,20,84,256,android,TRUE,1024
samsung,Samsung Galaxy A82 5G,Mid-range,39990,86,TRUE,TRUE,FALSE,Snapdragon 855+,snapdragon,8,2,23,4500,112500,670,Medium,TRUE,25,6,768,Standard,128,Medium,6,Large,62755,120,1440,3200,522,Ultra HD,3,1,64,10,74,192,android,TRUE,1024
xiaomi,Xiaomi Poco F1,Budget,11999,77,FALSE,FALSE,FALSE,Snapdragon 845,snapdragon,8,2,22,4000,0,647,Medium,TRUE,0,6,384,Standard,64,Low,6,Medium,24195,60,1080,2246,403,Ultra HD,2,1,12,20,32,24,android,TRUE,256
vivo,Vivo Y25,Budget,7499,79,FALSE,FALSE,FALSE,Helio MT6580,helio,4,1,5,1900,-1900,422,Small,FALSE,-1,1,16,Low RAM,16,Low,4,Compact,13062,60,480,854,217,HD,1,1,5,2,7,5,android,TRUE,128
lyf,Lyf Earth 1,Budget,3990,60,FALSE,FALSE,FALSE,Snapdragon 615,snapdragon,8,1,12,3500,-3500,636,Small,FALSE,-1,3,96,Low RAM,32,Low,5,Compact,24031,60,1080,1920,400,Full HD,2,1,13,5,18,26,android,TRUE,64
motorola,Motorola Moto E13,Budget,10499,65,FALSE,FALSE,FALSE,Tiger T606,tiger,8,2,16,5000,50000,769,Large,TRUE,10,2,128,Low RAM,64,Low,6,Large,16195,60,720,1600,269,Full HD,1,1,13,5,18,13,android,TRUE,1024
tecno,Tecno Pop 6 Pro,Budget,6299,74,FALSE,FALSE,FALSE,Helio A22,helio,4,2,8,5000,-5000,762,Large,FALSE,-1,2,64,Low RAM,32,Low,6,Large,16047,60,720,1600,267,Full HD,2,1,8,5,13,16,android,TRUE,1024
itel,Itel A24 Pro,Budget,5990,61,FALSE,FALSE,FALSE,Unisoc  SC9832E,unisoc,4,1,5,3020,-3020,604,Small,FALSE,-1,2,64,Low RAM,32,Low,5,Compact,11755,60,854,480,195,HD,1,1,2,3,5,2,android,TRUE,256
vivo,Vivo X Fold Plus,Premium,113990,79,TRUE,TRUE,FALSE,Snapdragon 8+ Gen1,snapdragon,8,3,25,4730,378400,589,Medium,TRUE,80,12,3072,High RAM,256,High,8,Large,43148,120,1916,2160,359,Ultra HD,4,2,50,16,66,200,android,FALSE,0
huawei,Huawei Mate 50 RS Porsche Design,Premium,239999,81,FALSE,TRUE,TRUE,Snapdragon 8+ Gen1,snapdragon,8,3,25,4700,310200,697,Medium,TRUE,66,12,6144,High RAM,512,High,6,Large,51331,120,1212,2616,427,Ultra HD,3,1,50,13,63,150,other,TRUE,256
samsung,Samsung Galaxy F63,Mid-range,21999,84,TRUE,TRUE,FALSE,Dimensity 900,dimensity,8,2,16,7000,231000,1044,Large,TRUE,33,6,768,Standard,128,Medium,6,Large,23568,60,1080,2400,392,Ultra HD,4,1,64,32,96,256,android,TRUE,1024
iqoo,iQOO Z6 4G (6GB RAM + 128GB),Budget,15999,80,FALSE,FALSE,FALSE,Snapdragon  680,snapdragon,8,2,19,5000,220000,776,Large,TRUE,44,6,768,Standard,128,Medium,6,Medium,49039,120,1080,2400,408,Ultra HD,3,1,50,16,66,150,android,TRUE,1024
sony,Sony Xperia 5 II,Premium,69990,86,TRUE,TRUE,FALSE,Snapdragon 865,snapdragon,8,2,22,4000,84000,655,Medium,TRUE,21,8,1024,Standard,128,Medium,6,Medium,53934,120,1080,2520,449,Ultra HD,3,1,12,8,20,36,android,TRUE,256
vivo,Vivo Y3 (4GB RAM + 128GB),Budget,12990,71,FALSE,FALSE,FALSE,Helio P35,helio,8,2,18,5000,0,787,Large,TRUE,0,4,512,Low RAM,128,Medium,6,Medium,16097,60,720,1544,268,Full HD,3,1,13,16,29,39,android,TRUE,256
sony,Sony Xperia 1 IV (12GB RAM + 512GB),Premium,92980,80,TRUE,TRUE,FALSE,Snapdragon 8 Gen1,snapdragon,8,3,24,5000,150000,769,Large,TRUE,30,12,6144,High RAM,512,High,6,Large,77116,120,1644,3840,642,Ultra HD,4,1,12,12,24,48,android,TRUE,256
tecno,Tecno Pova 4 Pro,Budget,15999,74,FALSE,FALSE,FALSE,Helio G99,helio,8,2,17,6000,270000,900,Large,TRUE,45,8,2048,Standard,256,High,6,Large,23709,90,720,1600,263,Full HD,2,1,50,8,58,100,android,TRUE,1024
huawei,Huawei Nova 10 SE,Mid-range,23999,84,FALSE,TRUE,FALSE,Sanpdragon 680,snapdragon,8,2,19,4500,297000,674,Medium,TRUE,66,8,2048,Standard,256,High,6,Large,32585,90,1080,2160,362,Ultra HD,3,1,108,16,124,324,android,TRUE,256
vivo,Vivo T1x (4GB RAM + 128GB),Budget,12999,75,FALSE,FALSE,FALSE,Snapdragon 680,snapdragon,8,2,19,5000,90000,759,Large,TRUE,18,4,512,Low RAM,128,Medium,6,Large,36097,90,1080,2408,401,Ultra HD,2,1,50,8,58,100,android,TRUE,256
nubia,Nubia Red Magic 7S Pro,Premium,60990,86,TRUE,TRUE,FALSE,Snapdragon  8+ Gen1,snapdragon,8,3,25,5000,675000,735,Large,TRUE,135,12,3072,High RAM,256,High,6,Large,46443,120,1080,2400,387,Ultra HD,3,1,64,8,72,192,android,FALSE,0
motorola,Motorola Moto E32s (4GB RAM + 64GB),Budget,8859,67,FALSE,FALSE,FALSE,Helio G37,helio,8,1,14,5000,90000,769,Large,TRUE,18,4,256,Low RAM,64,Low,6,Large,24293,90,720,1600,269,Full HD,3,1,16,8,24,48,android,TRUE,256
iqoo,iQOO Neo 6 5G (12GB RAM + 256GB),Mid-range,33749,84,TRUE,FALSE,TRUE,Snapdragon 870,snapdragon,8,3,25,4700,376000,709,Medium,TRUE,80,12,3072,High RAM,256,High,6,Large,47706,120,1080,2400,397,Ultra HD,3,1,64,16,80,192,android,FALSE,0
samsung,Samsung Galaxy A15,Budget,15990,63,FALSE,FALSE,FALSE,snapdragon,snapdragon,8,2,18,5000,0,769,Large,TRUE,0,6,384,Standard,64,Low,6,Large,16195,60,720,1600,269,Full HD,3,1,48,8,56,144,android,TRUE,1024
poco,POCO X4 GT 5G,Mid-range,24990,84,TRUE,TRUE,TRUE,Dimensity 8100,dimensity,8,2,22,5080,340360,769,Large,TRUE,67,8,1024,Standard,128,Medium,6,Large,58617,144,1080,2460,407,Ultra HD,3,1,64,16,80,192,android,FALSE,0
realme,Realme Narzo 50 5G (4GB RAM + 128GB),Budget,14999,76,TRUE,FALSE,FALSE,Dimensity 810 5G,dimensity,8,2,19,5000,165000,757,Large,TRUE,33,4,512,Low RAM,128,Medium,6,Large,35888,90,1080,2400,398,Ultra HD,3,1,48,16,64,144,android,TRUE,1024
vivo,Vivo Y77 5G,Budget,17990,76,TRUE,FALSE,FALSE,Dimensity  930,dimensity,8,2,17,4500,360000,677,Medium,TRUE,80,6,768,Standard,128,Medium,6,Large,47365,120,1080,2388,394,Ultra HD,2,1,50,8,58,100,android,TRUE,1024
honor,Honor 60 SE 5G,Mid-range,24990,75,TRUE,FALSE,FALSE,Dimensity 900,dimensity,8,2,16,4300,283800,644,Medium,TRUE,66,8,1024,Standard,128,Medium,6,Large,46366,120,1080,2340,386,Ultra HD,3,1,64,16,80,192,android,FALSE,0
xiaomi,Xiaomi Redmi 11 Prime,Budget,11600,74,FALSE,FALSE,TRUE,Helio G99,helio,8,2,17,5000,90000,759,Large,TRUE,18,4,256,Low RAM,64,Low,6,Large,35997,90,1080,2400,399,Ultra HD,3,1,50,8,58,150,android,TRUE,512
realme,Realme C31,Budget,8299,62,FALSE,FALSE,FALSE,Tiger T612,tiger,8,1,14,5000,-5000,766,Large,FALSE,-1,3,96,Low RAM,32,Low,6,Large,16146,60,720,1600,269,Full HD,3,1,13,5,18,39,android,TRUE,1024
motorola,Motorola Moto G31 (6GB RAM+ 128GB),Budget,11999,78,FALSE,FALSE,FALSE,Helio  G85,helio,8,2,16,5000,100000,772,Large,TRUE,20,6,768,Standard,128,Medium,6,Medium,24406,60,1080,2400,406,Ultra HD,3,1,50,13,63,150,android,TRUE,1024
samsung,Samsung Galaxy Z Flip 4 5G,Premium,89999,88,TRUE,TRUE,FALSE,Snapdragon  8+ Gen1,snapdragon,8,3,25,3700,92500,552,Small,TRUE,25,8,1024,Standard,128,Medium,6,Large,51087,120,1080,2640,425,Ultra HD,2,1,12,10,22,24,android,FALSE,0
oneplus,OnePlus 6 (8GB RAM + 128GB),Mid-range,27999,77,FALSE,TRUE,FALSE,Snapdragon 845,snapdragon,8,2,22,3300,-3300,525,Small,FALSE,-1,8,1024,Standard,128,Medium,6,Medium,24103,60,1080,2280,401,Ultra HD,2,1,20,16,36,40,android,FALSE,0
google,Google Pixel 2 XL,Budget,15990,69,FALSE,TRUE,FALSE,Snapdragon 835,snapdragon,8,2,18,3520,0,586,Small,TRUE,0,4,512,Low RAM,128,Medium,6,Medium,32199,60,1440,2880,536,Ultra HD,1,1,2,8,10,2,android,FALSE,0
xiaomi,Xiaomi Redmi A1 Plus,Budget,7289,60,FALSE,FALSE,FALSE,Helio A22,helio,4,2,8,5000,50000,766,Large,TRUE,10,2,64,Low RAM,32,Low,6,Large,16146,60,720,1600,269,Full HD,2,1,8,5,13,16,android,TRUE,512
honor,Honor 70 5G (8GB RAM + 256GB),Mid-range,30990,86,TRUE,TRUE,FALSE,Snapdragon  778G Plus,snapdragon,8,2,20,4800,316800,719,Medium,TRUE,66,8,2048,Standard,256,High,6,Large,47348,120,1080,2400,394,Ultra HD,3,1,54,32,86,162,android,FALSE,0
realme,Realme Narzo 50 (6GB RAM + 128GB),Budget,15499,77,FALSE,FALSE,FALSE,Helio G96,helio,8,2,16,5000,165000,757,Large,TRUE,33,6,768,Standard,128,Medium,6,Large,48050,120,1080,2412,400,Ultra HD,3,1,50,16,66,150,android,TRUE,256
vivo,Vivo Y15s,Budget,8499,66,FALSE,FALSE,FALSE,Helio P35,helio,8,2,18,5000,-5000,768,Large,FALSE,-1,3,96,Low RAM,32,Low,6,Large,16170,60,720,1600,269,Full HD,2,1,13,8,21,26,android,TRUE,1024
samsung,Samsung Galaxy M32 (6GB RAM + 128GB),Budget,14490,80,FALSE,FALSE,FALSE,Helio G80,helio,8,2,16,6000,90000,937,Large,TRUE,15,6,768,Standard,128,Medium,6,Medium,37009,90,1080,2400,411,Ultra HD,4,1,64,20,84,256,android,TRUE,1024
samsung,Samsung Galaxy F42 5G,Budget,15490,80,TRUE,FALSE,FALSE,Dimensity 700 5G,dimensity,8,2,17,5000,75000,757,Large,TRUE,15,6,768,Standard,128,Medium,6,Large,35987,90,1080,2408,399,Ultra HD,3,1,64,8,72,192,android,TRUE,1024
realme,Realme Q5 5G,Budget,14990,78,TRUE,FALSE,FALSE,Snapdragon 695,snapdragon,8,2,17,5000,300000,757,Large,TRUE,60,6,768,Standard,128,Medium,6,Large,48050,120,1080,2412,400,Ultra HD,3,1,50,16,66,150,android,TRUE,256
poco,POCO M3 Pro 5G,Budget,15999,75,TRUE,FALSE,TRUE,Dimensity 700 5G,dimensity,8,2,17,5000,90000,769,Large,TRUE,18,4,256,Low RAM,64,Low,6,Large,36440,90,1080,2400,404,Ultra HD,3,1,48,8,56,144,android,TRUE,1024
google,Google Pixel 5,Mid-range,36000,82,TRUE,TRUE,FALSE,Snapdragon 765G,snapdragon,8,2,19,4080,73440,680,Medium,TRUE,18,8,1024,Standard,128,Medium,6,Medium,38658,90,1080,2340,429,Ultra HD,2,1,16,8,24,32,android,FALSE,0
oneplus,OnePlus 12 Pro,Premium,69999,84,TRUE,TRUE,FALSE,Snapdragon  8 Gen2,snapdragon,8,3,25,4800,720000,713,Medium,TRUE,150,12,3072,High RAM,256,High,6,Large,79241,144,1440,3412,550,Ultra HD,3,1,108,32,140,324,android,FALSE,0
xiaomi,Xiaomi Redmi Note 12 Discovery Edition,Mid-range,26990,86,TRUE,TRUE,TRUE,Dimensity 1080,dimensity,8,2,20,4300,903000,644,Medium,TRUE,210,8,2048,Standard,256,High,6,Large,47348,120,1080,2400,394,Ultra HD,3,1,200,16,216,600,android,FALSE,0
samsung,Samsung Galaxy M13 (4GB RAM + 64GB),Budget,10630,71,FALSE,FALSE,FALSE,Exynos  850,exynos,8,2,16,6000,90000,909,Large,TRUE,15,4,256,Low RAM,64,Low,6,Large,23925,60,1080,2400,398,Ultra HD,3,1,50,8,58,150,android,TRUE,1024
oppo,Oppo Reno 8 Pro (8GB RAM + 256GB),Premium,42990,85,TRUE,TRUE,FALSE,Dimensity 8100-Max,dimensity,8,2,22,4500,360000,671,Medium,TRUE,80,8,2048,Standard,256,High,6,Large,47332,120,1080,2412,394,Ultra HD,3,1,50,32,82,150,android,FALSE,0
vivo,Vivo Y78 5G,Mid-range,24990,77,TRUE,FALSE,FALSE,Dimensity 1300,dimensity,8,3,24,4500,0,683,Medium,TRUE,0,8,1024,Standard,128,Medium,6,Large,35997,90,1080,2400,399,Ultra HD,3,1,50,16,66,150,android,FALSE,0
iqoo,iQOO Z6 4G,Budget,14489,77,FALSE,FALSE,FALSE,Snapdragon  680,snapdragon,8,2,19,5000,220000,776,Large,TRUE,44,4,512,Low RAM,128,Medium,6,Medium,49039,120,1080,2400,408,Ultra HD,3,1,50,16,66,150,android,TRUE,1024
oppo,OPPO A76,Budget,16490,73,FALSE,FALSE,FALSE,Snapdragon  680,snapdragon,8,2,19,5000,165000,762,Large,TRUE,33,6,768,Standard,128,Medium,6,Large,24221,90,720,1612,269,Full HD,2,1,13,8,21,26,android,TRUE,256
realme,Realme 9 Pro Plus 5G (8GB RAM + 256GB),Mid-range,24494,82,TRUE,FALSE,FALSE,Dimensity  920 5G,dimensity,8,2,20,4500,270000,703,Medium,TRUE,60,8,2048,Standard,256,High,6,Medium,37009,90,1080,2400,411,Ultra HD,3,1,50,16,66,150,android,FALSE,0
vivo,Vivo Y01,Budget,7999,61,FALSE,FALSE,FALSE,Helio P35,helio,8,2,18,5000,-5000,768,Large,FALSE,-1,2,64,Low RAM,32,Low,6,Large,16170,60,720,1600,269,Full HD,1,1,8,5,13,8,android,TRUE,1024
motorola,Motorola Moto Edge S30 5G,Mid-range,23990,85,TRUE,FALSE,FALSE,Snapdragon 888+,snapdragon,8,2,23,5000,165000,735,Large,TRUE,33,6,768,Standard,128,Medium,6,Large,56893,144,1080,2460,395,Ultra HD,3,1,108,16,124,324,android,FALSE,0
realme,Realme GT 2 Pro 5G,Premium,49959,89,TRUE,TRUE,FALSE,Snapdragon 8 Gen1,snapdragon,8,3,24,5000,325000,746,Large,TRUE,65,8,1024,Standard,128,Medium,6,Large,63110,120,1440,3216,525,Ultra HD,3,1,50,32,82,150,android,FALSE,0
apple,Apple iPhone 13 Pro (256GB),Premium,129900,83,TRUE,TRUE,FALSE,Bionic A15,bionic,6,3,19,3095,0,507,Small,TRUE,0,6,1536,Standard,256,High,6,Medium,54870,120,1170,2532,457,Ultra HD,3,1,12,12,24,36,ios,FALSE,0
vivo,Vivo Y73 2021,Budget,19990,80,FALSE,FALSE,FALSE,Helio G95,helio,8,2,16,4000,132000,621,Medium,TRUE,33,8,1024,Standard,128,Medium,6,Medium,24519,60,1080,2400,408,Ultra HD,3,1,64,16,80,192,android,TRUE,256
samsung,Samsung Galaxy F14,Budget,14990,67,FALSE,TRUE,FALSE,snapdragon,snapdragon,8,2,18,5000,125000,755,Large,TRUE,25,4,256,Low RAM,64,Low,6,Large,23919,60,2408,1080,398,Full HD,3,1,50,16,66,150,android,TRUE,1024
vivo,Vivo V20,Mid-range,23269,85,FALSE,FALSE,FALSE,Snapdragon  720G,snapdragon,8,2,18,4000,132000,621,Medium,TRUE,33,8,1024,Standard,128,Medium,6,Medium,24519,60,1080,2400,408,Ultra HD,3,1,64,44,108,192,android,TRUE,1024
xiaomi,Xiaomi Redmi Note 9 Pro,Budget,13999,75,FALSE,FALSE,TRUE,Snapdragon 720G,snapdragon,8,2,18,5020,90360,752,Large,TRUE,18,4,256,Low RAM,64,Low,6,Large,23674,60,1080,2400,394,Ultra HD,4,1,48,16,64,192,android,TRUE,512
oneplus,OnePlus 10R Prime Edition,Mid-range,35389,85,TRUE,TRUE,FALSE,Dimensity 8100 Max,dimensity,8,2,22,5000,400000,746,Large,TRUE,80,8,1024,Standard,128,Medium,6,Large,47332,120,1080,2412,394,Ultra HD,3,1,50,16,66,150,android,FALSE,0
google,Google Pixel 6 Pro (12GB RAM + 256GB),Premium,79700,78,TRUE,TRUE,FALSE,Google  Tensor,google,8,2,22,5003,150090,745,Large,TRUE,30,12,3072,High RAM,256,High,6,Large,61453,120,1440,3120,512,Ultra HD,3,1,50,1,51,150,android,FALSE,0
nokia,Nokia C31,Budget,9499,62,FALSE,FALSE,FALSE,Unisoc  SC9863A,unisoc,8,1,12,5050,50500,749,Large,TRUE,10,3,96,Low RAM,32,Low,6,Large,15619,60,720,1600,260,Full HD,3,1,13,5,18,39,android,TRUE,256
infinix,Infinix Hot 12 Pro (8GB RAM+ 128GB),Budget,12340,76,FALSE,FALSE,FALSE,Tiger T616,tiger,8,2,16,5000,90000,757,Large,TRUE,18,8,1024,Standard,128,Medium,6,Large,24074,90,720,1612,267,Full HD,2,1,50,8,58,100,android,TRUE,256
poco,Poco M5,Budget,10799,74,FALSE,FALSE,TRUE,Helio G99,helio,8,2,17,5000,90000,759,Large,TRUE,18,4,256,Low RAM,64,Low,6,Large,35997,90,1080,2400,399,Ultra HD,3,1,50,8,58,150,android,TRUE,512
xiaomi,Xiaomi Redmi 10C (4GB RAM + 128GB),Budget,14990,73,FALSE,FALSE,FALSE,Snapdragon 680,snapdragon,8,2,19,6000,108000,895,Large,TRUE,18,4,512,Low RAM,128,Medium,6,Large,15712,60,720,1600,261,Full HD,2,1,50,5,55,100,android,TRUE,512
zte,ZTE Axon 40 Ultra 5G,Premium,61990,89,TRUE,TRUE,FALSE,Snapdragon 8 Gen1,snapdragon,8,3,24,5000,325000,735,Large,TRUE,65,8,1024,Standard,128,Medium,6,Large,47991,120,1116,2480,399,Ultra HD,3,1,64,16,80,192,android,FALSE,0
xiaomi,Xiaomi 12 Pro 5G (12GB RAM + 256GB),Premium,51880,80,TRUE,TRUE,TRUE,Snapdragon 8 Gen1,snapdragon,8,3,24,4600,552000,683,Medium,TRUE,120,12,3072,High RAM,256,High,6,Large,62568,120,1440,3200,521,Ultra HD,3,1,50,32,82,150,android,FALSE,0
oppo,OPPO K10 (8GB RAM + 128GB),Budget,16990,80,FALSE,FALSE,FALSE,Snapdragon 680,snapdragon,8,2,19,5000,165000,758,Large,TRUE,33,8,1024,Standard,128,Medium,6,Large,36092,90,1080,2412,401,Ultra HD,3,1,50,16,66,150,android,TRUE,1024
huawei,Huawei Nova 9 SE,Budget,19990,84,FALSE,TRUE,FALSE,Snapdragon  680,snapdragon,8,2,19,4000,264000,589,Medium,TRUE,66,8,1024,Standard,128,Medium,6,Large,34790,90,1080,2388,386,Ultra HD,4,1,108,16,124,432,android,TRUE,256
samsung,Samsung Galaxy S22 5G (8GB RAM + 256GB),Premium,57999,87,TRUE,TRUE,FALSE,Snapdragon  8 Gen1,snapdragon,8,3,24,3700,92500,606,Small,TRUE,25,8,2048,Standard,256,High,6,Medium,50699,120,1080,2340,422,Ultra HD,3,1,50,10,60,150,android,FALSE,0
lenovo,Lenovo Legion Y90,Premium,46990,87,TRUE,TRUE,FALSE,Snapdragon  8 Gen1,snapdragon,8,3,24,5600,380800,809,Large,TRUE,68,12,3072,High RAM,256,High,6,Large,55906,144,1080,2460,388,Ultra HD,2,1,64,16,80,128,android,FALSE,0
vivo,Vivo Y55 5G,Mid-range,20990,77,TRUE,TRUE,FALSE,Dimensity 700 5G,dimensity,8,2,17,5000,90000,759,Large,TRUE,18,4,512,Low RAM,128,Medium,6,Large,24064,60,1080,2408,401,Ultra HD,3,1,50,8,58,150,android,TRUE,256
nokia,Nokia X100 5G,Budget,17990,82,TRUE,TRUE,FALSE,Snapdragon  480,snapdragon,8,2,16,4470,80460,670,Medium,TRUE,18,6,768,Standard,128,Medium,6,Large,23674,60,1080,2400,394,Ultra HD,4,1,48,16,64,192,android,TRUE,1024
realme,Realme 8s 5G (8GB RAM + 128GB),Budget,17499,82,TRUE,FALSE,FALSE,Dimensity  810 5G,dimensity,8,2,19,5000,165000,769,Large,TRUE,33,8,1024,Standard,128,Medium,6,Large,36440,90,1080,2400,404,Ultra HD,3,1,64,16,80,192,android,TRUE,1024
realme,Realme 8s 5G,Budget,17999,80,TRUE,FALSE,FALSE,Dimensity  810 5G,dimensity,8,2,19,5000,165000,769,Large,TRUE,33,6,768,Standard,128,Medium,6,Large,36440,90,1080,2400,404,Ultra HD,3,1,64,16,80,192,android,TRUE,1024
nokia,Nokia X60 Pro 5G,Premium,49990,75,TRUE,FALSE,FALSE,Snapdragon  870,snapdragon,8,3,25,6000,264000,921,Large,TRUE,44,8,1024,Standard,128,Medium,6,Large,58376,144,1080,2408,405,Ultra HD,4,1,200,32,232,800,android,TRUE,256
poco,Poco X5,Budget,14999,74,TRUE,FALSE,TRUE,Snapdragon 695,snapdragon,8,2,17,5000,165000,749,Large,TRUE,33,4,512,Low RAM,128,Medium,6,Large,47348,120,1080,2400,394,Ultra HD,3,1,48,8,56,144,android,FALSE,0
xiaomi,Xiaomi Redmi Note 10 Pro Max (6GB RAM + 128GB),Budget,19980,82,FALSE,FALSE,TRUE,Snapdragon  732G,snapdragon,8,2,18,5020,165660,752,Large,TRUE,33,6,768,Standard,128,Medium,6,Large,47348,120,1080,2400,394,Ultra HD,4,1,108,16,124,432,android,TRUE,512
iqoo,iQOO 7 (12GB RAM + 256GB),Mid-range,35990,85,TRUE,TRUE,FALSE,Snapdragon 870,snapdragon,8,3,25,4400,290400,664,Medium,TRUE,66,12,3072,High RAM,256,High,6,Large,47706,120,1080,2400,397,Ultra HD,3,1,48,16,64,144,android,FALSE,0
realme,Realme 8,Budget,15999,78,FALSE,FALSE,FALSE,Helio G95,helio,8,2,16,5000,150000,781,Large,TRUE,30,4,512,Low RAM,128,Medium,6,Medium,24673,60,1080,2400,411,Ultra HD,4,1,64,16,80,256,android,TRUE,256
samsung,Samsung Galaxy S20,Premium,41999,88,FALSE,TRUE,FALSE,Exynos  990,exynos,8,2,21,4000,100000,645,Medium,TRUE,25,8,1024,Standard,128,Medium,6,Medium,67917,120,1440,3200,565,Ultra HD,3,1,64,10,74,192,android,TRUE,1024
xiaomi,Xiaomi Redmi K60E,Mid-range,25999,83,TRUE,TRUE,TRUE,Dimensity 8200,dimensity,8,3,24,5500,368500,824,Large,TRUE,67,8,1024,Standard,128,Medium,6,Large,63131,120,1440,3200,526,Ultra HD,3,1,48,20,68,144,android,FALSE,0
motorola,Motorola Moto E32s,Budget,7990,65,FALSE,FALSE,FALSE,Helio G37,helio,8,1,14,5000,90000,769,Large,TRUE,18,3,96,Low RAM,32,Low,6,Large,24293,90,720,1600,269,Full HD,3,1,16,8,24,48,android,TRUE,1024
oneplus,OnePlus Nord 3T 5G,Mid-range,29990,84,TRUE,TRUE,FALSE,Dimensity  1300,dimensity,8,3,24,4500,360000,699,Medium,TRUE,80,8,1024,Standard,128,Medium,6,Medium,36837,90,1080,2400,409,Ultra HD,3,1,50,32,82,150,android,FALSE,0
oppo,OPPO F23 Pro Plus 5G,Mid-range,27990,83,TRUE,FALSE,FALSE,Snapdragon  7 Gen1,snapdragon,8,2,18,4500,292500,699,Medium,TRUE,65,8,1024,Standard,128,Medium,6,Medium,37604,90,1080,2460,417,Ultra HD,4,1,50,16,66,200,android,TRUE,256
poco,Poco F5 Pro,Mid-range,29999,84,TRUE,TRUE,TRUE,Snapdragon  8+ Gen1,snapdragon,8,3,25,5500,368500,824,Large,TRUE,67,8,1024,Standard,128,Medium,6,Large,63131,120,1440,3200,526,Ultra HD,3,1,64,16,80,192,android,FALSE,0
oppo,OPPO A16e (4GB RAM + 64GB),Budget,8999,68,FALSE,FALSE,FALSE,Helio P22,helio,8,2,16,4230,-4230,648,Medium,FALSE,-1,4,256,Low RAM,64,Low,6,Large,16146,60,720,1600,269,Full HD,1,1,13,5,18,13,android,TRUE,1024
poco,POCO M4 Pro 4G (8GB RAM + 128GB),Budget,13999,81,FALSE,FALSE,TRUE,Helio G96,helio,8,2,16,5000,165000,777,Large,TRUE,33,8,1024,Standard,128,Medium,6,Medium,36837,90,1080,2400,409,Ultra HD,3,1,64,16,80,192,android,TRUE,1024
realme,Realme Narzo 50A,Budget,11499,71,FALSE,FALSE,FALSE,Helio  G85,helio,8,2,16,6000,108000,923,Large,TRUE,18,4,256,Low RAM,64,Low,6,Large,16195,60,720,1600,269,Full HD,3,1,50,8,58,150,android,TRUE,256
asus,Asus ROG Phone 5s 5G,Mid-range,39999,87,TRUE,TRUE,FALSE,Snapdragon  888+,snapdragon,8,2,23,6000,390000,884,Large,TRUE,65,8,1024,Standard,128,Medium,6,Large,56827,144,1080,2448,394,Ultra HD,3,1,64,24,88,192,android,FALSE,0
realme,Realme GT Master Edition 5G,Mid-range,27999,84,TRUE,TRUE,FALSE,Snapdragon  778G,snapdragon,8,2,19,4300,279500,668,Medium,TRUE,65,8,1024,Standard,128,Medium,6,Medium,49116,120,1080,2400,409,Ultra HD,3,1,64,32,96,192,android,FALSE,0
samsung,Samsung Galaxy A32 5G,Mid-range,24499,79,TRUE,TRUE,FALSE,Dimensity 720,dimensity,8,2,16,5000,75000,769,Large,TRUE,15,6,768,Standard,128,Medium,6,Large,24293,90,720,1600,269,Full HD,4,1,48,13,61,192,android,TRUE,1024
nubia,Nubia Red Magic 8 Pro Plus,Premium,60999,86,TRUE,TRUE,FALSE,Snapdragon 8 Gen2,snapdragon,8,3,25,5000,825000,735,Large,TRUE,165,12,3072,High RAM,256,High,6,Large,47991,120,1116,2480,399,Ultra HD,3,1,50,16,66,150,android,FALSE,0
samsung,Samsung Galaxy Z Fold 3,Premium,110999,89,TRUE,TRUE,FALSE,Snapdragon 888,snapdragon,8,2,22,4400,110000,578,Medium,TRUE,25,12,3072,High RAM,256,High,7,Large,44662,120,1768,2208,372,Ultra HD,3,2,12,10,22,36,android,FALSE,0
lg,LG Wing 5G,Premium,54999,89,TRUE,TRUE,FALSE,Snapdragon  765G,snapdragon,8,2,19,4000,0,588,Medium,TRUE,0,8,1024,Standard,128,Medium,6,Large,23705,60,1080,2460,395,Ultra HD,3,1,64,32,96,192,android,FALSE,0
xiaomi,Xiaomi Redmi Note 9 Pro Max,Budget,16490,80,FALSE,FALSE,TRUE,Snapdragon 720G,snapdragon,8,2,18,5020,165660,752,Large,TRUE,33,6,384,Standard,64,Low,6,Large,23674,60,1080,2400,394,Ultra HD,4,1,64,32,96,256,android,TRUE,512
samsung,Samsung Galaxy A52,Mid-range,24990,83,FALSE,FALSE,FALSE,Snapdragon  720G,snapdragon,8,2,18,4500,112500,692,Medium,TRUE,25,6,768,Standard,128,Medium,6,Large,36440,90,1080,2400,404,Ultra HD,4,1,64,32,96,256,android,TRUE,1024
vivo,Vivo Y71,Mid-range,25000,79,FALSE,FALSE,FALSE,Snapdragon 425,snapdragon,4,1,5,3360,-3360,560,Small,FALSE,-1,3,48,Low RAM,16,Low,6,Medium,16099,60,720,1440,268,Full HD,1,1,13,5,18,13,android,TRUE,256
samsung,Samsung Galaxy A04e (3GB RAM + 64GB),Budget,9950,66,FALSE,FALSE,FALSE,Helio P35,helio,8,2,18,5000,-5000,769,Large,FALSE,-1,3,192,Low RAM,64,Low,6,Large,16195,60,720,1600,269,Full HD,2,1,13,5,18,26,android,TRUE,1024
oppo,Oppo A56s,Budget,12999,75,TRUE,FALSE,FALSE,Dimensity 810,dimensity,8,2,19,5000,-5000,762,Large,FALSE,-1,8,1024,Standard,128,Medium,6,Large,16147,60,720,1612,269,Full HD,2,1,13,8,21,26,android,TRUE,256
oppo,Oppo Reno 8T 4G,Budget,19999,83,FALSE,TRUE,FALSE,Helio G99,helio,8,2,17,5000,330000,749,Large,TRUE,66,8,2048,Standard,256,High,6,Large,47348,120,1080,2400,394,Ultra HD,3,1,50,16,66,150,android,TRUE,1024
oppo,OPPO Reno 10,Mid-range,32999,84,TRUE,TRUE,FALSE,Snapdragon 778G Plus,snapdragon,8,2,20,5000,600000,742,Large,TRUE,120,8,2048,Standard,256,High,6,Large,47121,120,1080,2412,392,Ultra HD,3,1,50,32,82,150,android,FALSE,0
nokia,Nokia G60,Mid-range,28498,81,TRUE,TRUE,FALSE,Snapdragon  695,snapdragon,8,2,17,4500,90000,683,Medium,TRUE,20,6,768,Standard,128,Medium,6,Large,47996,120,1080,2400,399,Ultra HD,3,1,50,8,58,150,android,TRUE,256
oppo,OPPO A77 (4GB RAM + 128 GB),Budget,15998,71,FALSE,FALSE,FALSE,Helio G35,helio,8,2,18,5000,165000,762,Large,TRUE,33,4,512,Low RAM,128,Medium,6,Large,16047,60,720,1600,267,Full HD,2,1,50,8,58,100,android,TRUE,256
motorola,Motorola Edge 40 Pro 5G,Premium,59990,89,TRUE,TRUE,FALSE,Snapdragon 8 Gen2,snapdragon,8,3,25,4800,600000,716,Medium,TRUE,125,8,1024,Standard,128,Medium,6,Large,66163,165,1080,2460,400,Ultra HD,3,1,50,60,110,150,android,FALSE,0
oppo,Oppo K10x 5G,Budget,16990,78,TRUE,FALSE,FALSE,Snapdragon 695,snapdragon,8,2,17,5000,335000,758,Large,TRUE,67,6,768,Standard,128,Medium,6,Large,48122,120,1080,2412,401,Ultra HD,3,1,64,16,80,192,android,FALSE,0
iqoo,iQOO Z6 Pro 5G (12GB RAM + 256GB),Mid-range,27999,82,TRUE,FALSE,FALSE,Snapdragon  778G,snapdragon,8,2,19,4700,310200,729,Medium,TRUE,66,12,3072,High RAM,256,High,6,Medium,36830,90,1080,2404,409,Ultra HD,3,1,64,16,80,192,android,FALSE,0
nokia,Nokia G21 (6GB RAM + 128GB),Budget,13499,75,FALSE,FALSE,FALSE,Unisoc  T606,unisoc,8,1,12,5050,90900,776,Large,TRUE,18,6,768,Standard,128,Medium,6,Large,24293,90,720,1600,269,Full HD,3,1,50,8,58,150,android,TRUE,512
samsung,Samsung Galaxy A13 (6GB RAM + 128GB),Budget,16499,78,FALSE,FALSE,FALSE,snapdragon,snapdragon,8,2,16,5000,125000,757,Large,TRUE,25,6,768,Standard,128,Medium,6,Large,23991,60,1080,2408,399,Ultra HD,4,1,50,8,58,200,android,TRUE,1024
oppo,OPPO A16K (4GB RAM + 64GB),Budget,10999,66,FALSE,FALSE,FALSE,Helio G35,helio,8,2,18,4230,-4230,648,Medium,FALSE,-1,4,256,Low RAM,64,Low,6,Large,16146,60,720,1600,269,Full HD,1,1,13,5,18,13,android,TRUE,256
xiaomi,Xiaomi Redmi 10C,Budget,13990,71,FALSE,FALSE,FALSE,Snapdragon 680,snapdragon,8,2,19,6000,108000,895,Large,TRUE,18,4,256,Low RAM,64,Low,6,Large,15712,60,720,1600,261,Full HD,2,1,50,5,55,100,android,TRUE,512
tecno,Tecno Spark 9 Pro,Budget,9999,74,FALSE,FALSE,FALSE,Helio  G85,helio,8,2,16,5000,90000,757,Large,TRUE,18,4,256,Low RAM,64,Low,6,Large,36635,90,1080,2460,407,Ultra HD,3,1,48,32,80,144,android,TRUE,256
realme,Realme GT Neo 3 5G,Mid-range,31994,83,TRUE,TRUE,FALSE,Dimensity  8100,dimensity,8,2,22,5000,400000,746,Large,TRUE,80,8,1024,Standard,128,Medium,6,Large,47332,120,1080,2412,394,Ultra HD,3,1,50,16,66,150,android,FALSE,0
xiaomi,Xiaomi 11i HyperCharge 5G,Mid-range,24820,83,TRUE,FALSE,TRUE,Dimensity  920 5G,dimensity,8,2,20,4500,540000,674,Medium,TRUE,120,6,768,Standard,128,Medium,6,Large,47348,120,2400,1080,394,Full HD,3,1,108,16,124,324,android,TRUE,1024
iqoo,iQOO Neo 6 SE 5G,Mid-range,22990,83,TRUE,FALSE,FALSE,Snapdragon 870,snapdragon,8,3,25,4700,376000,709,Medium,TRUE,80,8,1024,Standard,128,Medium,6,Large,47706,120,1080,2400,397,Ultra HD,3,1,64,16,80,192,android,FALSE,0
iqoo,iQOO 9 Pro 5G,Premium,59990,88,TRUE,TRUE,FALSE,Snapdragon 8 Gen1,snapdragon,8,3,24,4700,564000,693,Medium,TRUE,120,8,2048,Standard,256,High,6,Large,62107,120,1440,3200,517,Ultra HD,3,1,50,16,66,150,android,FALSE,0
realme,Realme Narzo 50i (4GB RAM + 64GB),Budget,8999,62,FALSE,FALSE,FALSE,Unisoc  SC9863A,unisoc,8,1,12,5000,-5000,769,Large,FALSE,-1,4,256,Low RAM,64,Low,6,Large,16195,60,720,1600,269,Full HD,1,1,8,5,13,8,android,TRUE,256
xiaomi,Xiaomi Redmi 9 Activ (6GB RAM + 128GB),Budget,10499,72,FALSE,FALSE,FALSE,Helio G35,helio,8,2,18,5000,-5000,765,Large,FALSE,-1,6,768,Standard,128,Medium,6,Large,16121,60,720,1600,268,Full HD,2,1,13,5,18,26,android,TRUE,512
jio,Jio JioPhone Next (3GB RAM + 32GB),Budget,7499,64,FALSE,FALSE,FALSE,Qualcomm 215,snapdragon,4,1,5,3000,-3000,545,Small,FALSE,-1,3,96,Low RAM,32,Low,5,Compact,17563,60,720,1440,292,Full HD,1,1,13,8,21,13,android,TRUE,256
xiaomi,Xiaomi Redmi Note 8 2021,Budget,9990,75,FALSE,FALSE,TRUE,Helio G85,helio,8,2,16,4000,72000,634,Medium,TRUE,18,4,256,Low RAM,64,Low,6,Medium,24544,60,1080,2340,409,Ultra HD,4,1,48,13,61,192,android,TRUE,256
xiaomi,Xiaomi Redmi Note 10 5G,Budget,12490,76,TRUE,FALSE,TRUE,Dimensity 700 5G,dimensity,8,2,17,5000,90000,769,Large,TRUE,18,4,512,Low RAM,128,Medium,6,Large,36440,90,1080,2400,404,Ultra HD,3,1,48,8,56,144,android,TRUE,512
vivo,Vivo Y20G,Budget,13990,69,FALSE,FALSE,FALSE,Helio G80,helio,8,2,16,5000,90000,768,Large,TRUE,18,4,256,Low RAM,64,Low,6,Large,16170,60,720,1600,269,Full HD,3,1,13,8,21,39,android,TRUE,256
samsung,Samsung Galaxy A22 5G,Budget,17990,79,TRUE,FALSE,FALSE,Dimensity 700 5G,dimensity,8,2,17,5000,75000,757,Large,TRUE,15,6,768,Standard,128,Medium,6,Large,35987,90,1080,2408,399,Ultra HD,3,1,48,8,56,144,android,TRUE,1024
vivo,Vivo V21,Mid-range,24999,83,FALSE,FALSE,FALSE,Dimensity 800U,dimensity,8,2,19,4000,132000,621,Medium,TRUE,33,8,1024,Standard,128,Medium,6,Medium,36779,90,1080,2400,408,Ultra HD,3,1,64,44,108,192,android,TRUE,256
realme,Realme 7 Pro (8GB RAM + 128GB),Mid-range,21999,85,FALSE,FALSE,FALSE,Snapdragon 720G,snapdragon,8,2,18,4500,292500,703,Medium,TRUE,65,8,1024,Standard,128,Medium,6,Medium,24673,60,1080,2400,411,Ultra HD,4,1,64,32,96,256,android,TRUE,256
oneplus,OnePlus Nord Lite,Budget,19999,77,FALSE,FALSE,FALSE,Snapdragon 690,snapdragon,8,2,16,4300,129000,656,Medium,TRUE,30,8,1024,Standard,128,Medium,6,Large,36162,90,1080,2400,401,Ultra HD,3,1,48,16,64,144,android,FALSE,0
samsung,Samsung Galaxy S20 Ultra 5G,Premium,99999,79,TRUE,TRUE,FALSE,Exynos 990,exynos,8,2,21,5000,225000,724,Large,TRUE,45,12,1536,High RAM,128,Medium,6,Large,30513,60,1440,3200,508,Ultra HD,4,1,108,40,148,432,android,TRUE,1024
apple,Apple iPhone 11 Pro Max,Premium,109900,77,FALSE,TRUE,FALSE,A13 Bionic,bionic,6,2,15,3500,63000,538,Small,TRUE,18,4,256,Low RAM,64,Low,6,Large,27332,60,1242,2688,455,Ultra HD,3,1,12,12,24,36,ios,FALSE,0
apple,Apple iPhone 7s,Premium,52990,77,FALSE,FALSE,FALSE,Fusion APL1024,fusion,4,2,9,2230,-2230,474,Small,FALSE,-1,3,96,Low RAM,32,Low,4,Compact,19536,60,750,1334,325,Full HD,1,1,13,7,20,13,ios,FALSE,0
sony,Sony Xperia Ace IV,Budget,19990,80,FALSE,TRUE,FALSE,Snapdragon 4 Gen 1,snapdragon,8,2,16,5000,165000,769,Large,TRUE,33,8,1024,Standard,128,Medium,6,Large,48587,120,1080,2400,404,Ultra HD,2,1,50,16,66,100,android,TRUE,1024
samsung,Samsung Galaxy A04e (4GB RAM + 128GB),Budget,11499,69,FALSE,FALSE,FALSE,Helio P35,helio,8,2,18,5000,-5000,769,Large,FALSE,-1,4,512,Low RAM,128,Medium,6,Large,16195,60,720,1600,269,Full HD,2,1,13,5,18,26,android,TRUE,1024
xiaomi,Xiaomi Redmi Note 12 4G,Budget,13999,75,FALSE,FALSE,TRUE,Helio G99,helio,8,2,17,5000,165000,749,Large,TRUE,33,4,256,Low RAM,64,Low,6,Large,47348,120,1080,2400,394,Ultra HD,3,1,48,13,61,144,android,TRUE,1024
oukitel,Oukitel WP21,Mid-range,22990,82,FALSE,FALSE,FALSE,Helio G99,helio,8,2,17,9800,646800,1445,Large,TRUE,66,12,3072,High RAM,256,High,6,Large,46580,120,1080,2400,388,Ultra HD,3,1,64,16,80,192,android,FALSE,0
vivo,Vivo V28,Mid-range,28990,84,TRUE,FALSE,FALSE,Snapdragon 6 Gen 1,snapdragon,8,2,17,5000,400000,746,Large,TRUE,80,8,2048,Standard,256,High,6,Large,47136,120,1080,2400,392,Ultra HD,3,1,108,32,140,324,android,TRUE,256
poco,Poco F4 5G (8GB RAM + 128GB),Mid-range,27999,85,TRUE,TRUE,FALSE,Snapdragon  870,snapdragon,8,3,25,4500,301500,674,Medium,TRUE,67,8,1024,Standard,128,Medium,6,Large,47348,120,1080,2400,394,Ultra HD,3,1,64,20,84,192,android,FALSE,0
xiaomi,Xiaomi Redmi Note 11T Pro 5G,Budget,19990,82,TRUE,TRUE,TRUE,Dimensity  8100,dimensity,8,2,22,5080,340360,769,Large,TRUE,67,6,768,Standard,128,Medium,6,Large,58617,144,1080,2460,407,Ultra HD,3,1,64,16,80,192,android,TRUE,1024
realme,Realme Narzo 50 Pro 5G (8GB RAM + 128GB),Mid-range,22999,83,TRUE,FALSE,FALSE,Dimensity 920 5G,dimensity,8,2,20,5000,165000,781,Large,TRUE,33,8,1024,Standard,128,Medium,6,Medium,37009,90,1080,2400,411,Ultra HD,3,1,48,16,64,144,android,TRUE,1024
vivo,Vivo T1 44W (8GB RAM + 128GB),Budget,17999,82,FALSE,FALSE,FALSE,Snapdragon 680,snapdragon,8,2,19,5000,220000,776,Large,TRUE,44,8,1024,Standard,128,Medium,6,Medium,24587,60,1080,2408,409,Ultra HD,3,1,50,16,66,150,android,TRUE,1024
xiaomi,Xiaomi Redmi Note 11S (6GB RAM + 128GB),Budget,15499,81,FALSE,FALSE,TRUE,Helio  G96,helio,8,2,16,5000,165000,777,Large,TRUE,33,6,768,Standard,128,Medium,6,Medium,36837,90,1080,2400,409,Ultra HD,4,1,108,16,124,432,android,TRUE,512
lava,Lava Agni 5G,Budget,17990,84,TRUE,FALSE,FALSE,Dimensity  810 5G,dimensity,8,2,19,5000,150000,737,Large,TRUE,30,8,1024,Standard,128,Medium,6,Large,35663,90,1080,2460,396,Ultra HD,4,1,64,16,80,256,android,TRUE,1024
realme,Realme 8i (6GB RAM + 128GB),Budget,13999,77,FALSE,FALSE,FALSE,Helio G96,helio,8,2,16,5000,90000,757,Large,TRUE,18,6,768,Standard,128,Medium,6,Large,48050,120,1080,2412,400,Ultra HD,3,1,50,16,66,150,android,TRUE,256
oppo,OPPO A55 4G,Budget,13499,73,FALSE,FALSE,FALSE,Helio G35,helio,8,2,18,5000,90000,768,Large,TRUE,18,4,256,Low RAM,64,Low,6,Large,16170,60,720,1600,269,Full HD,3,1,50,16,66,150,android,TRUE,256
poco,POCO M3 Pro 5G (6GB RAM + 128GB),Budget,14799,79,TRUE,FALSE,TRUE,Dimensity 700 5G,dimensity,8,2,17,5000,90000,769,Large,TRUE,18,6,768,Standard,128,Medium,6,Large,36440,90,1080,2400,404,Ultra HD,3,1,48,8,56,144,android,TRUE,1024
realme,Realme C21Y,Budget,6999,62,FALSE,FALSE,FALSE,Unisoc T610,unisoc,8,1,14,5000,-5000,769,Large,FALSE,-1,3,96,Low RAM,32,Low,6,Large,16195,60,720,1600,269,Full HD,3,1,13,5,18,39,android,TRUE,256
oppo,OPPO A16,Budget,11999,69,FALSE,FALSE,FALSE,Helio G35,helio,8,2,18,5000,-5000,766,Large,FALSE,-1,4,256,Low RAM,64,Low,6,Large,16146,60,720,1600,269,Full HD,3,1,13,8,21,39,android,TRUE,256
vivo,Vivo V21 5G,Mid-range,23994,85,TRUE,FALSE,FALSE,Dimensity 800U,dimensity,8,2,19,4000,132000,621,Medium,TRUE,33,8,1024,Standard,128,Medium,6,Medium,36779,90,1080,2400,408,Ultra HD,3,1,64,44,108,192,android,TRUE,256
apple,Apple iPhone 12 Pro (512GB),Premium,139900,80,TRUE,TRUE,FALSE,Bionic A14,bionic,6,3,18,5000,-5000,819,Large,FALSE,-1,6,3072,Standard,512,High,6,Medium,27435,60,1170,2532,457,Ultra HD,3,1,12,12,24,36,ios,FALSE,0
sony,Sony Xperia 1 II,Premium,69999,89,TRUE,TRUE,FALSE,Snapdragon  865,snapdragon,8,2,22,4000,84000,615,Medium,TRUE,21,8,2048,Standard,256,High,6,Large,38558,60,1644,3840,642,Ultra HD,4,1,12,8,20,48,android,TRUE,256
motorola,Motorola Edge Plus,Premium,57999,89,TRUE,TRUE,FALSE,Snapdragon  865,snapdragon,8,2,22,5000,90000,746,Large,TRUE,18,12,3072,High RAM,256,High,6,Large,34619,90,1080,2340,384,Ultra HD,3,1,108,25,133,324,android,FALSE,0
samsung,Samsung Galaxy Note 20,Premium,86000,87,FALSE,TRUE,FALSE,Exynos  990,exynos,8,2,21,4300,107500,641,Medium,TRUE,25,8,2048,Standard,256,High,6,Large,23568,60,1080,2400,392,Ultra HD,3,1,64,10,74,192,android,FALSE,0
samsung,Samsung Galaxy A12,Budget,11999,71,FALSE,FALSE,FALSE,Helio P35,helio,8,2,18,5000,75000,769,Large,TRUE,15,4,256,Low RAM,64,Low,6,Large,15859,60,720,1560,264,Full HD,4,1,48,8,56,192,android,TRUE,256
xiaomi,Xiaomi Redmi Note 12 Pro 4G,Budget,14999,77,FALSE,TRUE,TRUE,Snapdragon 732G,snapdragon,8,2,18,5000,335000,749,Large,TRUE,67,6,768,Standard,128,Medium,6,Large,47348,120,1080,2400,394,Ultra HD,3,1,50,16,66,150,android,FALSE,0
realme,Realme GT Neo 3T (8GB RAM + 128GB),Mid-range,26499,81,TRUE,FALSE,FALSE,Snapdragon 870,snapdragon,8,3,25,5000,400000,755,Large,TRUE,80,8,1024,Standard,128,Medium,6,Large,47706,120,1080,2400,397,Ultra HD,3,1,64,16,80,192,android,FALSE,0
realme,Realme C30s (4GB RAM + 64GB),Budget,8990,62,FALSE,FALSE,FALSE,Unisoc SC9863A,unisoc,8,1,12,5000,50000,769,Large,TRUE,10,4,256,Low RAM,64,Low,6,Large,16195,60,720,1600,269,Full HD,1,1,8,5,13,8,android,TRUE,1024
apple,Apple iPhone 14 (512GB),Premium,95999,82,TRUE,TRUE,FALSE,Bionic A15,bionic,6,3,19,3279,0,537,Small,TRUE,0,6,3072,Standard,512,High,6,Medium,27435,60,1170,2532,457,Ultra HD,2,1,12,12,24,24,ios,FALSE,0
iqoo,iQOO 9T 5G,Premium,47990,85,TRUE,TRUE,TRUE,Snapdragon  8+ Gen1,snapdragon,8,3,25,4700,564000,693,Medium,TRUE,120,8,1024,Standard,128,Medium,6,Large,46580,120,1080,2400,388,Ultra HD,3,1,50,16,66,150,android,FALSE,0
tecno,Tecno Camon 19 Pro,Budget,17990,81,FALSE,FALSE,FALSE,Helio  G96,helio,8,2,16,5000,165000,735,Large,TRUE,33,8,1024,Standard,128,Medium,6,Large,47411,120,1080,2460,395,Ultra HD,3,1,64,32,96,192,android,FALSE,0
oneplus,OnePlus Nord 2 Lite 5G,Mid-range,22999,83,TRUE,TRUE,FALSE,Snapdragon 695,snapdragon,8,2,17,5000,165000,758,Large,TRUE,33,8,1024,Standard,128,Medium,6,Large,48122,120,1080,2412,401,Ultra HD,3,1,64,16,80,192,android,TRUE,256
samsung,Samsung Galaxy S22 Ultra 5G (8GB RAM + 128GB),Premium,99990,79,TRUE,TRUE,FALSE,Snapdragon  8 Gen1,snapdragon,8,3,24,5000,225000,735,Large,TRUE,45,8,1024,Standard,128,Medium,6,Large,60000,120,1440,3080,500,Ultra HD,4,1,108,40,148,432,android,FALSE,0
poco,POCO F4 GT 5G,Mid-range,39999,86,TRUE,TRUE,TRUE,Snapdragon  8 Gen1,snapdragon,8,3,24,4700,564000,704,Medium,TRUE,120,8,1024,Standard,128,Medium,6,Large,47348,120,1080,2400,394,Ultra HD,3,1,64,20,84,192,android,FALSE,0
xiaomi,Xiaomi 11T Pro 5G (12GB RAM + 256GB),Mid-range,38999,88,TRUE,TRUE,TRUE,Snapdragon  888,snapdragon,8,2,22,5000,600000,749,Large,TRUE,120,12,3072,High RAM,256,High,6,Large,47348,120,1080,2400,394,Ultra HD,3,1,108,16,124,324,android,FALSE,0
vivo,Vivo Y10,Budget,12490,63,FALSE,FALSE,FALSE,Helio P35,helio,8,2,18,5000,-5000,768,Large,FALSE,-1,4,512,Low RAM,128,Medium,6,Large,16170,60,720,1600,269,Full HD,2,1,13,8,21,26,android,FALSE,0
samsung,Samsung Galaxy A83 5G,Mid-range,39990,86,TRUE,TRUE,FALSE,Snapdragon 870,snapdragon,8,3,25,4500,112500,670,Medium,TRUE,25,6,768,Standard,128,Medium,6,Large,62755,120,1440,3200,522,Ultra HD,3,1,64,10,74,192,android,TRUE,1024
vivo,Vivo Y33s,Budget,16685,80,FALSE,FALSE,FALSE,Helio G80,helio,8,2,16,5000,90000,759,Large,TRUE,18,8,1024,Standard,128,Medium,6,Large,24064,60,1080,2408,401,Ultra HD,3,1,50,16,66,150,android,TRUE,1024
huawei,Huawei Mate 40 Pro 4G,Premium,69990,82,FALSE,TRUE,TRUE,Kirin  9000,kirin,8,3,25,4400,290400,650,Medium,TRUE,66,8,1024,Standard,128,Medium,6,Large,41014,90,1344,2772,455,Ultra HD,3,2,50,13,63,150,other,TRUE,256
micromax,Micromax IN 2B,Budget,6999,66,FALSE,FALSE,FALSE,Unisoc  T610,unisoc,8,1,14,5000,-5000,766,Large,FALSE,-1,4,256,Low RAM,64,Low,6,Large,16146,60,720,1600,269,Full HD,2,1,13,5,18,26,android,TRUE,256
asus,Asus ROG Phone 6,Premium,71999,86,TRUE,TRUE,FALSE,Snapdragon 8+ Gen1,snapdragon,8,3,25,6000,390000,884,Large,TRUE,65,12,3072,High RAM,256,High,6,Large,65115,165,1080,2448,394,Ultra HD,3,1,50,12,62,150,android,FALSE,0
realme,Realme X7 Max,Mid-range,26999,84,TRUE,TRUE,FALSE,Dimensity 1200,dimensity,8,3,24,4500,225000,699,Medium,TRUE,50,8,1024,Standard,128,Medium,6,Medium,49116,120,1080,2400,409,Ultra HD,3,1,64,16,80,192,android,FALSE,0
realme,Realme 8 5G,Budget,16499,75,TRUE,FALSE,FALSE,Dimensity 700 5G,dimensity,8,2,17,5000,90000,769,Large,TRUE,18,4,512,Low RAM,128,Medium,6,Large,36440,90,1080,2400,404,Ultra HD,3,1,48,16,64,144,android,TRUE,1024
oppo,OPPO A55 5G,Budget,17990,74,TRUE,FALSE,FALSE,Dimensity 700,dimensity,8,2,17,5000,-5000,769,Large,FALSE,-1,6,768,Standard,128,Medium,6,Large,16195,60,720,1600,269,Full HD,3,1,13,8,21,39,android,TRUE,256
xiaomi,Xiaomi Redmi 9,Budget,8999,68,FALSE,FALSE,FALSE,Helio G35,helio,8,2,18,5000,-5000,765,Large,FALSE,-1,4,256,Low RAM,64,Low,6,Large,16121,60,720,1600,268,Full HD,2,1,13,5,18,26,android,TRUE,512
apple,Apple iPhone SE 2020,Mid-range,39900,63,FALSE,TRUE,FALSE,A13 Bionic,bionic,6,2,15,1821,32778,387,Small,TRUE,18,3,192,Low RAM,64,Low,4,Compact,19536,60,750,1334,325,Full HD,1,1,12,7,19,12,ios,FALSE,0
letv,Letv Y1 Pro Plus,Budget,5999,60,FALSE,FALSE,FALSE,Tiger T610,tiger,4,1,7,4000,40000,615,Medium,TRUE,10,6,384,Standard,64,Low,6,Large,15859,60,720,1560,264,Full HD,2,1,8,5,13,16,android,FALSE,0
oneplus,OnePlus Nord 5,Mid-range,34999,76,TRUE,TRUE,FALSE,Dimensity  9200,dimensity,8,2,18,5000,600000,761,Large,TRUE,120,8,1024,Standard,128,Medium,6,Large,48069,120,1080,2400,400,Ultra HD,3,1,64,32,96,192,android,FALSE,0
vivo,Vivo Y73T,Budget,16990,77,TRUE,FALSE,FALSE,Dimensity 700,dimensity,8,2,16,6000,264000,911,Large,TRUE,44,8,1024,Standard,128,Medium,6,Large,24064,60,1080,2408,401,Ultra HD,2,1,50,8,58,100,android,FALSE,0
oppo,OPPO Reno 9 Z,Mid-range,22990,84,TRUE,TRUE,FALSE,Snapdragon  6 Gen 1,snapdragon,8,2,17,4800,158400,729,Medium,TRUE,33,8,1024,Standard,128,Medium,6,Large,47996,120,1080,2400,399,Ultra HD,3,1,50,32,82,150,android,TRUE,256
vivo,Vivo V25e,Budget,19990,84,FALSE,FALSE,FALSE,Helio G99,helio,8,2,17,4500,198000,698,Medium,TRUE,44,8,2048,Standard,256,High,6,Medium,36779,90,1080,2400,408,Ultra HD,3,1,64,32,96,192,android,TRUE,256
infinix,Infinix Hot 12 Pro,Budget,10850,74,FALSE,FALSE,FALSE,Tiger T616,tiger,8,2,16,5000,90000,757,Large,TRUE,18,6,384,Standard,64,Low,6,Large,24074,90,720,1612,267,Full HD,2,1,50,8,58,100,android,TRUE,256
realme,Realme Narzo 50 5G (4GB RAM + 64GB),Budget,13499,75,TRUE,FALSE,FALSE,Dimensity 810 5G,dimensity,8,2,19,5000,165000,757,Large,TRUE,33,4,256,Low RAM,64,Low,6,Large,35888,90,1080,2400,398,Ultra HD,3,1,48,16,64,144,android,TRUE,1024
itel,itel Vision 3,Budget,6699,61,FALSE,FALSE,FALSE,Unisoc  SC9863a,unisoc,8,1,12,5000,90000,757,Large,TRUE,18,3,192,Low RAM,64,Low,6,Large,16049,60,1612,720,267,HD,2,1,8,5,13,16,android,TRUE,128
oppo,OPPO A96 4G,Budget,17999,80,FALSE,FALSE,FALSE,Snapdragon  680,snapdragon,8,2,19,5000,165000,758,Large,TRUE,33,8,1024,Standard,128,Medium,6,Large,36092,90,1080,2412,401,Ultra HD,2,1,50,16,66,100,android,TRUE,256
xiaomi,Xiaomi Redmi Note 11E 5G,Budget,13990,69,TRUE,FALSE,TRUE,Dimensity 700 5G,dimensity,8,2,17,5000,90000,759,Large,TRUE,18,4,512,Low RAM,128,Medium,6,Large,36097,90,1080,2408,401,Ultra HD,2,1,50,5,55,100,android,FALSE,0
honor,Honor Magic 4 Pro Plus 5G,Premium,94990,76,TRUE,TRUE,FALSE,Snapdragon  8 Gen1,snapdragon,8,3,24,4600,552000,680,Medium,TRUE,120,12,6144,High RAM,512,High,6,Large,54685,120,1344,2772,455,Ultra HD,4,2,50,13,63,200,android,FALSE,0
tecno,Tecno Spark 9T,Budget,8968,72,FALSE,FALSE,FALSE,Helio G35,helio,8,2,18,5000,90000,757,Large,TRUE,18,4,256,Low RAM,64,Low,6,Large,23991,60,1080,2408,399,Ultra HD,3,1,50,8,58,150,android,TRUE,256
infinix,Infinix Smart 6,Budget,7320,60,FALSE,FALSE,FALSE,Helio A22,helio,4,2,8,5000,-5000,757,Large,FALSE,-1,2,128,Low RAM,64,Low,6,Large,15950,60,720,1600,265,Full HD,2,1,8,5,13,16,android,TRUE,512
realme,Realme C25Y (4GB RAM + 64GB),Budget,8999,69,FALSE,FALSE,FALSE,Tiger  T610,tiger,8,1,14,5000,90000,769,Large,TRUE,18,4,256,Low RAM,64,Low,6,Large,16195,60,1600,720,269,HD,3,1,50,8,58,150,android,TRUE,256
samsung,Samsung Galaxy A12 (6GB RAM + 128GB),Budget,13999,75,FALSE,FALSE,FALSE,Helio P35,helio,8,2,18,5000,75000,769,Large,TRUE,15,6,768,Standard,128,Medium,6,Large,15859,60,720,1560,264,Full HD,4,1,48,8,56,192,android,TRUE,256
tecno,Tecno Camon 19,Budget,14746,79,FALSE,TRUE,FALSE,Helio  G85,helio,8,2,16,5000,90000,735,Large,TRUE,18,6,768,Standard,128,Medium,6,Large,23705,60,1080,2460,395,Ultra HD,3,1,64,16,80,192,android,TRUE,512
xiaomi,Xiaomi Redmi Note 10 Pro 5G,Budget,16999,83,TRUE,TRUE,TRUE,Dimensity 1100 5G,dimensity,8,2,20,5000,335000,757,Large,TRUE,67,6,768,Standard,128,Medium,6,Large,47851,120,1080,2400,398,Ultra HD,3,1,64,16,80,192,android,TRUE,256
xiaomi,Xiaomi Mi 11X 5G (8GB RAM + 128GB),Mid-range,25990,83,TRUE,FALSE,TRUE,Snapdragon 870,snapdragon,8,3,25,4520,149160,677,Medium,TRUE,33,8,1024,Standard,128,Medium,6,Large,47348,120,1080,2400,394,Ultra HD,3,1,48,20,68,144,android,FALSE,0
xiaomi,Xiaomi Redmi Note 10 (6GB RAM + 128GB),Budget,16499,78,FALSE,FALSE,TRUE,Snapdragon 678,snapdragon,8,2,17,5000,165000,777,Large,TRUE,33,6,768,Standard,128,Medium,6,Medium,24558,60,1080,2400,409,Ultra HD,4,1,48,13,61,192,android,TRUE,512
xiaomi,Xiaomi Redmi Note 10 Pro Max,Budget,19999,81,FALSE,FALSE,TRUE,Snapdragon  732G,snapdragon,8,2,18,5020,165660,752,Large,TRUE,33,6,384,Standard,64,Low,6,Large,47348,120,1080,2400,394,Ultra HD,4,1,108,16,124,432,android,TRUE,512
xiaomi,Xiaomi Mi 10T 5G,Mid-range,23500,80,TRUE,TRUE,FALSE,Snapdragon 865,snapdragon,8,2,22,5000,165000,749,Large,TRUE,33,6,768,Standard,128,Medium,6,Large,56818,144,2400,1080,394,Full HD,3,1,64,20,84,192,android,FALSE,0
lg,LG Velvet 5G,Premium,54999,85,TRUE,TRUE,FALSE,Snapdragon  765G,snapdragon,8,2,19,4300,107500,632,Medium,TRUE,25,6,768,Standard,128,Medium,6,Large,23705,60,1080,2460,395,Ultra HD,3,1,48,16,64,144,android,TRUE,256
motorola,Motorola One Fusion Plus,Budget,19499,80,FALSE,FALSE,FALSE,Snapdragon 730G,snapdragon,8,2,17,5000,90000,769,Large,TRUE,18,6,768,Standard,128,Medium,6,Large,23789,60,1080,2340,396,Ultra HD,4,1,64,16,80,256,android,TRUE,1024
lg,LG V60 ThinQ,Premium,79990,87,TRUE,TRUE,FALSE,Snapdragon  865,snapdragon,8,2,22,5000,0,735,Large,TRUE,0,8,1024,Standard,128,Medium,6,Large,23705,60,1080,2460,395,Ultra HD,3,1,64,10,74,192,android,FALSE,0
samsung,Samsung Galaxy Note 10 Lite,Mid-range,39999,83,FALSE,TRUE,FALSE,Exynos 9810,exynos,8,2,21,4500,112500,671,Medium,TRUE,25,6,768,Standard,128,Medium,6,Large,23568,60,1080,2400,392,Ultra HD,3,1,12,32,44,36,android,TRUE,1024
samsung,Samsung Galaxy Note 10 Plus 5G,Premium,92999,89,TRUE,TRUE,TRUE,Exynos 9825,exynos,8,2,21,4300,0,632,Medium,TRUE,0,12,3072,High RAM,256,High,6,Large,29680,60,1440,3040,494,Ultra HD,4,1,12,10,22,48,android,TRUE,512
iqoo,iQOO Neo 7 Racing Edition,Mid-range,32990,84,TRUE,TRUE,TRUE,Snapdragon 8+ Gen1,snapdragon,8,3,25,5000,600000,737,Large,TRUE,120,8,2048,Standard,256,High,6,Large,46580,120,1080,2400,388,Ultra HD,3,1,50,16,66,150,android,FALSE,0
samsung,Samsung Galaxy A04s (4GB RAM + 128GB),Budget,14499,72,FALSE,FALSE,FALSE,Exynos 850,exynos,8,2,16,5000,75000,769,Large,TRUE,15,4,512,Low RAM,128,Medium,6,Large,24293,90,720,1600,269,Full HD,3,1,50,5,55,150,android,TRUE,1024
vivo,Vivo Y35 5G,Budget,13999,70,TRUE,FALSE,FALSE,Dimensity 700 5G,dimensity,8,2,17,5000,75000,768,Large,TRUE,15,4,512,Low RAM,128,Medium,6,Large,16170,60,720,1600,269,Full HD,2,1,13,5,18,26,android,TRUE,1024
vivo,Vivo Y02 (2GB RAM + 32GB),Budget,7999,79,FALSE,FALSE,FALSE,Helio,helio,8,2,18,5000,50000,768,Large,TRUE,10,2,64,Low RAM,32,Low,6,Large,16170,60,720,1600,269,Full HD,1,1,8,5,13,8,android,TRUE,1024
itel,itel Vision 3 (2GB RAM + 32GB),Budget,5785,61,FALSE,FALSE,FALSE,Unisoc  SC9863a,unisoc,8,1,12,5000,90000,757,Large,TRUE,18,2,64,Low RAM,32,Low,6,Large,16049,60,1612,720,267,HD,2,1,8,5,13,16,android,TRUE,128
xiaomi,Xiaomi Redmi Note 11R,Budget,12990,73,TRUE,FALSE,TRUE,Dimensity 700 5G,dimensity,8,2,17,5000,90000,759,Large,TRUE,18,4,512,Low RAM,128,Medium,6,Large,35997,90,1080,2400,399,Ultra HD,2,1,13,5,18,26,android,TRUE,512
poco,Poco M6 Pro,Budget,19990,84,TRUE,FALSE,TRUE,Dimensity  920 5G,dimensity,8,2,20,5100,612000,757,Large,TRUE,120,8,1024,Standard,128,Medium,6,Large,46926,120,1080,2400,391,Ultra HD,3,1,108,32,140,324,android,TRUE,1024
oppo,OPPO A97 5G,Mid-range,23990,79,TRUE,FALSE,FALSE,Dimensity 810 5G,dimensity,8,2,19,5000,165000,762,Large,TRUE,33,12,3072,High RAM,256,High,6,Large,36107,90,1080,2400,401,Ultra HD,2,1,48,8,56,96,android,TRUE,1024
samsung,Samsung Galaxy A24,Budget,17999,77,FALSE,FALSE,FALSE,Exynos 7904,exynos,8,1,14,4000,60000,625,Medium,TRUE,15,6,384,Standard,64,Low,6,Medium,24741,60,1080,2408,412,Ultra HD,3,1,48,16,64,144,android,TRUE,1024
infinix,Infinix Note 13 Pro,Budget,16999,80,FALSE,FALSE,FALSE,Helio  G99,helio,8,2,17,5000,600000,723,Large,TRUE,120,6,768,Standard,128,Medium,6,Large,23328,60,1080,2460,388,Ultra HD,4,1,108,16,124,432,android,TRUE,256
honor,Honor Play 30,Budget,9999,68,TRUE,FALSE,FALSE,Snapdragon 480+,snapdragon,8,2,17,5000,-5000,769,Large,FALSE,-1,4,512,Low RAM,128,Medium,6,Large,16195,60,720,1600,269,Full HD,1,1,13,5,18,13,android,TRUE,256
infinix,Infinix Smart 6 Plus,Budget,8299,63,FALSE,FALSE,FALSE,Helio G25,helio,8,2,16,5000,-5000,733,Large,FALSE,-1,3,192,Low RAM,64,Low,6,Large,15435,60,720,1600,257,Full HD,2,1,8,5,13,16,android,TRUE,512
sony,Sony Xperia 5 IV 5G,Premium,82199,89,TRUE,TRUE,FALSE,Snapdragon 8 Gen1,snapdragon,8,3,24,5000,150000,819,Large,TRUE,30,8,2048,Standard,256,High,6,Medium,53934,120,1080,2520,449,Ultra HD,3,1,12,12,24,36,android,TRUE,256
nubia,Nubia Z40 Pro 5G,Premium,49990,84,TRUE,TRUE,FALSE,Snapdragon  8 Gen1,snapdragon,8,3,24,5000,400000,749,Large,TRUE,80,8,1024,Standard,128,Medium,6,Large,56818,144,1080,2400,394,Ultra HD,3,1,64,16,80,192,android,FALSE,0
nokia,Nokia G21,Budget,11999,71,FALSE,FALSE,FALSE,Unisoc  T606,unisoc,8,1,12,5050,90900,776,Large,TRUE,18,4,256,Low RAM,64,Low,6,Large,24293,90,720,1600,269,Full HD,3,1,50,8,58,150,android,TRUE,512
xiaomi,Xiaomi 12 Lite 5G,Mid-range,29990,82,TRUE,TRUE,FALSE,Snapdragon 778G,snapdragon,8,2,19,4300,288100,656,Medium,TRUE,67,6,768,Standard,128,Medium,6,Large,48216,120,1080,2400,401,Ultra HD,3,1,108,32,140,324,android,FALSE,0
oppo,Oppo Find N 5G,Premium,92249,80,TRUE,TRUE,FALSE,Snapdragon  888,snapdragon,8,2,22,4500,148500,633,Medium,TRUE,33,8,2048,Standard,256,High,7,Large,44388,120,1792,1920,369,Full HD,3,1,50,32,82,150,android,FALSE,0
apple,Apple iPhone 13 Pro Max (256GB),Premium,139900,84,TRUE,TRUE,FALSE,Bionic A15,bionic,6,3,19,4352,0,649,Medium,TRUE,0,6,1536,Standard,256,High,6,Large,54812,120,1284,2778,456,Ultra HD,3,1,12,12,24,36,ios,FALSE,0
vivo,Vivo Y21s,Budget,14990,74,FALSE,FALSE,FALSE,Helio G80,helio,8,2,16,5000,90000,768,Large,TRUE,18,4,512,Low RAM,128,Medium,6,Large,16170,60,720,1600,269,Full HD,3,1,50,8,58,150,android,TRUE,1024
oppo,OPPO F19s,Budget,15988,79,FALSE,FALSE,FALSE,Snapdragon 662,snapdragon,8,2,16,5000,165000,777,Large,TRUE,33,6,768,Standard,128,Medium,6,Medium,24558,60,1080,2400,409,Ultra HD,3,1,48,16,64,144,android,TRUE,256
samsung,Samsung Galaxy M21 2021,Budget,11725,76,FALSE,FALSE,FALSE,Exynos 9611,exynos,8,2,18,6000,90000,937,Large,TRUE,15,4,256,Low RAM,64,Low,6,Medium,24161,60,1080,2340,402,Ultra HD,3,1,48,20,68,144,android,TRUE,512
oppo,OPPO F19 Pro,Budget,17994,80,FALSE,FALSE,FALSE,Helio P95,helio,8,2,17,4310,129300,670,Medium,TRUE,30,8,1024,Standard,128,Medium,6,Medium,24558,60,1080,2400,409,Ultra HD,4,1,48,16,64,192,android,TRUE,256
oppo,OPPO X 2021,Premium,134999,86,FALSE,FALSE,FALSE,Snapdragon 865,snapdragon,8,2,22,4000,180000,540,Medium,TRUE,45,8,2048,Standard,256,High,7,Large,28451,60,1440,3200,474,Ultra HD,3,1,64,16,80,192,android,FALSE,0
oneplus,OnePlus Nord N10,Mid-range,25595,81,TRUE,TRUE,FALSE,Snapdragon 690,snapdragon,8,2,16,4300,129000,662,Medium,TRUE,30,6,768,Standard,128,Medium,6,Medium,36496,90,1080,2400,405,Ultra HD,4,1,64,16,80,256,android,TRUE,512
gionee,Gionee M12 Pro,Budget,7499,67,FALSE,FALSE,FALSE,Helio P60,helio,8,1,15,4000,-4000,645,Medium,FALSE,-1,6,768,Standard,128,Medium,6,Medium,16276,60,720,1520,271,Full HD,1,1,16,13,29,16,android,TRUE,256
poco,Poco M2,Budget,10890,74,FALSE,FALSE,TRUE,Helio G80,helio,8,2,16,5000,90000,765,Large,TRUE,18,6,384,Standard,64,Low,6,Large,23680,60,1080,2340,394,Ultra HD,4,1,13,8,21,52,android,TRUE,512
oppo,OPPO F17 Pro,Budget,18990,83,FALSE,FALSE,FALSE,Helio P95,helio,8,2,17,4015,120450,624,Medium,TRUE,30,8,1024,Standard,128,Medium,6,Medium,24558,60,1080,2400,409,Ultra HD,4,2,48,16,64,192,android,TRUE,256
motorola,Motorola Moto G 5G,Budget,19990,82,TRUE,TRUE,FALSE,Snapdragon  750G,snapdragon,8,2,17,5000,100000,749,Large,TRUE,20,6,768,Standard,128,Medium,6,Large,23674,60,1080,2400,394,Ultra HD,3,1,48,16,64,144,android,TRUE,1024
samsung,Samsung Galaxy A50s,Budget,15990,80,FALSE,TRUE,FALSE,Exynos  9611,exynos,8,2,18,4000,60000,625,Medium,TRUE,15,4,512,Low RAM,128,Medium,6,Medium,24161,60,1080,2340,402,Ultra HD,3,1,48,32,80,144,android,TRUE,512
samsung,Samsung Galaxy Note 10 Plus,Premium,58999,89,FALSE,TRUE,FALSE,Exynos 9825,exynos,8,2,21,4300,193500,632,Medium,TRUE,45,12,3072,High RAM,256,High,6,Large,29680,60,1440,3040,494,Ultra HD,4,1,12,10,22,48,android,TRUE,1024
vivo,Vivo Y15,Budget,12500,71,FALSE,FALSE,FALSE,Helio P22,helio,8,2,16,5000,-5000,787,Large,FALSE,-1,4,256,Low RAM,64,Low,6,Medium,16097,60,720,1544,268,Full HD,3,1,13,16,29,39,android,TRUE,256
vivo,Vivo S1 Pro,Mid-range,29999,82,FALSE,FALSE,FALSE,Snapdragon  665,snapdragon,8,2,16,4500,81000,705,Medium,TRUE,18,8,1024,Standard,128,Medium,6,Medium,24237,60,1080,2340,403,Ultra HD,4,1,48,32,80,192,android,TRUE,256
vivo,Vivo T3 Pro,Mid-range,31990,86,TRUE,FALSE,FALSE,Snapdragon  782G,snapdragon,8,2,21,4700,376000,704,Medium,TRUE,80,8,2048,Standard,256,High,6,Large,47480,120,1080,2408,395,Ultra HD,3,1,64,32,96,192,android,TRUE,1024
vivo,Vivo V21s,Mid-range,29999,86,TRUE,TRUE,FALSE,Dimensity 800U,dimensity,8,2,19,4000,132000,621,Medium,TRUE,33,8,1024,Standard,128,Medium,6,Medium,36779,90,1080,2400,408,Ultra HD,3,1,64,44,108,192,android,TRUE,256
asus,Asus ROG Phone 6D Ultimate,Premium,107990,87,TRUE,TRUE,FALSE,Dimensity 9000 Plus,dimensity,8,3,25,6000,390000,884,Large,TRUE,65,16,8192,High RAM,512,High,6,Large,65115,165,1080,2448,394,Ultra HD,3,1,50,12,62,150,android,FALSE,0
motorola,Motorola Moto Edge 30 Neo,Mid-range,31990,84,TRUE,TRUE,FALSE,Snapdragon 695,snapdragon,8,2,17,4020,273360,640,Medium,TRUE,68,8,1024,Standard,128,Medium,6,Medium,50289,120,1080,2400,419,Ultra HD,2,1,64,32,96,128,android,FALSE,0
xiaomi,Xiaomi 12T,Premium,48990,87,TRUE,TRUE,TRUE,Dimensity 8100 Ultra,dimensity,8,2,22,5000,600000,749,Large,TRUE,120,8,1024,Standard,128,Medium,6,Large,53501,120,1220,2712,445,Ultra HD,3,1,108,20,128,324,android,FALSE,0
huawei,Huawei Mate 50 Pro 5G,Premium,99990,85,TRUE,TRUE,FALSE,Kirin 9000E,kirin,8,3,25,4500,297000,665,Medium,TRUE,66,8,2048,Standard,256,High,6,Large,62291,120,1440,3200,519,Ultra HD,3,1,64,13,77,192,other,FALSE,0
realme,Realme C32,Budget,9499,65,FALSE,FALSE,FALSE,Tiger T612,tiger,8,1,14,5000,-5000,766,Large,FALSE,-1,4,256,Low RAM,64,Low,6,Large,16146,60,720,1600,269,Full HD,3,1,13,5,18,39,android,TRUE,1024
huawei,Huawei Mate Xs 2,Premium,162990,89,FALSE,TRUE,TRUE,Snapdragon 888,snapdragon,8,2,22,4600,303600,589,Medium,TRUE,66,8,4096,Standard,512,High,7,Large,51002,120,2200,2480,425,Ultra HD,3,1,50,7,57,150,android,FALSE,0
iqoo,iQOO Z7 Pro 5G,Mid-range,24999,80,TRUE,FALSE,FALSE,Snapdragon  7 Gen1,snapdragon,8,2,18,5000,335000,755,Large,TRUE,67,6,768,Standard,128,Medium,6,Large,57485,144,1080,2412,399,Ultra HD,3,1,50,16,66,150,android,TRUE,1024
apple,Apple iPhone 15,Premium,82990,72,FALSE,TRUE,FALSE,Bionic  A16,bionic,8,2,18,3285,0,542,Small,TRUE,0,6,768,Standard,128,Medium,6,Medium,27616,60,1170,2532,460,Ultra HD,2,1,50,13,63,100,ios,FALSE,0
infinix,Infinix Note 11S (8GB RAM + 128GB),Budget,15999,79,FALSE,FALSE,FALSE,Helio G96,helio,8,2,16,5000,165000,719,Large,TRUE,33,8,1024,Standard,128,Medium,6,Large,46387,120,1080,2460,386,Ultra HD,3,1,50,16,66,150,android,TRUE,2048
tecno,Tecno Spark 8 (4GB RAM + 64GB),Budget,8999,64,FALSE,FALSE,FALSE,Helio A25,helio,8,1,14,5000,-5000,766,Large,FALSE,-1,4,256,Low RAM,64,Low,6,Large,16146,60,720,1600,269,Full HD,2,1,16,8,24,32,android,TRUE,256
oppo,Oppo A56 5G,Budget,17990,73,TRUE,FALSE,FALSE,Dimensity 700 5G,dimensity,8,2,17,5000,-5000,769,Large,FALSE,-1,6,768,Standard,128,Medium,6,Large,16195,60,720,1600,269,Full HD,2,1,13,8,21,26,android,TRUE,256
vivo,Vivo X80 Pro Plus 5G,Premium,82990,79,TRUE,TRUE,FALSE,Snapdragon 8+ Gen1,snapdragon,8,3,25,4500,540000,663,Medium,TRUE,120,12,3072,High RAM,256,High,6,Large,62107,120,1440,3200,517,Ultra HD,4,1,50,32,82,200,android,FALSE,0
xiaomi,Xiaomi Redmi 10 Prime (6GB RAM + 128GB),Budget,12999,77,FALSE,FALSE,TRUE,Helio G88,helio,8,2,16,6000,108000,923,Large,TRUE,18,6,768,Standard,128,Medium,6,Large,36440,90,1080,2400,404,Ultra HD,4,1,50,8,58,200,android,TRUE,512
huawei,Huawei Nova 9,Mid-range,29990,83,FALSE,TRUE,FALSE,Snapdragon  778G,snapdragon,8,2,19,4300,283800,654,Medium,TRUE,66,8,1024,Standard,128,Medium,6,Large,47072,120,1080,2340,392,Ultra HD,4,1,50,32,82,200,other,FALSE,0
tecno,Tecno Pop 5 Go,Budget,6999,74,FALSE,FALSE,FALSE,Spreadtrum  SC7731,spreadtrum,4,1,5,4000,-4000,655,Medium,FALSE,-1,1,16,Low RAM,16,Low,6,Medium,16543,60,720,1520,275,Full HD,2,1,5,5,10,10,android,TRUE,256
huawei,Huawei P50 Pro 4G,Premium,60999,82,FALSE,TRUE,TRUE,Snapdragon 888,snapdragon,8,2,22,4360,287760,660,Medium,TRUE,66,8,2048,Standard,256,High,6,Large,54390,120,1288,2700,453,Ultra HD,4,1,50,13,63,200,other,TRUE,256
xiaomi,Xiaomi Redmi K50 5G,Mid-range,27990,83,TRUE,TRUE,TRUE,Dimensity  8100,dimensity,8,2,22,5500,368500,824,Large,TRUE,67,8,1024,Standard,128,Medium,6,Large,63131,120,1440,3200,526,Ultra HD,3,1,48,20,68,144,android,FALSE,0
nokia,Nokia C01 Plus,Budget,5249,75,FALSE,FALSE,FALSE,Unisoc  SC9863A,unisoc,8,1,12,3000,-3000,550,Small,FALSE,-1,2,32,Low RAM,16,Low,5,Compact,17724,60,720,1440,295,Full HD,1,1,5,5,10,5,android,TRUE,256
realme,Realme Q3,Budget,14999,80,TRUE,FALSE,FALSE,Snapdragon  750G,snapdragon,8,2,17,5000,150000,769,Large,TRUE,30,6,768,Standard,128,Medium,6,Large,48587,120,1080,2400,404,Ultra HD,3,1,48,16,64,144,android,TRUE,256
oppo,OPPO Reno 6 Pro Plus 5G,Premium,44990,87,TRUE,TRUE,FALSE,Snapdragon 870,snapdragon,8,3,25,4500,292500,687,Medium,TRUE,65,8,1024,Standard,128,Medium,6,Large,36162,90,1080,2400,401,Ultra HD,4,1,50,32,82,200,android,FALSE,0
motorola,Motorola Edge S,Mid-range,22490,87,TRUE,TRUE,FALSE,Snapdragon 870,snapdragon,8,3,25,5000,100000,746,Large,TRUE,20,6,768,Standard,128,Medium,6,Large,36828,90,1080,2520,409,Ultra HD,4,2,64,16,80,256,android,TRUE,256
oppo,Oppo Find X3 Pro,Premium,50990,80,TRUE,TRUE,FALSE,Snapdragon  888,snapdragon,8,2,22,4500,292500,671,Medium,TRUE,65,12,3072,High RAM,256,High,6,Large,63110,120,1440,3216,525,Ultra HD,4,1,50,32,82,200,android,FALSE,0
poco,Poco M3,Budget,11499,75,FALSE,FALSE,TRUE,Snapdragon 662,snapdragon,8,2,16,6000,108000,918,Large,TRUE,18,6,384,Standard,64,Low,6,Large,23680,60,1080,2340,394,Ultra HD,3,1,48,8,56,144,android,TRUE,512
itel,itel S16,Budget,5990,61,FALSE,FALSE,FALSE,Unisoc SC7731E,unisoc,4,1,5,4000,-4000,615,Medium,FALSE,-1,1,16,Low RAM,16,Low,6,Large,16195,60,1600,720,269,HD,3,1,8,8,16,24,android,TRUE,32
vivo,Vivo V20 Pro,Mid-range,27000,84,TRUE,FALSE,FALSE,Snapdragon 765G,snapdragon,8,2,19,4000,132000,621,Medium,TRUE,33,8,1024,Standard,128,Medium,6,Medium,24519,60,1080,2400,408,Ultra HD,3,2,64,44,108,192,android,FALSE,0
xiaomi,Xiaomi Mi 10T Pro 5G,Mid-range,29999,86,TRUE,TRUE,TRUE,Snapdragon 865,snapdragon,8,2,22,5000,165000,749,Large,TRUE,33,8,1024,Standard,128,Medium,6,Large,56818,144,1080,2400,394,Ultra HD,3,1,108,20,128,324,android,FALSE,0
vivo,Vivo V19 (8GB RAM + 256GB),Mid-range,27990,84,FALSE,FALSE,FALSE,Snapdragon  712,snapdragon,8,2,18,4500,148500,698,Medium,TRUE,33,8,2048,Standard,256,High,6,Medium,24519,60,1080,2400,408,Ultra HD,4,2,48,32,80,192,android,TRUE,512
samsung,Samsung Galaxy S20 5G,Premium,74999,89,TRUE,TRUE,FALSE,Exynos  990,exynos,8,2,21,4000,100000,645,Medium,TRUE,25,8,1024,Standard,128,Medium,6,Medium,33958,60,1440,3200,565,Ultra HD,3,1,64,10,74,192,android,TRUE,1024
vivo,Vivo U3,Budget,9990,72,FALSE,FALSE,FALSE,Snapdragon  675,snapdragon,8,2,16,5000,90000,765,Large,TRUE,18,4,256,Low RAM,64,Low,6,Large,23680,60,1080,2340,394,Ultra HD,3,1,16,16,32,48,android,TRUE,256
oppo,Oppo K5 (8GB RAM + 128GB),Budget,19990,82,FALSE,FALSE,FALSE,Snapdragon  730G,snapdragon,8,2,17,4000,120000,625,Medium,TRUE,30,8,1024,Standard,128,Medium,6,Medium,24161,60,1080,2340,402,Ultra HD,4,1,64,32,96,256,android,TRUE,256
realme,Realme XT,Budget,13279,75,FALSE,FALSE,FALSE,Snapdragon 712,snapdragon,8,2,18,4000,80000,625,Medium,TRUE,20,4,256,Low RAM,64,Low,6,Medium,24161,60,1080,2340,402,Ultra HD,4,1,64,16,80,256,android,TRUE,256
vivo,Vivo Y12 (3GB RAM + 64GB),Budget,11000,68,FALSE,FALSE,FALSE,Helio  P22,helio,8,2,16,5000,-5000,787,Large,FALSE,-1,3,192,Low RAM,64,Low,6,Medium,16097,60,720,1544,268,Full HD,3,1,13,8,21,39,android,TRUE,256
xiaomi,Xiaomi Poco F1 (6GB RAM + 128GB),Budget,12999,78,FALSE,FALSE,FALSE,Snapdragon 845,snapdragon,8,2,22,4000,0,647,Medium,TRUE,0,6,768,Standard,128,Medium,6,Medium,24195,60,1080,2246,403,Ultra HD,2,1,12,20,32,24,android,TRUE,256
poco,Poco C50 (3GB RAM + 32GB),Budget,7299,61,FALSE,FALSE,FALSE,Helio A22,helio,4,2,8,5000,50000,766,Large,TRUE,10,3,96,Low RAM,32,Low,6,Large,16146,60,720,1600,269,Full HD,2,1,8,5,13,16,android,TRUE,512
ikall,iKall Z19,Budget,7999,61,FALSE,FALSE,FALSE,snapdragon,snapdragon,4,1,6,5000,-5000,769,Large,FALSE,-1,4,128,Low RAM,32,Low,6,Large,16195,60,720,1600,269,Full HD,1,1,20,13,33,20,android,TRUE,128
xiaomi,Xiaomi Redmi K60 Gaming Edition,Premium,54990,86,TRUE,TRUE,TRUE,Snapdragon 8 Gen2,snapdragon,8,3,25,5000,335000,742,Large,TRUE,67,8,1024,Standard,128,Medium,6,Large,62568,120,1440,3200,521,Ultra HD,3,1,50,20,70,150,android,FALSE,0
vivo,Vivo S17 Pro,Premium,49990,77,TRUE,TRUE,FALSE,Dimensity 9200,dimensity,8,2,18,5000,600000,749,Large,TRUE,120,12,3072,High RAM,256,High,6,Large,47348,120,1080,2400,394,Ultra HD,3,1,50,32,82,150,android,FALSE,0
honor,Honor 80 Pro Plus,Premium,54990,76,TRUE,TRUE,FALSE,Snapdragon 8 Gen1,snapdragon,8,3,24,4500,450000,663,Medium,TRUE,100,12,3072,High RAM,256,High,6,Large,51519,120,1200,2652,429,Ultra HD,3,1,200,50,250,600,android,FALSE,0
apple,Apple iPhone SE 4,Premium,49990,60,TRUE,TRUE,FALSE,Bionic  A15,bionic,6,3,19,5000,-5000,819,Large,FALSE,-1,4,256,Low RAM,64,Low,6,Medium,17202,60,750,1580,286,Full HD,1,1,12,8,20,12,ios,FALSE,0
tecno,Tecno Pova Neo 5G,Budget,15499,71,FALSE,FALSE,FALSE,Dimensity 810 5G,dimensity,8,2,19,6000,108000,882,Large,TRUE,18,4,512,Low RAM,128,Medium,6,Large,46443,120,1080,2400,387,Ultra HD,2,1,50,8,58,100,android,TRUE,1024
apple,Apple iPhone 14 Pro Max (512GB),Premium,169900,78,TRUE,TRUE,FALSE,Bionic  A16,bionic,6,2,13,4323,0,645,Medium,TRUE,0,6,3072,Standard,512,High,6,Large,55150,120,1290,2796,459,Ultra HD,3,1,48,12,60,144,ios,FALSE,0
google,Google Pixel 8,Premium,53990,75,TRUE,TRUE,FALSE,Google Tensor 3,google,8,2,18,4830,323610,731,Medium,TRUE,67,8,1024,Standard,128,Medium,6,Large,47851,120,1080,2400,398,Ultra HD,2,1,50,1,51,100,android,FALSE,0
vivo,Vivo T2x 5G,Budget,18990,80,TRUE,FALSE,FALSE,Dimensity 1300,dimensity,8,3,24,6000,264000,911,Large,TRUE,44,8,1024,Standard,128,Medium,6,Large,48129,120,1080,2408,401,Ultra HD,2,1,50,16,66,100,android,FALSE,0
motorola,Motorola Moto G52 5G,Budget,16999,76,TRUE,TRUE,FALSE,Snapdragon 695,snapdragon,8,2,17,5000,165000,757,Large,TRUE,33,4,256,Low RAM,64,Low,6,Large,36635,90,2460,1080,407,Full HD,3,1,50,16,66,150,android,TRUE,256
motorola,Motorola Edge 40 5G,Mid-range,34999,86,TRUE,TRUE,FALSE,Snapdragon 7 Gen1,snapdragon,8,2,18,4200,281400,646,Medium,TRUE,67,8,1024,Standard,128,Medium,6,Large,58547,144,1080,2412,406,Ultra HD,3,1,50,32,82,150,android,FALSE,0
vivo,Vivo X Note 5G (12GB RAM + 512GB),Premium,82990,79,TRUE,TRUE,TRUE,Snapdragon 8 Gen1,snapdragon,8,3,24,5000,400000,714,Large,TRUE,80,12,6144,High RAM,512,High,7,Large,58285,120,1440,3080,485,Ultra HD,4,1,50,16,66,200,android,FALSE,0
realme,Realme GT 2 Pro 5G (12GB RAM + 256GB),Premium,46999,89,TRUE,TRUE,FALSE,Snapdragon 8 Gen1,snapdragon,8,3,24,5000,325000,746,Large,TRUE,65,12,3072,High RAM,256,High,6,Large,63110,120,1440,3216,525,Ultra HD,3,1,50,32,82,150,android,FALSE,0
vivo,Vivo Y15C,Budget,8499,66,FALSE,FALSE,FALSE,Helio P35,helio,8,2,18,5000,-5000,768,Large,FALSE,-1,3,96,Low RAM,32,Low,6,Large,16170,60,720,1600,269,Full HD,2,1,13,8,21,26,android,TRUE,1024
honor,Honor X8,Budget,16999,76,FALSE,FALSE,FALSE,Snapdragon  680,snapdragon,8,2,19,4000,88000,597,Medium,TRUE,22,6,768,Standard,128,Medium,6,Large,35205,90,1080,2388,391,Ultra HD,4,1,64,16,80,256,android,FALSE,0
samsung,Samsung Galaxy A03 (4GB RAM + 64GB),Budget,11499,69,FALSE,FALSE,FALSE,Unisoc  T606,unisoc,8,1,12,5000,75000,769,Large,TRUE,15,4,256,Low RAM,64,Low,6,Large,15859,60,720,1560,264,Full HD,2,1,48,5,53,96,android,TRUE,1024
samsung,Samsung Galaxy S22 Plus 5G (8GB RAM + 256GB),Premium,88999,88,TRUE,TRUE,FALSE,Snapdragon  8 Gen1,snapdragon,8,3,24,4500,202500,681,Medium,TRUE,45,8,2048,Standard,256,High,6,Large,46858,120,1080,2340,390,Ultra HD,3,1,50,10,60,150,android,FALSE,0
vivo,Vivo Y33T,Budget,15990,81,FALSE,FALSE,FALSE,Snapdragon 680,snapdragon,8,2,19,5000,90000,759,Large,TRUE,18,8,1024,Standard,128,Medium,6,Large,36097,90,1080,2408,401,Ultra HD,3,1,50,16,66,150,android,TRUE,1024
xiaomi,Xiaomi 11i 5G (8GB RAM + 128GB),Mid-range,24990,83,TRUE,FALSE,TRUE,Dimensity  920 5G,dimensity,8,2,20,5160,345720,773,Large,TRUE,67,8,1024,Standard,128,Medium,6,Large,47348,120,2400,1080,394,Full HD,3,1,108,16,124,324,android,TRUE,1024
oppo,Oppo Find X5 Pro 5G,Premium,79990,80,TRUE,TRUE,FALSE,Snapdragon 8 Gen1,snapdragon,8,3,24,5000,400000,746,Large,TRUE,80,8,2048,Standard,256,High,6,Large,63110,120,1440,3216,525,Ultra HD,3,1,50,32,82,150,android,FALSE,0
tecno,Tecno Spark Go 2022,Budget,6249,61,FALSE,FALSE,FALSE,snapdragon,snapdragon,8,2,17,5000,-5000,768,Large,FALSE,-1,2,64,Low RAM,32,Low,6,Large,16170,60,720,1600,269,Full HD,2,1,13,8,21,26,android,TRUE,256
vivo,Vivo Y21e,Budget,12499,69,FALSE,FALSE,FALSE,Snapdragon  680,snapdragon,8,2,19,5000,90000,768,Large,TRUE,18,3,192,Low RAM,64,Low,6,Large,16170,60,720,1600,269,Full HD,2,1,13,8,21,26,android,TRUE,1024
xiaomi,Xiaomi Redmi 9A Sport,Budget,6499,61,FALSE,FALSE,FALSE,Helio G25,helio,8,2,16,5000,-5000,765,Large,FALSE,-1,2,64,Low RAM,32,Low,6,Large,16121,60,720,1600,268,Full HD,1,1,13,5,18,13,android,TRUE,512
apple,Apple iPhone 13 Pro Max (1TB),Premium,179900,86,TRUE,TRUE,FALSE,Bionic A15,bionic,6,3,19,4352,0,649,Medium,TRUE,0,6,6144,Standard,1024,High,6,Large,54812,120,1284,2778,456,Ultra HD,3,1,12,12,24,36,ios,FALSE,0
vivo,Vivo Y12G (3GB RAM + 64GB),Budget,11990,68,FALSE,FALSE,FALSE,Snapdragon  439,snapdragon,8,2,16,5000,-5000,768,Large,FALSE,-1,3,192,Low RAM,64,Low,6,Large,16170,60,720,1600,269,Full HD,3,1,13,8,21,39,android,TRUE,256
vivo,Vivo V23e,Mid-range,26990,82,FALSE,FALSE,FALSE,Helio G96,helio,8,2,16,4050,178200,628,Medium,TRUE,44,8,1024,Standard,128,Medium,6,Medium,24519,60,1080,2400,408,Ultra HD,3,1,64,50,114,192,android,FALSE,0
samsung,Samsung Galaxy F22 (6GB RAM + 128GB),Budget,13499,76,FALSE,FALSE,FALSE,Helio G80,helio,8,2,16,6000,-6000,937,Large,FALSE,-1,6,768,Standard,128,Medium,6,Medium,24673,90,720,1600,274,Full HD,4,1,48,13,61,192,android,TRUE,1024
xiaomi,Xiaomi 12 Ultra 5G,Premium,75999,80,TRUE,TRUE,TRUE,Snapdragon 8+ Gen1,snapdragon,8,3,25,4800,321600,713,Medium,TRUE,67,12,3072,High RAM,256,High,6,Large,62568,120,1440,3200,521,Ultra HD,3,1,50,20,70,150,android,FALSE,0
micromax,Micromax IN 2C,Budget,5999,60,FALSE,FALSE,FALSE,Tiger T610,tiger,8,1,14,5000,-5000,766,Large,FALSE,-1,3,96,Low RAM,32,Low,6,Large,16146,60,720,1600,269,Full HD,1,1,8,5,13,8,android,TRUE,256
samsung,Samsung Galaxy A03s,Budget,8499,67,FALSE,FALSE,FALSE,Helio P35,helio,8,2,18,5000,75000,769,Large,TRUE,15,3,96,Low RAM,32,Low,6,Large,16195,60,720,1600,269,Full HD,3,1,13,5,18,39,android,TRUE,1024
oppo,OPPO A54 (4GB RAM + 128GB),Budget,11990,71,FALSE,FALSE,FALSE,Helio P35,helio,8,2,18,5000,0,768,Large,TRUE,0,4,512,Low RAM,128,Medium,6,Large,16170,60,1600,720,269,HD,3,1,13,16,29,39,android,TRUE,256
xiaomi,Xiaomi Redmi 20X,Budget,10990,77,TRUE,FALSE,TRUE,Dimensity 700 5G,dimensity,8,2,17,5000,90000,777,Large,TRUE,18,4,512,Low RAM,128,Medium,6,Medium,36072,90,1080,2340,400,Ultra HD,4,1,48,13,61,192,android,TRUE,256
xiaomi,Xiaomi Mi Mix Fold,Premium,109990,80,TRUE,TRUE,TRUE,Snapdragon  888,snapdragon,8,2,22,5020,336340,626,Large,TRUE,67,12,3072,High RAM,256,High,8,Large,34831,90,1860,2480,387,Ultra HD,3,1,108,20,128,324,android,FALSE,0
realme,Realme Narzo 30 5G,Budget,16999,80,TRUE,TRUE,FALSE,Dimensity 700 5G,dimensity,8,2,17,5000,90000,769,Large,TRUE,18,6,768,Standard,128,Medium,6,Large,36440,90,1080,2400,404,Ultra HD,3,1,48,16,64,144,android,TRUE,1024
oppo,OPPO A54,Budget,12199,70,FALSE,FALSE,FALSE,Helio P35,helio,8,2,18,5000,0,768,Large,TRUE,0,4,256,Low RAM,64,Low,6,Large,16170,60,1600,720,269,HD,3,1,13,16,29,39,android,TRUE,256
oppo,Oppo A15s (4GB RAM + 128GB),Budget,11490,72,FALSE,FALSE,FALSE,Helio P35,helio,8,2,18,4230,-4230,648,Medium,FALSE,-1,4,512,Low RAM,128,Medium,6,Large,16146,60,720,1600,269,Full HD,3,1,13,8,21,39,android,TRUE,256
itel,itel A56,Budget,5490,61,FALSE,FALSE,FALSE,snapdragon,snapdragon,4,1,5,4000,-4000,666,Medium,FALSE,-1,1,16,Low RAM,16,Low,6,Medium,17545,60,720,1600,292,Full HD,2,1,8,5,13,16,android,TRUE,32
xiaomi,Xiaomi Redmi 9 Power,Budget,11499,74,FALSE,FALSE,TRUE,Snapdragon  662,snapdragon,8,2,16,6000,108000,918,Large,TRUE,18,4,256,Low RAM,64,Low,6,Large,23680,60,1080,2340,394,Ultra HD,4,1,48,8,56,192,android,TRUE,512
samsung,Samsung Galaxy S21 Plus,Premium,59450,88,TRUE,TRUE,FALSE,Exynos 2100,exynos,8,2,23,4800,120000,716,Medium,TRUE,25,8,1024,Standard,128,Medium,6,Large,47136,120,1080,2400,392,Ultra HD,3,1,64,10,74,192,android,FALSE,0
poco,POCO M2 Pro,Budget,12799,76,FALSE,FALSE,TRUE,Snapdragon 720G,snapdragon,8,2,18,5000,165000,749,Large,TRUE,33,4,256,Low RAM,64,Low,6,Large,23674,60,1080,2400,394,Ultra HD,4,1,48,16,64,192,android,TRUE,512
samsung,Samsung Galaxy S20 Plus,Premium,83000,88,FALSE,TRUE,FALSE,Exynos 990,exynos,8,2,21,4500,112500,671,Medium,TRUE,25,8,1024,Standard,128,Medium,6,Large,62849,120,1440,3200,523,Ultra HD,4,1,64,10,74,256,android,TRUE,1024
realme,Realme 6 Pro,Budget,14490,80,FALSE,FALSE,FALSE,Snapdragon 720G,snapdragon,8,2,18,4300,129000,651,Medium,TRUE,30,6,384,Standard,64,Low,6,Large,35888,90,1080,2400,398,Ultra HD,4,2,64,16,80,256,android,TRUE,256
huawei,Huawei P40 Pro,Premium,82990,82,TRUE,TRUE,FALSE,Kirin 990,kirin,8,2,22,4200,168000,638,Medium,TRUE,40,8,2048,Standard,256,High,6,Large,39664,90,1200,2640,440,Ultra HD,4,2,50,32,82,200,android,TRUE,256
vivo,Vivo Y11 (2019),Budget,9490,64,FALSE,FALSE,FALSE,Snapdragon 439,snapdragon,8,2,16,5000,-5000,787,Large,FALSE,-1,3,96,Low RAM,32,Low,6,Medium,16097,60,720,1544,268,Full HD,2,1,13,8,21,26,android,TRUE,256
vivo,Vivo V15 Pro (8GB RAM +128GB),Mid-range,25000,78,FALSE,FALSE,FALSE,Snapdragon 675,snapdragon,8,2,16,3700,0,579,Small,TRUE,0,8,1024,Standard,128,Medium,6,Medium,23994,60,1080,2316,399,Ultra HD,3,1,48,32,80,144,android,TRUE,256
vivo,Vivo Y95,Budget,15000,65,FALSE,FALSE,FALSE,Snapdragon 439,snapdragon,8,1,15,4030,-4030,647,Medium,FALSE,-1,4,256,Low RAM,64,Low,6,Medium,16224,60,1520,720,270,HD,2,1,13,20,33,26,android,TRUE,256
vivo,Vivo V11i,Mid-range,20990,70,FALSE,FALSE,FALSE,Helio P60,helio,8,2,16,3315,-3315,526,Small,FALSE,-1,4,512,Low RAM,128,Medium,6,Medium,24027,60,1080,2280,400,Ultra HD,2,1,16,25,41,32,android,TRUE,256
samsung,Samsung Galaxy S9 Plus (128GB),Mid-range,34999,78,FALSE,TRUE,FALSE,Exynos 9810,exynos,8,2,22,3500,0,564,Small,TRUE,0,6,768,Standard,128,Medium,6,Medium,31855,60,1440,2960,530,Ultra HD,2,1,12,8,20,24,android,TRUE,512
realme,Realme GT Neo 4T,Mid-range,29999,80,TRUE,FALSE,FALSE,Snapdragon 8 Gen1,snapdragon,8,3,24,5000,600000,742,Large,TRUE,120,8,1024,Standard,128,Medium,6,Large,56312,144,1080,2400,391,Ultra HD,3,1,50,16,66,150,android,FALSE,0
vivo,Vivo Y53t,Budget,11999,67,TRUE,FALSE,FALSE,Dimensity 700,dimensity,8,2,16,6000,90000,921,Large,TRUE,15,4,512,Low RAM,128,Medium,6,Large,16170,60,720,1600,269,Full HD,2,1,13,5,18,26,android,FALSE,0
samsung,Samsung Galaxy A04 (4GB RAM + 128GB),Budget,12999,72,FALSE,FALSE,FALSE,Helio P35,helio,8,2,18,5000,0,769,Large,TRUE,0,4,512,Low RAM,128,Medium,6,Large,16195,60,720,1600,269,Full HD,2,1,50,5,55,100,android,TRUE,1024
leitz,Leitz Phone 2,Premium,124990,89,TRUE,TRUE,FALSE,Snapdragon  8 Gen1,snapdragon,8,3,24,5000,0,757,Large,TRUE,0,12,3072,High RAM,256,High,6,Large,109336,240,1260,2730,455,Ultra HD,2,1,9,6,15,18,android,TRUE,1024
xiaomi,Xiaomi Redmi K60i,Mid-range,28999,85,TRUE,FALSE,TRUE,Dimensity  8200,dimensity,8,3,24,5080,609600,761,Large,TRUE,120,8,1024,Standard,128,Medium,6,Large,48335,120,1080,2460,402,Ultra HD,3,1,50,32,82,150,android,FALSE,0
infinix,Infinix Hot 20S,Budget,12999,77,FALSE,FALSE,FALSE,Helio G96,helio,8,2,16,5000,90000,737,Large,TRUE,18,8,1024,Standard,128,Medium,6,Large,23775,60,1080,2460,396,Ultra HD,2,1,50,8,58,100,android,TRUE,256
realme,Realme GT Neo 3T (8GB RAM + 256GB),Mid-range,28499,82,TRUE,FALSE,FALSE,Snapdragon 870,snapdragon,8,3,25,5000,400000,755,Large,TRUE,80,8,2048,Standard,256,High,6,Large,47706,120,1080,2400,397,Ultra HD,3,1,64,16,80,192,android,FALSE,0
apple,Apple iPhone 14 Plus (512GB),Premium,104999,83,TRUE,TRUE,FALSE,Bionic A15,bionic,6,3,19,4325,0,645,Medium,TRUE,0,6,3072,Standard,512,High,6,Large,27406,60,1284,2778,456,Ultra HD,2,1,12,12,24,24,ios,FALSE,0
apple,Apple iPhone 14 Pro (1TB),Premium,172999,77,TRUE,TRUE,FALSE,Bionic  A16,bionic,6,2,13,3200,0,524,Small,TRUE,0,6,6144,Standard,1024,High,6,Medium,55373,120,1179,2556,461,Ultra HD,3,1,48,12,60,144,ios,FALSE,0
xiaomi,Xiaomi Redmi 13 Prime 5G,Budget,17990,79,TRUE,FALSE,TRUE,Snapdragon 4 Gen 1,snapdragon,8,2,16,5100,91800,757,Large,TRUE,18,6,768,Standard,128,Medium,6,Large,47056,120,1080,2408,392,Ultra HD,2,1,64,16,80,128,android,TRUE,1024
xiaomi,Xiaomi Redmi 11 Prime (6GB RAM + 128GB),Budget,13774,76,FALSE,FALSE,TRUE,Helio G99,helio,8,2,17,5000,90000,759,Large,TRUE,18,6,768,Standard,128,Medium,6,Large,35997,90,1080,2400,399,Ultra HD,3,1,50,8,58,150,android,TRUE,512
nokia,Nokia C21 Plus (4GB RAM + 64GB),Budget,8999,64,FALSE,FALSE,FALSE,Unisoc  SC9863A,unisoc,8,1,12,5050,-5050,774,Large,FALSE,-1,4,256,Low RAM,64,Low,6,Large,16146,60,720,1600,269,Full HD,2,1,13,5,18,26,android,TRUE,256
oneplus,OnePlus Nord N300,Budget,18990,75,TRUE,TRUE,FALSE,Dimensity 810 5G,dimensity,8,2,19,5000,165000,762,Large,TRUE,33,4,256,Low RAM,64,Low,6,Large,24221,90,720,1612,269,Full HD,2,1,48,16,64,96,android,TRUE,256
tecno,Tecno Camon 19 Neo,Budget,14999,77,FALSE,TRUE,FALSE,Helio  G85,helio,8,2,16,5000,90000,735,Large,TRUE,18,6,768,Standard,128,Medium,6,Large,34832,90,1080,2400,387,Ultra HD,3,1,48,32,80,144,android,FALSE,0
realme,Realme Narzo 50i Prime,Budget,7999,61,FALSE,FALSE,FALSE,Tiger T612,tiger,8,1,14,5000,50000,769,Large,TRUE,10,3,96,Low RAM,32,Low,6,Large,16195,60,720,1600,269,Full HD,1,1,8,5,13,8,android,TRUE,1024
xiaomi,Xiaomi Redmi K50 Ultra 5G,Mid-range,39999,85,TRUE,TRUE,TRUE,Snapdragon 8+ Gen1,snapdragon,8,3,25,5000,600000,749,Large,TRUE,120,8,1024,Standard,128,Medium,6,Large,64201,144,1220,2712,445,Ultra HD,3,1,108,20,128,324,android,FALSE,0
oppo,OPPO A57 4G,Budget,11990,67,FALSE,FALSE,FALSE,Helio G35,helio,8,2,18,5000,165000,762,Large,TRUE,33,3,192,Low RAM,64,Low,6,Large,16147,60,720,1612,269,Full HD,2,1,13,8,21,26,android,TRUE,256
infinix,Infinix Note 12 (6GB RAM + 128GB),Budget,12999,77,FALSE,FALSE,FALSE,Helio G88,helio,8,2,16,5000,165000,746,Large,TRUE,33,6,768,Standard,128,Medium,6,Large,23568,60,2400,1080,392,Full HD,3,1,50,16,66,150,android,TRUE,512
samsung,Samsung Galaxy S23 FE 5G,Premium,54999,77,TRUE,TRUE,FALSE,snapdragon,snapdragon,8,2,18,4500,0,692,Medium,TRUE,0,8,1024,Standard,128,Medium,6,Large,24293,60,1080,2400,404,Ultra HD,4,1,64,32,96,256,android,FALSE,0
samsung,Samsung Galaxy M51s 5G,Mid-range,24990,72,TRUE,FALSE,FALSE,snapdragon,snapdragon,8,2,18,6000,0,895,Large,TRUE,0,6,768,Standard,128,Medium,6,Large,23568,60,1080,2400,392,Ultra HD,3,1,64,32,96,192,android,TRUE,1024
vivo,Vivo X80 5G (12GB RAM + 256GB),Premium,59999,88,TRUE,FALSE,FALSE,Dimensity  9000,dimensity,8,3,24,4500,360000,663,Medium,TRUE,80,12,3072,High RAM,256,High,6,Large,46580,120,1080,2400,388,Ultra HD,3,1,50,32,82,150,android,FALSE,0
poco,Poco X6 Pro 5G,Budget,19999,72,TRUE,FALSE,FALSE,Snapdragon 778G+,snapdragon,8,2,18,5000,0,749,Large,TRUE,0,6,768,Standard,128,Medium,6,Large,47348,120,1080,2400,394,Ultra HD,4,1,64,32,96,256,android,TRUE,1024
infinix,Infinix Note 12 (G96),Budget,16999,79,FALSE,FALSE,FALSE,Helio G96,helio,8,2,16,5000,165000,746,Large,TRUE,33,8,1024,Standard,128,Medium,6,Large,23568,60,1080,2400,392,Ultra HD,3,1,50,16,66,150,android,TRUE,256
samsung,Samsung Galaxy M14,Budget,14999,60,FALSE,FALSE,FALSE,Exynos 1330,exynos,8,2,18,6000,-6000,923,Large,FALSE,-1,4,256,Low RAM,64,Low,6,Large,16195,60,720,1600,269,Full HD,3,1,48,8,56,144,android,TRUE,512
vivo,Vivo T2 Pro 5G,Mid-range,29990,76,TRUE,FALSE,FALSE,Snapdragon  778G+,snapdragon,8,2,18,4500,301500,698,Medium,TRUE,67,8,1024,Standard,128,Medium,6,Medium,36881,90,1080,2408,409,Ultra HD,3,1,50,16,66,150,android,TRUE,1024
xiaomi,Xiaomi Redmi 10 Prime Plus 5G,Budget,13990,69,TRUE,FALSE,TRUE,Dimensity 700 5G,dimensity,8,2,17,5000,90000,759,Large,TRUE,18,4,512,Low RAM,128,Medium,6,Large,36097,90,1080,2408,401,Ultra HD,2,1,50,5,55,100,android,FALSE,0
xiaomi,Xiaomi Redmi Note 11 Pro 4G,Budget,17999,81,FALSE,FALSE,TRUE,Helio  G96,helio,8,2,16,5000,335000,749,Large,TRUE,67,6,768,Standard,128,Medium,6,Large,47348,120,1080,2400,394,Ultra HD,4,1,108,16,124,432,android,TRUE,1024
realme,Realme Narzo 50A Prime,Budget,11399,73,FALSE,FALSE,FALSE,Tiger T612,tiger,8,1,14,5000,90000,757,Large,TRUE,18,4,256,Low RAM,64,Low,6,Large,23991,60,1080,2408,399,Ultra HD,3,1,50,8,58,150,android,TRUE,1024
vivo,Vivo Y55s 5G,Budget,19990,79,TRUE,FALSE,FALSE,Dimensity 700 5G,dimensity,8,2,17,6000,108000,911,Large,TRUE,18,8,1024,Standard,128,Medium,6,Large,24064,60,1080,2408,401,Ultra HD,2,1,50,8,58,100,android,FALSE,0
vivo,Vivo Y21T,Budget,15499,74,FALSE,FALSE,FALSE,Snapdragon 680,snapdragon,8,2,19,5000,90000,768,Large,TRUE,18,4,512,Low RAM,128,Medium,6,Large,24256,90,1600,720,269,HD,3,1,50,8,58,150,android,TRUE,1024
gionee,Gionee K10,Budget,6999,67,FALSE,FALSE,FALSE,Tiger  T310,tiger,4,2,8,4800,-4800,705,Medium,FALSE,-1,3,96,Low RAM,32,Low,6,Large,15481,60,720,1600,258,Full HD,1,1,13,5,18,13,android,TRUE,256
xiaomi,Xiaomi Redmi Note 10 Lite (4GB RAM + 128GB),Budget,12499,77,FALSE,FALSE,TRUE,Snapdragon 720G,snapdragon,8,2,18,5020,90360,752,Large,TRUE,18,4,512,Low RAM,128,Medium,6,Large,23674,60,1080,2400,394,Ultra HD,4,1,48,16,64,192,android,TRUE,512
apple,Apple iPhone 13 (512GB),Premium,91999,80,TRUE,TRUE,FALSE,Bionic A15,bionic,6,3,19,3240,0,531,Small,TRUE,0,4,2048,Low RAM,512,High,6,Medium,27435,60,1170,2532,457,Ultra HD,2,1,12,12,24,24,ios,FALSE,0
infinix,Infinix Hot 11S,Budget,9690,71,FALSE,FALSE,FALSE,Helio G88,helio,8,2,16,5000,-5000,737,Large,FALSE,-1,4,256,Low RAM,64,Low,6,Large,35906,90,1080,2480,398,Ultra HD,3,1,50,8,58,150,android,TRUE,256
realme,Realme GT Explorer Master Edition,Mid-range,32990,85,TRUE,TRUE,FALSE,Snapdragon  870,snapdragon,8,3,25,4500,292500,687,Medium,TRUE,65,8,1024,Standard,128,Medium,6,Large,48216,120,1080,2400,401,Ultra HD,3,1,50,32,82,150,android,FALSE,0
xiaomi,Xiaomi Mi 12 5G,Premium,42990,87,TRUE,TRUE,TRUE,Snapdragon 8 Gen1,snapdragon,8,3,24,4500,301500,716,Medium,TRUE,67,8,1024,Standard,128,Medium,6,Medium,50289,120,1080,2400,419,Ultra HD,3,1,50,32,82,150,android,FALSE,0
cat,CAT S22 Flip,Budget,14999,79,FALSE,FALSE,FALSE,Qualcomm 215,snapdragon,4,1,5,2000,-2000,500,Small,FALSE,-1,2,32,Low RAM,16,Low,4,Compact,12000,60,480,640,200,HD,1,1,5,2,7,5,android,FALSE,0
xiaomi,Xiaomi Mi 11 Lite (8GB RAM + 128GB),Budget,18699,82,FALSE,FALSE,TRUE,Snapdragon 732G,snapdragon,8,2,18,4250,140250,648,Medium,TRUE,33,8,1024,Standard,128,Medium,6,Large,36162,90,1080,2400,401,Ultra HD,3,1,64,16,80,192,android,TRUE,512
realme,Realme Q3i 5G,Budget,10990,76,TRUE,FALSE,FALSE,Dimensity 700 5G,dimensity,8,2,17,5000,90000,769,Large,TRUE,18,4,512,Low RAM,128,Medium,6,Large,24293,60,1080,2400,404,Ultra HD,3,1,48,16,64,144,android,TRUE,256
xiaomi,Xiaomi Mi 11X Pro,Mid-range,30990,85,TRUE,FALSE,TRUE,Snapdragon 888,snapdragon,8,2,22,4520,149160,677,Medium,TRUE,33,8,1024,Standard,128,Medium,6,Large,47348,120,1080,2400,394,Ultra HD,3,1,108,20,128,324,android,FALSE,0
lenovo,Lenovo Legion Pro 2,Premium,59999,89,TRUE,TRUE,FALSE,Snapdragon  888,snapdragon,8,2,22,5000,600000,769,Large,TRUE,120,16,8192,High RAM,512,High,6,Large,58304,144,1080,2400,404,Ultra HD,2,1,64,20,84,128,android,FALSE,0
samsung,Samsung Galaxy M62,Mid-range,23999,83,FALSE,TRUE,FALSE,Exynos 9825,exynos,8,2,21,7000,0,1043,Large,TRUE,0,6,768,Standard,128,Medium,6,Large,23533,60,1080,2400,392,Ultra HD,4,1,64,32,96,256,android,TRUE,1024
realme,Realme Q2i,Budget,9999,69,TRUE,FALSE,FALSE,Dimensity 720,dimensity,8,2,16,5000,90000,769,Large,TRUE,18,4,512,Low RAM,128,Medium,6,Large,16195,60,720,1600,269,Full HD,3,1,13,8,21,39,android,FALSE,0
apple,Apple iPhone 12 Pro (256GB),Premium,119900,80,TRUE,TRUE,FALSE,Bionic A14,bionic,6,3,18,5000,-5000,819,Large,FALSE,-1,6,1536,Standard,256,High,6,Medium,27435,60,1170,2532,457,Ultra HD,3,1,12,12,24,36,ios,FALSE,0
xiaomi,Xiaomi Redmi 9i (4GB RAM + 128GB),Budget,9299,67,FALSE,FALSE,FALSE,Helio G25,helio,8,2,16,5000,50000,765,Large,TRUE,10,4,512,Low RAM,128,Medium,6,Large,16121,60,720,1600,268,Full HD,1,1,13,5,18,13,android,TRUE,512
realme,Realme 6 (6GB RAM + 64GB),Budget,12989,77,FALSE,FALSE,FALSE,Helio   G90T,helio,8,2,16,4300,129000,661,Medium,TRUE,30,6,384,Standard,64,Low,6,Large,36440,90,1080,2400,404,Ultra HD,4,1,64,16,80,256,android,TRUE,256
samsung,Samsung Galaxy A01 Core,Budget,4999,79,FALSE,FALSE,FALSE,Mediatek MT6739,mediatek,4,1,6,3000,-3000,566,Small,FALSE,-1,1,16,Low RAM,16,Low,5,Compact,18632,60,720,1480,310,Full HD,1,1,8,5,13,8,android,TRUE,256
oppo,Oppo Reno 5,Mid-range,29990,83,TRUE,FALSE,FALSE,Snapdragon  765G,snapdragon,8,2,19,4300,279500,668,Medium,TRUE,65,8,1024,Standard,128,Medium,6,Medium,24558,60,1080,2400,409,Ultra HD,4,1,64,32,96,256,android,FALSE,0
oppo,Oppo A31 2020 (6GB RAM + 128GB),Budget,12490,72,FALSE,FALSE,FALSE,Helio P35,helio,8,2,18,4230,-4230,650,Medium,FALSE,-1,6,768,Standard,128,Medium,6,Large,16195,60,720,1600,269,Full HD,3,1,12,8,20,36,android,TRUE,256
sony,Sony Xperia 10 II,Mid-range,27999,75,FALSE,TRUE,FALSE,Snapdragon  665,snapdragon,8,2,16,3600,64800,600,Small,TRUE,18,4,512,Low RAM,128,Medium,6,Medium,41125,90,1080,2520,456,Ultra HD,3,1,12,8,20,36,android,TRUE,256
vivo,Vivo Y91c,Budget,8199,79,FALSE,FALSE,FALSE,Helio P22,helio,8,2,16,4030,-4030,647,Medium,FALSE,-1,2,64,Low RAM,32,Low,6,Medium,16224,60,720,1520,270,Full HD,1,1,13,5,18,13,android,TRUE,256
huawei,Huawei Nova 7i,Mid-range,21990,81,FALSE,FALSE,FALSE,Kirin  810,kirin,8,2,17,4200,168000,656,Medium,TRUE,40,8,1024,Standard,128,Medium,6,Medium,24161,60,1080,2340,402,Ultra HD,4,1,48,16,64,192,android,TRUE,256
vivo,Vivo Y19,Mid-range,20000,73,FALSE,FALSE,FALSE,Helio  P65,helio,8,2,16,5000,90000,765,Large,TRUE,18,4,512,Low RAM,128,Medium,6,Large,23680,60,1080,2340,394,Ultra HD,3,1,16,16,32,48,android,TRUE,256
vivo,Vivo U3 (6GB RAM + 64GB),Budget,11990,74,FALSE,FALSE,FALSE,Snapdragon  675,snapdragon,8,2,16,5000,90000,765,Large,TRUE,18,6,384,Standard,64,Low,6,Large,23680,60,1080,2340,394,Ultra HD,3,1,16,16,32,48,android,TRUE,256
xiaomi,Xiaomi Redmi Note 9,Budget,11989,75,FALSE,FALSE,TRUE,Helio G85,helio,8,2,16,5020,110440,768,Large,TRUE,22,4,256,Low RAM,64,Low,6,Large,23680,60,1080,2340,394,Ultra HD,4,1,48,13,61,192,android,TRUE,512
xiaomi,Xiaomi Redmi 8 (4GB RAM + 64GB),Budget,11490,66,FALSE,FALSE,TRUE,Snapdragon 439,snapdragon,8,2,16,5000,90000,803,Large,TRUE,18,4,256,Low RAM,64,Low,6,Medium,16224,60,720,1520,270,Full HD,2,1,12,8,20,24,android,TRUE,512
motorola,Motorola One Macro,Budget,11490,68,FALSE,FALSE,FALSE,Helio P70,helio,8,2,16,4000,40000,645,Medium,TRUE,10,4,256,Low RAM,64,Low,6,Medium,16276,60,720,1520,271,Full HD,3,1,13,8,21,39,android,TRUE,512
google,Google Pixel 3a XL,Budget,15999,67,FALSE,TRUE,FALSE,Qualcomm Snapdragon 670,snapdragon,8,2,16,3700,66600,616,Small,TRUE,18,4,256,Low RAM,64,Low,6,Medium,24149,60,1080,2160,402,Ultra HD,1,1,2,8,10,2,android,FALSE,0
samsung,Samsung Galaxy A40,Budget,17990,69,FALSE,FALSE,FALSE,Samsung Exynos 7885,exynos,8,2,17,3100,46500,525,Small,TRUE,15,4,256,Low RAM,64,Low,5,Compact,26208,60,1080,2340,436,Ultra HD,2,1,16,25,41,32,android,TRUE,512
samsung,Samsung Galaxy S10 5G,Premium,78990,86,TRUE,TRUE,FALSE,Exynos 9820,exynos,8,2,21,4500,112500,671,Medium,TRUE,25,8,2048,Standard,256,High,6,Large,30123,60,1440,3040,502,Ultra HD,3,1,16,10,26,48,android,TRUE,512
huawei,Huawei Honor 9N,Budget,10949,66,FALSE,FALSE,FALSE,Kirin 659,kirin,8,2,18,3000,-3000,513,Small,FALSE,-1,4,256,Low RAM,64,Low,5,Compact,25919,60,1080,2280,431,Ultra HD,2,1,13,16,29,26,android,TRUE,256
xiaomi,Xiaomi Redmi Note 4,Budget,10300,65,FALSE,FALSE,FALSE,Qualcomm Snapdragon 625,snapdragon,8,2,16,4100,-4100,745,Medium,FALSE,-1,4,256,Low RAM,64,Low,5,Compact,24031,60,1080,1920,400,Full HD,1,1,13,5,18,13,android,TRUE,128
doogee,Doogee V Max,Premium,45999,88,TRUE,FALSE,FALSE,Dimensity 1080,dimensity,8,2,20,22000,726000,3343,Large,TRUE,33,12,3072,High RAM,256,High,6,Large,48129,120,1080,2408,401,Ultra HD,3,1,108,32,140,324,android,TRUE,2048
huawei,Huawei Nova Y61,Mid-range,21990,63,FALSE,FALSE,FALSE,snapdragon,snapdragon,8,2,18,5000,110000,766,Large,TRUE,22,4,256,Low RAM,64,Low,6,Large,16146,60,720,1600,269,Full HD,3,1,50,5,55,150,other,TRUE,256
iqoo,iQOO Z9,Budget,19990,76,TRUE,FALSE,FALSE,Snapdragon  7 Gen2,snapdragon,8,2,18,5000,225000,749,Large,TRUE,45,8,1024,Standard,128,Medium,6,Large,47545,120,1080,2412,396,Ultra HD,3,1,64,16,80,192,android,TRUE,1024
vivo,Vivo V29,Mid-range,32990,84,TRUE,FALSE,FALSE,Snapdragon  7 Gen1,snapdragon,8,2,19,5000,400000,749,Large,TRUE,80,8,2048,Standard,256,High,6,Large,47348,120,1080,2400,394,Ultra HD,3,1,64,32,96,192,android,TRUE,256
poco,Poco M5 (6GB RAM + 128GB),Budget,14499,77,FALSE,FALSE,TRUE,Helio G99,helio,8,2,17,5000,90000,759,Large,TRUE,18,6,768,Standard,128,Medium,6,Large,35997,90,1080,2400,399,Ultra HD,3,1,50,8,58,150,android,TRUE,512
nokia,Nokia X30,Premium,41990,85,TRUE,TRUE,FALSE,Snapdragon  695,snapdragon,8,2,17,4200,138600,653,Medium,TRUE,33,6,768,Standard,128,Medium,6,Medium,36837,90,1080,2400,409,Ultra HD,2,1,50,16,66,100,android,TRUE,1024
tecno,Tecno Pova Neo 2,Budget,13990,67,FALSE,FALSE,FALSE,Helio G85,helio,8,2,16,7000,-7000,1026,Large,FALSE,-1,6,768,Standard,128,Medium,6,Large,23153,90,720,1600,257,Full HD,2,1,16,8,24,32,android,TRUE,512
vivo,Vivo Y15C (3GB RAM + 64GB),Budget,10490,67,FALSE,FALSE,FALSE,Helio P35,helio,8,2,18,5000,-5000,768,Large,FALSE,-1,3,192,Low RAM,64,Low,6,Large,16170,60,720,1600,269,Full HD,2,1,13,8,21,26,android,TRUE,1024
huawei,Huawei Nova 10,Mid-range,29990,82,FALSE,FALSE,FALSE,Snapdragon 778G,snapdragon,8,2,19,4000,264000,599,Medium,TRUE,66,8,1024,Standard,128,Medium,6,Large,47348,120,1080,2400,394,Ultra HD,3,1,50,60,110,150,other,FALSE,0
huawei,Huawei Nova Y90,Mid-range,22990,82,FALSE,TRUE,FALSE,Snapdragon  680,snapdragon,8,2,19,5000,200000,746,Large,TRUE,40,8,1024,Standard,128,Medium,6,Large,35205,90,1080,2388,391,Ultra HD,4,1,50,8,58,200,other,TRUE,256
samsung,Samsung Galaxy A92 5G,Premium,47990,80,TRUE,FALSE,FALSE,Dimensity 1300,dimensity,8,3,24,5000,0,746,Large,TRUE,0,8,1024,Standard,128,Medium,6,Large,23568,60,1080,2400,392,Ultra HD,3,1,48,16,64,144,android,FALSE,0
infinix,Infinix Note 12 VIP,Budget,19999,84,FALSE,FALSE,FALSE,Helio  G96,helio,8,2,16,4500,540000,671,Medium,TRUE,120,8,1024,Standard,128,Medium,6,Large,47136,120,1080,2400,392,Ultra HD,3,1,108,16,124,324,android,TRUE,256
oneplus,OnePlus Nord 4 5G,Mid-range,29999,83,TRUE,TRUE,FALSE,Snapdragon  7 Gen1,snapdragon,8,2,18,4500,360000,699,Medium,TRUE,80,8,1024,Standard,128,Medium,6,Medium,49320,120,1080,2412,411,Ultra HD,3,1,50,32,82,150,android,FALSE,0
realme,Realme Narzo 50A Prime (4GB RAM + 128GB),Budget,11879,74,FALSE,FALSE,FALSE,Tiger T612,tiger,8,1,14,5000,90000,757,Large,TRUE,18,4,512,Low RAM,128,Medium,6,Large,23991,60,1080,2408,399,Ultra HD,3,1,50,8,58,150,android,TRUE,1024
oneplus,OnePlus Ace 5G,Mid-range,28990,84,TRUE,TRUE,FALSE,Dimensity 8100 Max,dimensity,8,2,22,4500,675000,671,Medium,TRUE,150,8,1024,Standard,128,Medium,6,Large,47332,120,1080,2412,394,Ultra HD,3,1,50,16,66,150,android,FALSE,0
iqoo,iQOO 9 5G (12GB RAM + 256GB),Mid-range,39990,85,TRUE,FALSE,FALSE,Snapdragon  888+,snapdragon,8,2,23,4350,522000,663,Medium,TRUE,120,12,3072,High RAM,256,High,6,Large,47742,120,1080,2376,397,Ultra HD,3,1,48,16,64,144,android,FALSE,0
xiaomi,Xiaomi Redmi Note 12T 5G,Budget,15999,78,TRUE,FALSE,TRUE,Dimensity 720,dimensity,8,2,16,5000,165000,766,Large,TRUE,33,6,384,Standard,64,Low,6,Large,36328,90,1080,2400,403,Ultra HD,3,1,64,16,80,192,android,TRUE,512
oppo,Oppo A96 5G,Mid-range,22990,82,TRUE,FALSE,FALSE,Snapdragon 695,snapdragon,8,2,17,4500,148500,699,Medium,TRUE,33,8,2048,Standard,256,High,6,Medium,24558,60,1080,2400,409,Ultra HD,2,1,48,16,64,96,android,TRUE,256
royole,Royole FlexPai 3 5G,Premium,149999,87,TRUE,FALSE,FALSE,Snapdragon 888,snapdragon,8,2,22,3360,-3360,466,Small,FALSE,-1,8,1024,Standard,128,Medium,7,Large,20000,60,1440,1920,333,Full HD,3,1,64,32,96,192,android,FALSE,0
tecno,Tecno Camon 18,Budget,11499,75,FALSE,TRUE,FALSE,Helio  G88,helio,8,2,16,5000,90000,735,Large,TRUE,18,4,512,Low RAM,128,Medium,6,Large,35558,90,1080,2460,395,Ultra HD,3,1,48,16,64,144,android,FALSE,0
tecno,Tecno Phantom X Pro,Mid-range,22999,84,FALSE,FALSE,FALSE,Helio G95,helio,8,2,16,5000,220000,746,Large,TRUE,44,8,2048,Standard,256,High,6,Large,47136,120,1080,2400,392,Ultra HD,4,2,50,48,98,200,android,FALSE,0
tecno,Tecno Spark 8T,Budget,7999,70,FALSE,FALSE,FALSE,Helio G35,helio,8,2,18,5000,-5000,757,Large,FALSE,-1,4,256,Low RAM,64,Low,6,Large,15950,60,720,1600,265,Full HD,2,1,50,8,58,100,android,TRUE,256
realme,Realme GT Neo2 5G,Mid-range,31999,82,TRUE,TRUE,FALSE,Snapdragon 870,snapdragon,8,3,25,5000,325000,755,Large,TRUE,65,8,1024,Standard,128,Medium,6,Large,47706,120,2400,1080,397,Full HD,3,1,64,16,80,192,android,FALSE,0
sony,Sony Xperia 10 III Lite 5G,Mid-range,30990,78,TRUE,TRUE,FALSE,Snapdragon  690,snapdragon,8,2,16,4500,135000,750,Medium,TRUE,30,6,384,Standard,64,Low,6,Medium,27416,60,1080,2520,456,Ultra HD,3,1,12,8,20,36,android,TRUE,256
realme,Realme G1,Budget,7999,64,FALSE,FALSE,FALSE,Helio G35,helio,8,2,18,6000,-6000,920,Large,FALSE,-1,3,96,Low RAM,32,Low,6,Large,16146,60,720,1600,269,Full HD,3,1,13,5,18,39,android,TRUE,256
tecno,Tecno Pova 2,Budget,10999,74,FALSE,FALSE,FALSE,Helio G85,helio,8,2,16,7000,126000,1007,Large,TRUE,18,4,256,Low RAM,64,Low,6,Large,23193,60,1080,2460,386,Ultra HD,4,1,48,8,56,192,android,TRUE,256
poco,Poco X4,Budget,14990,79,TRUE,FALSE,FALSE,Dimensity 700 5G,dimensity,8,2,17,5000,335000,749,Large,TRUE,67,6,768,Standard,128,Medium,6,Large,47348,120,1080,2400,394,Ultra HD,3,1,50,16,66,150,android,TRUE,1024
motorola,Motorola Moto G40 Fusion,Budget,14499,77,FALSE,FALSE,FALSE,Snapdragon  732G,snapdragon,8,2,18,6000,120000,884,Large,TRUE,20,4,256,Low RAM,64,Low,6,Large,47551,120,1080,2460,396,Ultra HD,3,1,64,16,80,192,android,TRUE,256
oneplus,OnePlus 9T,Premium,44999,86,TRUE,TRUE,FALSE,Snapdragon 888,snapdragon,8,2,22,4500,292500,687,Medium,TRUE,65,8,1024,Standard,128,Medium,6,Large,48216,120,1080,2400,401,Ultra HD,4,1,108,16,124,432,android,FALSE,0
realme,Realme 8 (8GB RAM + 128GB),Budget,17999,83,FALSE,FALSE,FALSE,Helio G95,helio,8,2,16,5000,150000,781,Large,TRUE,30,8,1024,Standard,128,Medium,6,Medium,24673,60,1080,2400,411,Ultra HD,4,1,64,16,80,256,android,TRUE,256
realme,Realme Narzo 30 Pro 5G (8GB RAM +128GB),Budget,19999,83,TRUE,FALSE,FALSE,Dimensity 800U,dimensity,8,2,19,5000,150000,769,Large,TRUE,30,8,1024,Standard,128,Medium,6,Large,48587,120,1080,2400,404,Ultra HD,3,1,48,16,64,144,android,TRUE,256
itel,Itel A23 Pro,Budget,3999,61,FALSE,FALSE,FALSE,Spreadtrum  SC9832E,spreadtrum,4,1,5,2400,-2400,480,Small,FALSE,-1,1,8,Low RAM,8,Low,5,Compact,11755,60,854,480,195,HD,1,1,5,2,7,5,android,FALSE,0
samsung,Samsung Galaxy S21 Ultra 5G (12GB RAM + 128GB),Premium,101999,79,TRUE,TRUE,FALSE,Exynos  2100,exynos,8,2,23,5000,125000,735,Large,TRUE,25,12,1536,High RAM,128,Medium,6,Large,61924,120,1440,3200,516,Ultra HD,4,1,108,40,148,432,android,FALSE,0
oppo,Oppo Reno 5 Pro 5G,Mid-range,38700,84,TRUE,FALSE,FALSE,Dimensity 1000+,dimensity,8,2,20,4350,282750,666,Medium,TRUE,65,8,1024,Standard,128,Medium,6,Large,36272,90,1080,2400,403,Ultra HD,4,1,64,32,96,256,android,FALSE,0
oneplus,OnePlus Nord SE,Budget,19999,73,FALSE,FALSE,FALSE,Snapdragon 665,snapdragon,8,2,16,4500,292500,714,Medium,TRUE,65,4,256,Low RAM,64,Low,6,Medium,25064,60,1080,2400,417,Ultra HD,4,1,48,13,61,192,android,TRUE,256
samsung,Samsung Galaxy M12,Budget,10999,72,FALSE,FALSE,FALSE,Exynos  850,exynos,8,2,16,6000,90000,923,Large,TRUE,15,4,256,Low RAM,64,Low,6,Large,24293,90,720,1600,269,Full HD,4,1,48,8,56,192,android,TRUE,1024
oneplus,OnePlus Nord N100,Budget,16990,68,FALSE,FALSE,FALSE,Snapdragon 460,snapdragon,8,1,14,5000,90000,766,Large,TRUE,18,4,256,Low RAM,64,Low,6,Large,24219,90,720,1600,269,Full HD,3,1,13,8,21,39,android,TRUE,256
apple,Apple iPhone 12 Mini (256GB),Premium,55999,75,TRUE,TRUE,FALSE,Bionic A14,bionic,6,3,18,5000,-5000,925,Large,FALSE,-1,4,1024,Low RAM,256,High,5,Compact,28635,60,1080,2340,477,Ultra HD,2,1,12,12,24,24,ios,FALSE,0
apple,Apple iPhone 12 (256GB),Premium,67999,76,TRUE,TRUE,FALSE,Bionic A14,bionic,6,3,18,5000,-5000,819,Large,FALSE,-1,4,1024,Low RAM,256,High,6,Medium,27435,60,1170,2532,457,Ultra HD,2,1,12,12,24,24,ios,FALSE,0
oppo,OPPO A15,Budget,9999,66,FALSE,FALSE,FALSE,Helio P35,helio,8,2,18,4230,-4230,648,Medium,FALSE,-1,3,96,Low RAM,32,Low,6,Large,16146,60,720,1600,269,Full HD,3,1,13,5,18,39,android,TRUE,256
xiaomi,Xiaomi Redmi Note 9 Pro (4GB RAM + 128GB),Budget,14439,77,FALSE,FALSE,TRUE,Snapdragon 720G,snapdragon,8,2,18,5020,90360,752,Large,TRUE,18,4,512,Low RAM,128,Medium,6,Large,23674,60,1080,2400,394,Ultra HD,4,1,48,16,64,192,android,TRUE,512
oppo,Oppo A12,Budget,9990,64,FALSE,FALSE,FALSE,Helio P35,helio,8,1,14,4230,-4230,680,Medium,FALSE,-1,3,96,Low RAM,32,Low,6,Medium,16224,60,1520,720,270,HD,2,1,13,5,18,26,android,TRUE,256
realme,Realme X50 Pro 5G (8GB RAM + 128GB),Mid-range,24999,85,TRUE,TRUE,FALSE,Snapdragon 865,snapdragon,8,2,22,4200,273000,652,Medium,TRUE,65,8,1024,Standard,128,Medium,6,Medium,36779,90,1080,2400,408,Ultra HD,4,2,64,32,96,256,android,FALSE,0
samsung,Samsung Galaxy S20 Plus 5G,Premium,85990,79,TRUE,TRUE,FALSE,Exynos 990,exynos,8,2,21,4500,112500,671,Medium,TRUE,25,8,1024,Standard,128,Medium,6,Large,31424,60,1440,3200,523,Ultra HD,4,1,64,10,74,256,android,TRUE,1024
xiaomi,Xiaomi Redmi K20 Pro Signature Edition,Premium,480000,88,FALSE,TRUE,FALSE,Snapdragon  855,snapdragon,8,2,22,4000,108000,625,Medium,TRUE,27,8,2048,Standard,256,High,6,Medium,24199,60,1080,2340,403,Ultra HD,3,1,48,20,68,144,android,FALSE,0
xiaomi,Xiaomi Redmi Note 8 Pro,Budget,16999,78,FALSE,FALSE,TRUE,Helio  G90T,helio,8,2,16,4500,81000,689,Medium,TRUE,18,6,384,Standard,64,Low,6,Large,23680,60,1080,2340,394,Ultra HD,4,1,64,20,84,256,android,TRUE,512
realme,Realme A1,Budget,8999,78,FALSE,FALSE,FALSE,Helio P70,helio,8,2,16,4000,-4000,645,Medium,FALSE,-1,2,32,Low RAM,16,Low,6,Medium,16276,60,720,1520,271,Full HD,2,1,13,8,21,26,android,TRUE,256
oppo,OPPO A73,Budget,15990,62,FALSE,FALSE,FALSE,Helio P23,helio,8,2,20,3200,-3200,533,Small,FALSE,-1,3,96,Low RAM,32,Low,6,Medium,24149,60,1080,2160,402,Ultra HD,1,1,13,16,29,13,android,TRUE,256
lyf,Lyf Earth 2,Budget,3890,60,FALSE,FALSE,FALSE,Snapdragon MSM8939,snapdragon,8,1,12,2500,-2500,500,Small,FALSE,-1,3,96,Low RAM,32,Low,5,Compact,26434,60,1080,1920,440,Full HD,1,1,13,13,26,13,android,TRUE,64
apple,Apple iPhone 15 Plus,Premium,84990,75,TRUE,TRUE,FALSE,Bionic A16,bionic,6,2,13,4532,0,675,Medium,TRUE,0,8,1024,Standard,128,Medium,6,Large,54731,120,1284,2778,456,Ultra HD,2,1,12,12,24,24,ios,FALSE,0
vivo,Vivo Y55s 2023,Mid-range,21999,78,TRUE,TRUE,FALSE,Dimensity 700 5G,dimensity,8,2,17,5000,90000,759,Large,TRUE,18,4,512,Low RAM,128,Medium,6,Large,24064,60,1080,2408,401,Ultra HD,3,1,50,8,58,150,android,TRUE,256
lava,Lava Blaze NXT,Budget,8999,66,FALSE,FALSE,FALSE,Helio G37,helio,8,2,18,5000,-5000,769,Large,FALSE,-1,4,256,Low RAM,64,Low,6,Large,16195,60,720,1600,269,Full HD,3,1,13,8,21,39,android,TRUE,256
tecno,Tecno Camon 20 Premier,Mid-range,20999,79,TRUE,TRUE,FALSE,Dimensity  700 5G,dimensity,8,2,17,5000,165000,732,Large,TRUE,33,6,768,Standard,128,Medium,6,Large,47202,120,1080,2460,393,Ultra HD,3,1,50,16,66,150,android,FALSE,0
oppo,OPPO Reno 8 House of Dragon Edition,Mid-range,32990,84,TRUE,TRUE,FALSE,Dimensity 1300,dimensity,8,3,24,4500,360000,699,Medium,TRUE,80,8,1024,Standard,128,Medium,6,Medium,36837,90,1080,2400,409,Ultra HD,3,1,50,32,82,150,android,FALSE,0
motorola,Motorola Moto E22s,Budget,9022,70,FALSE,FALSE,FALSE,Helio G37,helio,8,2,18,5000,50000,769,Large,TRUE,10,4,256,Low RAM,64,Low,6,Large,24293,90,720,1600,269,Full HD,2,1,16,8,24,32,android,TRUE,256
xiaomi,Xiaomi Redmi A1 Plus (3GB RAM + 32GB),Budget,8399,61,FALSE,FALSE,FALSE,Helio A22,helio,4,2,8,5000,50000,766,Large,TRUE,10,3,96,Low RAM,32,Low,6,Large,16146,60,720,1600,269,Full HD,2,1,8,5,13,16,android,TRUE,512
infinix,Infinix Hot 20i,Budget,9999,64,FALSE,FALSE,FALSE,Helio G25,helio,8,2,16,5000,-5000,757,Large,FALSE,-1,3,192,Low RAM,64,Low,6,Large,16049,60,720,1612,267,Full HD,2,1,13,8,21,26,android,TRUE,256
tecno,Tecno Spark 9 (3GB RAM + 64GB),Budget,8390,63,FALSE,FALSE,FALSE,Helio G37,helio,8,2,18,5000,-5000,757,Large,FALSE,-1,3,192,Low RAM,64,Low,6,Large,23925,90,720,1600,265,Full HD,2,1,13,8,21,26,android,TRUE,256
zte,ZTE Axon 30S,Budget,19999,82,TRUE,TRUE,FALSE,Snapdragon 870,snapdragon,8,3,25,4200,231000,608,Medium,TRUE,55,6,768,Standard,128,Medium,6,Large,46724,120,1080,2460,389,Ultra HD,4,1,50,16,66,200,android,TRUE,256
honor,Honor X6,Budget,13999,71,FALSE,FALSE,FALSE,Helio G25,helio,8,2,16,5000,50000,769,Large,TRUE,10,4,256,Low RAM,64,Low,6,Large,16195,60,720,1600,269,Full HD,3,1,50,5,55,150,android,TRUE,256
xiaomi,Xiaomi Civi 2,Mid-range,29999,85,TRUE,TRUE,TRUE,Snapdragon 7 Gen1,snapdragon,8,2,19,4500,301500,687,Medium,TRUE,67,8,1024,Standard,128,Medium,6,Large,48216,120,1080,2400,401,Ultra HD,3,2,50,32,82,150,android,FALSE,0
tcl,TCL Ion X,Budget,8990,60,FALSE,FALSE,FALSE,Helio G25,helio,8,2,16,3000,30000,500,Small,TRUE,10,3,96,Low RAM,32,Low,6,Medium,16099,60,720,1440,268,Full HD,1,1,13,5,18,13,android,TRUE,256
samsung,Samsung Galaxy Z Fold 4 (12GB RAM + 1TB),Premium,163980,79,TRUE,TRUE,FALSE,Snapdragon  8+ Gen1,snapdragon,8,3,25,4400,110000,578,Medium,TRUE,25,12,12288,High RAM,1024,High,7,Large,44710,120,1812,2176,372,Ultra HD,3,2,50,10,60,150,android,FALSE,0
nothing,Nothing Phone 1 Lite,Mid-range,24990,80,TRUE,TRUE,FALSE,Snapdragon 778G Plus,snapdragon,8,2,20,5000,165000,763,Large,TRUE,33,6,768,Standard,128,Medium,6,Large,48216,120,1080,2400,401,Ultra HD,2,1,50,16,66,100,android,FALSE,0
motorola,Motorola Moto Edge X30 Pro,Premium,59990,81,TRUE,TRUE,FALSE,Snapdragon 8+ Gen1,snapdragon,8,3,25,4450,556250,667,Medium,TRUE,125,8,1024,Standard,128,Medium,6,Large,55639,144,1080,2340,386,Ultra HD,3,1,200,60,260,600,android,FALSE,0
oneplus,OnePlus Ace Pro,Premium,47990,86,TRUE,TRUE,FALSE,Snapdragon 8+ Gen1,snapdragon,8,3,25,4800,720000,716,Medium,TRUE,150,12,3072,High RAM,256,High,6,Large,47332,120,1080,2412,394,Ultra HD,3,1,50,16,66,150,android,FALSE,0
realme,Realme GT 2 Explorer Master Edition,Premium,40990,86,TRUE,TRUE,FALSE,Snapdragon 8+ Gen1,snapdragon,8,3,25,5000,500000,746,Large,TRUE,100,8,1024,Standard,128,Medium,6,Large,47332,120,1080,2412,394,Ultra HD,3,1,50,16,66,150,android,FALSE,0
samsung,Samsung Galaxy M35,Mid-range,22999,74,FALSE,TRUE,FALSE,snapdragon,snapdragon,8,2,18,6000,0,923,Large,TRUE,0,8,1024,Standard,128,Medium,6,Large,24293,60,1080,2400,404,Ultra HD,3,1,64,32,96,192,android,TRUE,1024
samsung,Samsung Galaxy A05,Budget,12990,63,FALSE,FALSE,FALSE,snapdragon,snapdragon,8,2,18,5000,90000,769,Large,TRUE,18,4,256,Low RAM,64,Low,6,Large,15859,60,720,1560,264,Full HD,2,1,48,5,53,96,android,TRUE,1024
infinix,Infinix Note 12 Turbo,Budget,14999,79,FALSE,FALSE,FALSE,Helio G96,helio,8,2,16,5000,165000,746,Large,TRUE,33,8,1024,Standard,128,Medium,6,Large,23568,60,2400,1080,392,Full HD,3,1,50,16,66,150,android,TRUE,512
poco,POCO F5 GT 5G,Premium,42999,86,TRUE,TRUE,TRUE,Dimensity 1300,dimensity,8,3,24,4500,675000,674,Medium,TRUE,150,8,1024,Standard,128,Medium,6,Large,47545,120,1080,2412,396,Ultra HD,3,1,64,20,84,192,android,FALSE,0
iqoo,iQOO Z8 5G,Budget,14999,78,TRUE,FALSE,FALSE,Snapdragon  695,snapdragon,8,2,17,5000,90000,759,Large,TRUE,18,4,512,Low RAM,128,Medium,6,Large,48196,120,1080,2412,401,Ultra HD,3,1,50,16,66,150,android,TRUE,1024
vivo,Vivo Y55 4G,Mid-range,22990,83,FALSE,FALSE,FALSE,Snapdragon  680,snapdragon,8,2,19,5000,220000,776,Large,TRUE,44,8,1024,Standard,128,Medium,6,Medium,49039,120,1080,2400,408,Ultra HD,3,1,50,16,66,150,android,TRUE,1024
vivo,Vivo X Fold 5G (12GB RAM + 512GB),Premium,118990,79,TRUE,TRUE,FALSE,Snapdragon 8 Gen1,snapdragon,8,3,24,4600,303600,572,Medium,TRUE,66,12,6144,High RAM,512,High,8,Large,43148,120,1916,2160,359,Ultra HD,4,1,50,16,66,200,android,FALSE,0
oppo,Oppo K10 Pro 5G,Mid-range,29990,81,TRUE,FALSE,FALSE,Snapdragon 888,snapdragon,8,2,22,5000,400000,755,Large,TRUE,80,8,1024,Standard,128,Medium,6,Large,47706,120,1080,2400,397,Ultra HD,3,1,50,16,66,150,android,FALSE,0
tecno,Tecno Spark 8C,Budget,7399,62,FALSE,FALSE,FALSE,Unisoc  T606,unisoc,8,2,16,5000,-5000,757,Large,FALSE,-1,3,192,Low RAM,64,Low,6,Large,24074,90,720,1612,267,Full HD,2,1,13,8,21,26,android,TRUE,256
iqoo,iQOO Z7 5G,Budget,17999,80,TRUE,FALSE,FALSE,Snapdragon  695,snapdragon,8,2,17,4200,231000,629,Medium,TRUE,55,8,1024,Standard,128,Medium,6,Large,47348,120,1080,2400,394,Ultra HD,3,1,50,16,66,150,android,FALSE,0
infinix,Infinix Note 11 (6GB RAM + 128GB),Budget,12799,77,FALSE,FALSE,FALSE,Helio G88,helio,8,2,16,5000,165000,746,Large,TRUE,33,6,768,Standard,128,Medium,6,Large,23568,60,1080,2400,392,Ultra HD,3,1,50,16,66,150,android,TRUE,256
xiaomi,Xiaomi 11i HyperCharge 5G (8GB RAM + 128GB),Mid-range,26999,86,TRUE,FALSE,TRUE,Dimensity  920 5G,dimensity,8,2,20,4500,540000,674,Medium,TRUE,120,8,1024,Standard,128,Medium,6,Large,47348,120,2400,1080,394,Full HD,3,1,108,16,124,324,android,TRUE,1024
samsung,Samsung Galaxy F42 5G (8GB RAM + 128GB),Mid-range,22999,82,TRUE,FALSE,FALSE,Dimensity 700 5G,dimensity,8,2,17,5000,75000,757,Large,TRUE,15,8,1024,Standard,128,Medium,6,Large,35987,90,1080,2408,399,Ultra HD,3,1,64,8,72,192,android,TRUE,1024
apple,Apple iPhone 13 Pro (1TB),Premium,147900,84,TRUE,TRUE,FALSE,Bionic A15,bionic,6,3,19,3095,0,507,Small,TRUE,0,6,6144,Standard,1024,High,6,Medium,54870,120,1170,2532,457,Ultra HD,3,1,12,12,24,36,ios,FALSE,0
nubia,Nubia Red Magic 6S 5G,Premium,44999,84,TRUE,TRUE,FALSE,Snapdragon 888+,snapdragon,8,2,23,5050,151500,742,Large,TRUE,30,8,1024,Standard,128,Medium,6,Large,63859,165,1080,2400,387,Ultra HD,3,1,64,8,72,192,android,FALSE,0
micromax,Micromax IN 2B (6GB RAM + 64GB),Budget,7790,68,FALSE,FALSE,FALSE,Unisoc  T610,unisoc,8,1,14,5000,-5000,766,Large,FALSE,-1,6,384,Standard,64,Low,6,Large,16146,60,720,1600,269,Full HD,2,1,13,5,18,26,android,TRUE,256
nokia,Nokia X60 5G,Mid-range,39990,87,TRUE,FALSE,FALSE,Snapdragon  870,snapdragon,8,3,25,6000,198000,921,Large,TRUE,33,6,768,Standard,128,Medium,6,Large,58215,144,1080,2400,404,Ultra HD,4,1,200,16,216,800,other,TRUE,256
vivo,Vivo Y12a,Budget,9999,65,FALSE,FALSE,FALSE,Snapdragon  439,snapdragon,8,2,16,5000,-5000,768,Large,FALSE,-1,3,96,Low RAM,32,Low,6,Large,16170,60,720,1600,269,Full HD,2,1,13,8,21,26,android,TRUE,256
oppo,Oppo Reno 5A,Mid-range,22990,80,TRUE,FALSE,FALSE,Snapdragon 765G,snapdragon,8,2,19,4000,72000,615,Medium,TRUE,18,6,768,Standard,128,Medium,6,Large,36440,90,1080,2400,404,Ultra HD,4,1,64,16,80,256,android,TRUE,1024
poco,Poco F3 GT,Mid-range,32999,79,TRUE,FALSE,TRUE,Dimensity 1200,dimensity,8,3,24,5065,339355,759,Large,TRUE,67,6,768,Standard,128,Medium,6,Large,47348,120,1080,2400,394,Ultra HD,3,1,64,16,80,192,android,FALSE,0
honor,Honor 50,Mid-range,32990,85,TRUE,TRUE,FALSE,Snapdragon 778G,snapdragon,8,2,19,4300,283800,654,Medium,TRUE,66,6,768,Standard,128,Medium,6,Large,47072,120,1080,2340,392,Ultra HD,4,1,108,32,140,432,android,FALSE,0
oppo,OPPO A54 (6GB RAM + 128GB),Budget,14999,74,FALSE,FALSE,FALSE,Helio P35,helio,8,2,18,5000,0,768,Large,TRUE,0,6,768,Standard,128,Medium,6,Large,16170,60,1600,720,269,HD,3,1,13,16,29,39,android,TRUE,256
realme,Realme 8i,Budget,12499,74,FALSE,FALSE,FALSE,Helio G96,helio,8,2,16,5000,90000,757,Large,TRUE,18,4,256,Low RAM,64,Low,6,Large,48050,120,1080,2412,400,Ultra HD,3,1,50,16,66,150,android,TRUE,256
iqoo,iQOO 7 Legend,Mid-range,39990,84,TRUE,TRUE,FALSE,Snapdragon  888,snapdragon,8,2,22,4000,264000,604,Medium,TRUE,66,8,1024,Standard,128,Medium,6,Large,47706,120,1080,2400,397,Ultra HD,3,1,48,16,64,144,android,FALSE,0
realme,Realme C11 2021,Budget,6499,61,FALSE,FALSE,FALSE,SC9863A,sc9863a,8,1,12,5000,-5000,766,Large,FALSE,-1,2,64,Low RAM,32,Low,6,Large,16146,60,720,1600,269,Full HD,1,1,8,5,13,8,android,TRUE,256
samsung,Samsung Galaxy A22,Budget,18499,76,FALSE,FALSE,FALSE,Helio G80,helio,8,2,16,5000,75000,781,Large,TRUE,15,6,768,Standard,128,Medium,6,Medium,16448,60,720,1600,274,Full HD,4,1,48,13,61,192,android,TRUE,1024
realme,Realme GT 5G,Mid-range,30994,85,TRUE,TRUE,FALSE,Snapdragon  888,snapdragon,8,2,22,4500,292500,699,Medium,TRUE,65,8,1024,Standard,128,Medium,6,Medium,49116,120,1080,2400,409,Ultra HD,3,1,64,16,80,192,android,FALSE,0
google,Google Pixel 5A,Mid-range,32999,78,TRUE,TRUE,FALSE,Snapdragon 765G,snapdragon,8,2,19,4620,83160,728,Medium,TRUE,18,6,768,Standard,128,Medium,6,Medium,24906,60,1080,2400,415,Ultra HD,2,1,16,8,24,32,android,FALSE,0
samsung,Samsung Galaxy F12,Budget,10499,73,FALSE,FALSE,FALSE,Exynos 850,exynos,8,2,16,6000,90000,923,Large,TRUE,15,4,256,Low RAM,64,Low,6,Large,24293,90,720,1600,269,Full HD,4,1,48,8,56,192,android,TRUE,512
samsung,Samsung Galaxy F41 (6GB RAM + 128GB),Budget,19999,82,FALSE,FALSE,FALSE,Exynos 9611,exynos,8,2,18,6000,90000,937,Large,TRUE,15,6,768,Standard,128,Medium,6,Medium,24161,60,1080,2340,402,Ultra HD,3,1,64,32,96,192,android,TRUE,512
samsung,Samsung Galaxy A21s (6GB RAM + 128GB),Budget,17499,75,FALSE,FALSE,FALSE,Exynos 850,exynos,8,2,16,5000,-5000,769,Large,FALSE,-1,6,768,Standard,128,Medium,6,Large,16195,60,720,1600,269,Full HD,4,1,48,13,61,192,android,TRUE,512
xiaomi,Xiaomi Redmi 9A (6GB RAM + 128GB),Budget,10990,69,FALSE,FALSE,FALSE,Helio G25,helio,8,2,16,5000,-5000,765,Large,FALSE,-1,6,768,Standard,128,Medium,6,Large,16121,60,720,1600,268,Full HD,1,1,13,5,18,13,android,TRUE,512
vivo,Vivo V20 SE,Budget,19000,82,FALSE,FALSE,FALSE,Snapdragon  665,snapdragon,8,2,16,4100,135300,636,Medium,TRUE,33,8,1024,Standard,128,Medium,6,Medium,24519,60,1080,2400,408,Ultra HD,3,1,48,32,80,144,android,TRUE,256
oppo,OPPO A53 2020 (6GB RAM + 128GB),Budget,13990,70,FALSE,FALSE,FALSE,Snapdragon 460,snapdragon,8,1,14,5000,90000,769,Large,TRUE,18,6,768,Standard,128,Medium,6,Large,24293,90,1600,720,269,HD,3,1,13,16,29,39,android,TRUE,256
realme,Realme Narzo 20,Budget,10499,72,FALSE,FALSE,FALSE,Helio G85,helio,8,2,16,6000,108000,923,Large,TRUE,18,4,256,Low RAM,64,Low,6,Large,16195,60,720,1600,269,Full HD,3,1,48,8,56,144,android,TRUE,256
itel,itel Vision 1 (3GB RAM + 32GB),Budget,5890,61,FALSE,FALSE,FALSE,Unisoc  A55,unisoc,8,1,12,4000,-4000,656,Medium,FALSE,-1,3,96,Low RAM,32,Low,6,Medium,16570,60,1520,720,276,HD,2,1,8,5,13,16,android,TRUE,128
realme,Realme C11,Budget,6490,61,FALSE,FALSE,FALSE,Helio G35,helio,8,2,18,5000,-5000,769,Large,FALSE,-1,2,64,Low RAM,32,Low,6,Large,16195,60,720,1600,269,Full HD,2,1,13,5,18,26,android,TRUE,256
xiaomi,Xiaomi Mi 10 5G (8GB RAM + 256GB),Premium,54999,88,TRUE,TRUE,TRUE,Snapdragon  865,snapdragon,8,2,22,4780,143400,716,Medium,TRUE,30,8,2048,Standard,256,High,6,Large,34774,90,1080,2340,386,Ultra HD,4,1,108,20,128,432,android,FALSE,0
vivo,Vivo Y21 (2020),Budget,9990,65,FALSE,FALSE,FALSE,Snapdragon 450,snapdragon,8,1,14,5000,-5000,769,Large,FALSE,-1,4,256,Low RAM,64,Low,6,Large,15725,60,720,1544,262,Full HD,2,1,13,13,26,26,android,TRUE,256
oneplus,OnePlus Z,Mid-range,24999,79,FALSE,FALSE,FALSE,Snapdragon 765G,snapdragon,8,2,19,4300,129000,656,Medium,TRUE,30,8,1024,Standard,128,Medium,6,Large,36162,90,1080,2400,401,Ultra HD,3,1,64,16,80,192,android,FALSE,0
sharp,Sharp Aquos R5G,Premium,59990,88,FALSE,TRUE,FALSE,Snapdragon 865,snapdragon,8,2,22,3730,0,573,Small,TRUE,0,12,3072,High RAM,256,High,6,Large,32122,60,1440,3168,535,Ultra HD,3,1,48,16,64,144,android,TRUE,1024
huawei,Huawei Mate 30 RS Porsche Design,Premium,214990,82,TRUE,TRUE,TRUE,Kirin  990,kirin,8,2,22,4500,0,689,Medium,TRUE,0,12,6144,High RAM,512,High,6,Large,24557,60,1176,2400,409,Ultra HD,4,2,40,32,72,160,android,TRUE,256
samsung,Samsung Galaxy A11,Budget,9990,63,FALSE,FALSE,FALSE,snapdragon,snapdragon,8,1,14,4000,60000,625,Medium,TRUE,15,2,64,Low RAM,32,Low,6,Medium,16107,60,720,1560,268,Full HD,3,1,13,8,21,39,android,TRUE,512
realme,Realme C2,Budget,6999,78,FALSE,FALSE,FALSE,Helio P22,helio,8,2,16,4000,-4000,655,Medium,FALSE,-1,2,32,Low RAM,16,Low,6,Medium,16899,60,1560,720,281,HD,2,1,13,5,18,26,android,TRUE,256
huawei,Huawei Mate X,Premium,169000,82,TRUE,TRUE,TRUE,Kirin  990,kirin,8,2,22,4500,247500,562,Medium,TRUE,55,8,4096,Standard,512,High,8,Large,24863,60,2200,2480,414,Ultra HD,4,1,48,16,64,192,android,FALSE,0
samsung,Samsung Galaxy A9 Pro (2019),Mid-range,39990,78,FALSE,TRUE,FALSE,Snapdragon 710,snapdragon,8,2,17,3400,0,531,Small,TRUE,0,6,768,Standard,128,Medium,6,Medium,24161,60,1080,2340,402,Ultra HD,3,1,24,24,48,72,android,TRUE,512
samsung,Samsung Galaxy A7 (2018),Mid-range,21490,70,FALSE,FALSE,FALSE,Exynos 7885,exynos,8,2,17,3300,-3300,550,Small,FALSE,-1,4,256,Low RAM,64,Low,6,Medium,24687,60,2220,1080,411,Full HD,3,1,24,24,48,72,android,TRUE,512
vivo,Vivo Y55S,Budget,13490,79,FALSE,FALSE,FALSE,Snapdragon 425,snapdragon,4,1,4,2730,-2730,525,Small,FALSE,-1,3,48,Low RAM,16,Low,5,Compact,16945,60,720,1280,282,Full HD,1,1,13,5,18,13,android,TRUE,256
poco,Poco C55,Budget,7999,70,FALSE,FALSE,FALSE,Helio  G85,helio,8,2,16,5000,-5000,745,Large,FALSE,-1,4,256,Low RAM,64,Low,6,Large,16097,60,720,1650,268,Full HD,2,1,50,5,55,100,android,TRUE,512
blackview,Blackview BV5200 Pro,Budget,8990,67,TRUE,TRUE,FALSE,Helio G35,helio,8,2,18,5180,51800,849,Large,TRUE,10,4,256,Low RAM,64,Low,6,Medium,16899,60,720,1560,281,Full HD,2,1,13,8,21,26,android,TRUE,256
honor,Honor X7a,Budget,13999,75,FALSE,FALSE,FALSE,Helio G37,helio,8,2,18,5000,110000,740,Large,TRUE,22,6,768,Standard,128,Medium,6,Large,23393,90,720,1600,259,Full HD,4,1,50,8,58,200,android,TRUE,256
oppo,OPPO A58x,Budget,13990,72,TRUE,FALSE,FALSE,Dimensity 700 5G,dimensity,8,2,17,5000,50000,762,Large,TRUE,10,6,768,Standard,128,Medium,6,Large,24221,90,720,1612,269,Full HD,2,1,13,8,21,26,android,TRUE,1024
doogee,Doogee S99,Budget,14999,84,FALSE,TRUE,FALSE,Helio G96,helio,8,2,16,6000,198000,952,Large,TRUE,33,8,1024,Standard,128,Medium,6,Medium,24544,60,1080,2340,409,Ultra HD,3,1,108,32,140,324,android,TRUE,1024
lava,Lava X3,Budget,6999,73,FALSE,FALSE,FALSE,Helio A22,helio,4,2,8,4000,-4000,615,Medium,FALSE,-1,3,96,Low RAM,32,Low,6,Large,16195,60,1600,720,269,HD,2,1,8,5,13,16,android,TRUE,512
motorola,Motorola Edge 40 Fusion,Premium,42990,87,TRUE,TRUE,FALSE,Snapdragon 8+ Gen1,snapdragon,8,3,25,4500,306000,674,Medium,TRUE,68,8,1024,Standard,128,Medium,6,Large,56818,144,1080,2400,394,Ultra HD,3,1,50,32,82,150,android,FALSE,0
ikall,iKall Z18,Budget,6799,61,FALSE,FALSE,FALSE,snapdragon,snapdragon,4,1,5,5000,-5000,733,Large,FALSE,-1,4,256,Low RAM,64,Low,6,Large,15115,60,720,1560,251,Full HD,1,1,20,13,33,20,android,TRUE,64
oukitel,Oukitel WP9,Mid-range,25899,72,FALSE,TRUE,FALSE,Helio P60,helio,8,2,16,8000,-8000,1365,Large,FALSE,-1,6,768,Standard,128,Medium,5,Compact,17220,60,720,1520,287,Full HD,3,1,16,8,24,48,android,TRUE,256
xiaomi,Xiaomi 14,Premium,54999,89,TRUE,TRUE,TRUE,Snapdragon 8 Gen2,snapdragon,8,3,25,5000,335000,777,Large,TRUE,67,12,3072,High RAM,256,High,6,Medium,65488,120,1440,3200,545,Ultra HD,3,1,50,32,82,150,android,FALSE,0
motorola,Motorola ThinkPhone,Premium,49990,89,TRUE,TRUE,FALSE,Snapdragon 8+ Gen1,snapdragon,8,3,25,5000,340000,757,Large,TRUE,68,8,1024,Standard,128,Medium,6,Large,57421,144,1080,2400,398,Ultra HD,3,2,50,32,82,150,android,FALSE,0
xiaomi,Xiaomi Civi 3,Mid-range,32990,86,TRUE,TRUE,TRUE,Dimensity 8200,dimensity,8,3,24,5000,400000,746,Large,TRUE,80,8,2048,Standard,256,High,6,Large,47136,120,1080,2400,392,Ultra HD,3,2,64,32,96,192,android,FALSE,0
realme,Realme Narzo 50i Prime (4GB RAM + 64GB),Budget,8720,64,FALSE,FALSE,FALSE,Tiger T612,tiger,8,1,14,5000,50000,769,Large,TRUE,10,4,256,Low RAM,64,Low,6,Large,16195,60,720,1600,269,Full HD,1,1,8,5,13,8,android,TRUE,1024
oppo,Oppo Find X6,Premium,69990,89,TRUE,TRUE,FALSE,Snapdragon 8 Gen2,snapdragon,8,3,25,4700,564000,698,Medium,TRUE,120,8,2048,Standard,256,High,6,Large,46926,120,1080,2400,391,Ultra HD,3,1,50,32,82,150,android,FALSE,0
itel,itel A23s,Budget,4787,61,FALSE,FALSE,FALSE,Spreadtrum  SC9832E,spreadtrum,4,1,5,3020,-3020,604,Small,FALSE,-1,2,64,Low RAM,32,Low,5,Compact,11755,60,854,480,195,HD,1,1,2,16,18,2,android,FALSE,0
google,Google Pixel 8 Pro,Premium,70990,80,TRUE,TRUE,FALSE,Google  Tensor 3,google,8,2,18,5000,335000,742,Large,TRUE,67,12,3072,High RAM,256,High,6,Large,61270,120,1440,3120,510,Ultra HD,3,1,50,12,62,150,android,FALSE,0
vivo,Vivo X Fold 2,Premium,119990,79,TRUE,TRUE,FALSE,Snapdragon 8 Gen2,snapdragon,8,3,25,4800,316800,597,Medium,TRUE,66,12,3072,High RAM,256,High,8,Large,43148,120,1916,2160,359,Ultra HD,3,1,50,32,82,150,android,FALSE,0
motorola,Motorola Moto Edge S30 Pro,Mid-range,34990,83,TRUE,FALSE,FALSE,Snapdragon 8 Gen1,snapdragon,8,3,24,5000,340000,749,Large,TRUE,68,8,1024,Standard,128,Medium,6,Large,48335,120,1080,2460,402,Ultra HD,3,1,64,16,80,192,android,FALSE,0
honor,Honor X8 5G,Budget,14990,75,TRUE,FALSE,FALSE,Snapdragon  480+,snapdragon,8,2,17,5000,110000,769,Large,TRUE,22,6,768,Standard,128,Medium,6,Large,16195,60,720,1600,269,Full HD,3,1,48,8,56,144,android,TRUE,1024
poco,POCO X4 GT 5G (8GB RAM + 256GB),Mid-range,28990,85,TRUE,TRUE,TRUE,Dimensity 8100,dimensity,8,2,22,5080,340360,769,Large,TRUE,67,8,2048,Standard,256,High,6,Large,58617,144,1080,2460,407,Ultra HD,3,1,64,16,80,192,android,FALSE,0
motorola,Motorola Moto G91 5G,Budget,19990,80,TRUE,TRUE,FALSE,Snapdragon 695,snapdragon,8,2,17,5000,0,735,Large,TRUE,0,6,768,Standard,128,Medium,6,Large,23221,60,1080,2400,387,Ultra HD,3,1,108,32,140,324,android,TRUE,1024
samsung,Samsung Galaxy M52s 5G,Mid-range,24990,74,TRUE,FALSE,FALSE,snapdragon,snapdragon,8,2,18,5000,0,769,Large,TRUE,0,8,1024,Standard,128,Medium,6,Large,24293,60,1080,2400,404,Ultra HD,3,1,64,32,96,192,android,TRUE,1024
